order_details_id,order_id,pizza_id,quantity,order_date,order_time,unit_price,total_price,pizza_size,pizza_category,pizza_ingredients,pizza_name
1,1,hawaiian_m,1,01-01-15,11:38:36,13.25,13.25,M,Classic,"Sliced Ham, Pineapple, Mozzarella Cheese",The Hawaiian Pizza
2,2,classic_dlx_m,1,01-01-15,11:57:40,16,16,M,Classic,"Pepperoni, Mushrooms, Red Onions, Red Peppers, Bacon",The Classic Deluxe Pizza
3,2,five_cheese_l,1,01-01-15,11:57:40,18.5,18.5,L,Veggie,"Mozzarella Cheese, Provolone Cheese, Smoked Gouda Cheese, Romano Cheese, Blue Cheese, Garlic",The Five Cheese Pizza
4,2,ital_supr_l,1,01-01-15,11:57:40,20.75,20.75,L,Supreme,"Calabrese Salami, Capocollo, Tomatoes, Red Onions, Green Olives, Garlic",The Italian Supreme Pizza
5,2,mexicana_m,1,01-01-15,11:57:40,16,16,M,Veggie,"Tomatoes, Red Peppers, Jalapeno Peppers, Red Onions, Cilantro, Corn, Chipotle Sauce, Garlic",The Mexicana Pizza
6,2,thai_ckn_l,1,01-01-15,11:57:40,20.75,20.75,L,Chicken,"Chicken, Pineapple, Tomatoes, Red Peppers, Thai Sweet Chilli Sauce",The Thai Chicken Pizza
7,3,ital_supr_m,1,01-01-15,12:12:28,16.5,16.5,M,Supreme,"Calabrese Salami, Capocollo, Tomatoes, Red Onions, Green Olives, Garlic",The Italian Supreme Pizza
8,3,prsc_argla_l,1,01-01-15,12:12:28,20.75,20.75,L,Supreme,"Prosciutto di San Daniele, Arugula, Mozzarella Cheese",The Prosciutto and Arugula Pizza
9,4,ital_supr_m,1,01-01-15,12:16:31,16.5,16.5,M,Supreme,"Calabrese Salami, Capocollo, Tomatoes, Red Onions, Green Olives, Garlic",The Italian Supreme Pizza
10,5,ital_supr_m,1,01-01-15,12:21:30,16.5,16.5,M,Supreme,"Calabrese Salami, Capocollo, Tomatoes, Red Onions, Green Olives, Garlic",The Italian Supreme Pizza
11,6,bbq_ckn_s,1,01-01-15,12:29:36,12.75,12.75,S,Chicken,"Barbecued Chicken, Red Peppers, Green Peppers, Tomatoes, Red Onions, Barbecue Sauce",The Barbecue Chicken Pizza
12,6,the_greek_s,1,01-01-15,12:29:36,12,12,S,Classic,"Kalamata Olives, Feta Cheese, Tomatoes, Garlic, Beef Chuck Roast, Red Onions",The Greek Pizza
13,7,spinach_supr_s,1,01-01-15,12:50:37,12.5,12.5,S,Supreme,"Spinach, Red Onions, Pepperoni, Tomatoes, Artichokes, Kalamata Olives, Garlic, Asiago Cheese",The Spinach Supreme Pizza
14,8,spinach_supr_s,1,01-01-15,12:51:37,12.5,12.5,S,Supreme,"Spinach, Red Onions, Pepperoni, Tomatoes, Artichokes, Kalamata Olives, Garlic, Asiago Cheese",The Spinach Supreme Pizza
15,9,classic_dlx_s,1,01-01-15,12:52:01,12,12,S,Classic,"Pepperoni, Mushrooms, Red Onions, Red Peppers, Bacon",The Classic Deluxe Pizza
16,9,green_garden_s,1,01-01-15,12:52:01,12,12,S,Veggie,"Spinach, Mushrooms, Tomatoes, Green Olives, Feta Cheese",The Green Garden Pizza
17,9,ital_cpcllo_l,1,01-01-15,12:52:01,20.5,20.5,L,Classic,"Capocollo, Red Peppers, Tomatoes, Goat Cheese, Garlic, Oregano",The Italian Capocollo Pizza
18,9,ital_supr_l,1,01-01-15,12:52:01,20.75,20.75,L,Supreme,"Calabrese Salami, Capocollo, Tomatoes, Red Onions, Green Olives, Garlic",The Italian Supreme Pizza
19,9,ital_supr_s,1,01-01-15,12:52:01,12.5,12.5,S,Supreme,"Calabrese Salami, Capocollo, Tomatoes, Red Onions, Green Olives, Garlic",The Italian Supreme Pizza
20,9,mexicana_s,1,01-01-15,12:52:01,12,12,S,Veggie,"Tomatoes, Red Peppers, Jalapeno Peppers, Red Onions, Cilantro, Corn, Chipotle Sauce, Garlic",The Mexicana Pizza
21,9,spicy_ital_l,1,01-01-15,12:52:01,20.75,20.75,L,Supreme,"Capocollo, Tomatoes, Goat Cheese, Artichokes, Peperoncini verdi, Garlic",The Spicy Italian Pizza
22,9,spin_pesto_l,1,01-01-15,12:52:01,20.75,20.75,L,Veggie,"Spinach, Artichokes, Tomatoes, Sun-dried Tomatoes, Garlic, Pesto Sauce",The Spinach Pesto Pizza
23,9,veggie_veg_s,1,01-01-15,12:52:01,12,12,S,Veggie,"Mushrooms, Tomatoes, Red Peppers, Green Peppers, Red Onions, Zucchini, Spinach, Garlic",The Vegetables + Vegetables Pizza
24,10,mexicana_l,1,01-01-15,13:00:15,20.25,20.25,L,Veggie,"Tomatoes, Red Peppers, Jalapeno Peppers, Red Onions, Cilantro, Corn, Chipotle Sauce, Garlic",The Mexicana Pizza
25,10,southw_ckn_l,1,01-01-15,13:00:15,20.75,20.75,L,Chicken,"Chicken, Tomatoes, Red Peppers, Red Onions, Jalapeno Peppers, Corn, Cilantro, Chipotle Sauce",The Southwest Chicken Pizza
26,11,bbq_ckn_l,1,01-01-15,13:02:59,20.75,20.75,L,Chicken,"Barbecued Chicken, Red Peppers, Green Peppers, Tomatoes, Red Onions, Barbecue Sauce",The Barbecue Chicken Pizza
27,11,cali_ckn_l,1,01-01-15,13:02:59,20.75,20.75,L,Chicken,"Chicken, Artichoke, Spinach, Garlic, Jalapeno Peppers, Fontina Cheese, Gouda Cheese",The California Chicken Pizza
28,11,cali_ckn_m,1,01-01-15,13:02:59,16.75,16.75,M,Chicken,"Chicken, Artichoke, Spinach, Garlic, Jalapeno Peppers, Fontina Cheese, Gouda Cheese",The California Chicken Pizza
29,11,pepperoni_l,1,01-01-15,13:02:59,15.25,15.25,L,Classic,"Mozzarella Cheese, Pepperoni",The Pepperoni Pizza
30,12,cali_ckn_l,1,01-01-15,13:04:41,20.75,20.75,L,Chicken,"Chicken, Artichoke, Spinach, Garlic, Jalapeno Peppers, Fontina Cheese, Gouda Cheese",The California Chicken Pizza
31,12,cali_ckn_s,1,01-01-15,13:04:41,12.75,12.75,S,Chicken,"Chicken, Artichoke, Spinach, Garlic, Jalapeno Peppers, Fontina Cheese, Gouda Cheese",The California Chicken Pizza
32,12,ckn_pesto_l,1,01-01-15,13:04:41,20.75,20.75,L,Chicken,"Chicken, Tomatoes, Red Peppers, Spinach, Garlic, Pesto Sauce",The Chicken Pesto Pizza
33,12,ital_supr_m,1,01-01-15,13:04:41,16.5,16.5,M,Supreme,"Calabrese Salami, Capocollo, Tomatoes, Red Onions, Green Olives, Garlic",The Italian Supreme Pizza
34,13,mexicana_l,1,01-01-15,13:11:55,20.25,20.25,L,Veggie,"Tomatoes, Red Peppers, Jalapeno Peppers, Red Onions, Cilantro, Corn, Chipotle Sauce, Garlic",The Mexicana Pizza
35,14,the_greek_s,1,01-01-15,13:14:19,12,12,S,Classic,"Kalamata Olives, Feta Cheese, Tomatoes, Garlic, Beef Chuck Roast, Red Onions",The Greek Pizza
36,15,big_meat_s,1,01-01-15,13:33:00,12,12,S,Classic,"Bacon, Pepperoni, Italian Sausage, Chorizo Sausage",The Big Meat Pizza
37,15,five_cheese_l,1,01-01-15,13:33:00,18.5,18.5,L,Veggie,"Mozzarella Cheese, Provolone Cheese, Smoked Gouda Cheese, Romano Cheese, Blue Cheese, Garlic",The Five Cheese Pizza
38,15,soppressata_l,1,01-01-15,13:33:00,20.75,20.75,L,Supreme,"Soppressata Salami, Fontina Cheese, Mozzarella Cheese, Mushrooms, Garlic",The Soppressata Pizza
39,15,the_greek_s,1,01-01-15,13:33:00,12,12,S,Classic,"Kalamata Olives, Feta Cheese, Tomatoes, Garlic, Beef Chuck Roast, Red Onions",The Greek Pizza
40,16,four_cheese_l,1,01-01-15,13:34:07,17.95,17.95,L,Veggie,"Ricotta Cheese, Gorgonzola Piccante Cheese, Mozzarella Cheese, Parmigiano Reggiano Cheese, Garlic",The Four Cheese Pizza
41,16,napolitana_s,1,01-01-15,13:34:07,12,12,S,Classic,"Tomatoes, Anchovies, Green Olives, Red Onions, Garlic",The Napolitana Pizza
42,16,thai_ckn_l,1,01-01-15,13:34:07,20.75,20.75,L,Chicken,"Chicken, Pineapple, Tomatoes, Red Peppers, Thai Sweet Chilli Sauce",The Thai Chicken Pizza
43,17,bbq_ckn_l,1,01-01-15,13:53:00,20.75,20.75,L,Chicken,"Barbecued Chicken, Red Peppers, Green Peppers, Tomatoes, Red Onions, Barbecue Sauce",The Barbecue Chicken Pizza
44,17,calabrese_m,1,01-01-15,13:53:00,16.25,16.25,M,Supreme,"æ…›duja Salami, Pancetta, Tomatoes, Red Onions, Friggitello Peppers, Garlic",The Calabrese Pizza
45,17,five_cheese_l,1,01-01-15,13:53:00,18.5,18.5,L,Veggie,"Mozzarella Cheese, Provolone Cheese, Smoked Gouda Cheese, Romano Cheese, Blue Cheese, Garlic",The Five Cheese Pizza
46,17,four_cheese_m,1,01-01-15,13:53:00,14.75,14.75,M,Veggie,"Ricotta Cheese, Gorgonzola Piccante Cheese, Mozzarella Cheese, Parmigiano Reggiano Cheese, Garlic",The Four Cheese Pizza
47,17,ital_supr_m,1,01-01-15,13:53:00,16.5,16.5,M,Supreme,"Calabrese Salami, Capocollo, Tomatoes, Red Onions, Green Olives, Garlic",The Italian Supreme Pizza
48,17,ital_veggie_s,1,01-01-15,13:53:00,12.75,12.75,S,Veggie,"Eggplant, Artichokes, Tomatoes, Zucchini, Red Peppers, Garlic, Pesto Sauce",The Italian Vegetables Pizza
49,17,mediterraneo_m,2,01-01-15,13:53:00,16,32,M,Veggie,"Spinach, Artichokes, Kalamata Olives, Sun-dried Tomatoes, Feta Cheese, Plum Tomatoes, Red Onions",The Mediterranean Pizza
50,17,mexicana_l,1,01-01-15,13:53:00,20.25,20.25,L,Veggie,"Tomatoes, Red Peppers, Jalapeno Peppers, Red Onions, Cilantro, Corn, Chipotle Sauce, Garlic",The Mexicana Pizza
51,17,peppr_salami_s,1,01-01-15,13:53:00,12.5,12.5,S,Supreme,"Genoa Salami, Capocollo, Pepperoni, Tomatoes, Asiago Cheese, Garlic",The Pepper Salami Pizza
52,17,spinach_fet_l,1,01-01-15,13:53:00,20.25,20.25,L,Veggie,"Spinach, Mushrooms, Red Onions, Feta Cheese, Garlic",The Spinach and Feta Pizza
53,18,napolitana_l,1,01-01-15,13:57:08,20.5,20.5,L,Classic,"Tomatoes, Anchovies, Green Olives, Red Onions, Garlic",The Napolitana Pizza
54,19,ital_cpcllo_l,1,01-01-15,13:59:09,20.5,20.5,L,Classic,"Capocollo, Red Peppers, Tomatoes, Goat Cheese, Garlic, Oregano",The Italian Capocollo Pizza
55,19,sicilian_l,1,01-01-15,13:59:09,20.25,20.25,L,Supreme,"Coarse Sicilian Salami, Tomatoes, Green Olives, Luganega Sausage, Onions, Garlic",The Sicilian Pizza
56,20,big_meat_s,1,01-01-15,14:03:08,12,12,S,Classic,"Bacon, Pepperoni, Italian Sausage, Chorizo Sausage",The Big Meat Pizza
57,20,five_cheese_l,1,01-01-15,14:03:08,18.5,18.5,L,Veggie,"Mozzarella Cheese, Provolone Cheese, Smoked Gouda Cheese, Romano Cheese, Blue Cheese, Garlic",The Five Cheese Pizza
58,21,ital_cpcllo_l,1,01-01-15,14:14:29,20.5,20.5,L,Classic,"Capocollo, Red Peppers, Tomatoes, Goat Cheese, Garlic, Oregano",The Italian Capocollo Pizza
59,22,five_cheese_l,1,01-01-15,14:16:26,18.5,18.5,L,Veggie,"Mozzarella Cheese, Provolone Cheese, Smoked Gouda Cheese, Romano Cheese, Blue Cheese, Garlic",The Five Cheese Pizza
60,22,ital_cpcllo_m,1,01-01-15,14:16:26,16,16,M,Classic,"Capocollo, Red Peppers, Tomatoes, Goat Cheese, Garlic, Oregano",The Italian Capocollo Pizza
61,22,southw_ckn_l,1,01-01-15,14:16:26,20.75,20.75,L,Chicken,"Chicken, Tomatoes, Red Peppers, Red Onions, Jalapeno Peppers, Corn, Cilantro, Chipotle Sauce",The Southwest Chicken Pizza
62,23,southw_ckn_s,1,01-01-15,14:19:03,12.75,12.75,S,Chicken,"Chicken, Tomatoes, Red Peppers, Red Onions, Jalapeno Peppers, Corn, Cilantro, Chipotle Sauce",The Southwest Chicken Pizza
63,24,bbq_ckn_m,1,01-01-15,14:23:01,16.75,16.75,M,Chicken,"Barbecued Chicken, Red Peppers, Green Peppers, Tomatoes, Red Onions, Barbecue Sauce",The Barbecue Chicken Pizza
64,24,ital_cpcllo_m,1,01-01-15,14:23:01,16,16,M,Classic,"Capocollo, Red Peppers, Tomatoes, Goat Cheese, Garlic, Oregano",The Italian Capocollo Pizza
65,24,pepperoni_m,1,01-01-15,14:23:01,12.5,12.5,M,Classic,"Mozzarella Cheese, Pepperoni",The Pepperoni Pizza
66,24,prsc_argla_s,1,01-01-15,14:23:01,12.5,12.5,S,Supreme,"Prosciutto di San Daniele, Arugula, Mozzarella Cheese",The Prosciutto and Arugula Pizza
67,25,sicilian_m,1,01-01-15,14:44:44,16.25,16.25,M,Supreme,"Coarse Sicilian Salami, Tomatoes, Green Olives, Luganega Sausage, Onions, Garlic",The Sicilian Pizza
68,25,thai_ckn_l,1,01-01-15,14:44:44,20.75,20.75,L,Chicken,"Chicken, Pineapple, Tomatoes, Red Peppers, Thai Sweet Chilli Sauce",The Thai Chicken Pizza
69,26,classic_dlx_s,1,01-01-15,14:54:26,12,12,S,Classic,"Pepperoni, Mushrooms, Red Onions, Red Peppers, Bacon",The Classic Deluxe Pizza
70,26,veggie_veg_l,1,01-01-15,14:54:26,20.25,20.25,L,Veggie,"Mushrooms, Tomatoes, Red Peppers, Green Peppers, Red Onions, Zucchini, Spinach, Garlic",The Vegetables + Vegetables Pizza
71,27,bbq_ckn_l,1,01-01-15,15:11:17,20.75,20.75,L,Chicken,"Barbecued Chicken, Red Peppers, Green Peppers, Tomatoes, Red Onions, Barbecue Sauce",The Barbecue Chicken Pizza
72,27,classic_dlx_m,1,01-01-15,15:11:17,16,16,M,Classic,"Pepperoni, Mushrooms, Red Onions, Red Peppers, Bacon",The Classic Deluxe Pizza
73,27,spinach_fet_l,1,01-01-15,15:11:17,20.25,20.25,L,Veggie,"Spinach, Mushrooms, Red Onions, Feta Cheese, Garlic",The Spinach and Feta Pizza
74,28,ckn_alfredo_s,1,01-01-15,15:35:46,12.75,12.75,S,Chicken,"Chicken, Red Onions, Red Peppers, Mushrooms, Asiago Cheese, Alfredo Sauce",The Chicken Alfredo Pizza
75,29,green_garden_s,1,01-01-15,15:41:01,12,12,S,Veggie,"Spinach, Mushrooms, Tomatoes, Green Olives, Feta Cheese",The Green Garden Pizza
76,30,thai_ckn_l,1,01-01-15,15:41:25,20.75,20.75,L,Chicken,"Chicken, Pineapple, Tomatoes, Red Peppers, Thai Sweet Chilli Sauce",The Thai Chicken Pizza
77,31,mexicana_m,1,01-01-15,15:50:18,16,16,M,Veggie,"Tomatoes, Red Peppers, Jalapeno Peppers, Red Onions, Cilantro, Corn, Chipotle Sauce, Garlic",The Mexicana Pizza
78,31,pepperoni_s,1,01-01-15,15:50:18,9.75,9.75,S,Classic,"Mozzarella Cheese, Pepperoni",The Pepperoni Pizza
79,32,big_meat_s,1,01-01-15,15:53:18,12,12,S,Classic,"Bacon, Pepperoni, Italian Sausage, Chorizo Sausage",The Big Meat Pizza
80,32,green_garden_l,1,01-01-15,15:53:18,20.25,20.25,L,Veggie,"Spinach, Mushrooms, Tomatoes, Green Olives, Feta Cheese",The Green Garden Pizza
81,32,ital_cpcllo_l,1,01-01-15,15:53:18,20.5,20.5,L,Classic,"Capocollo, Red Peppers, Tomatoes, Goat Cheese, Garlic, Oregano",The Italian Capocollo Pizza
82,32,ital_supr_m,1,01-01-15,15:53:18,16.5,16.5,M,Supreme,"Calabrese Salami, Capocollo, Tomatoes, Red Onions, Green Olives, Garlic",The Italian Supreme Pizza
83,33,bbq_ckn_l,1,01-01-15,15:54:08,20.75,20.75,L,Chicken,"Barbecued Chicken, Red Peppers, Green Peppers, Tomatoes, Red Onions, Barbecue Sauce",The Barbecue Chicken Pizza
84,33,green_garden_s,1,01-01-15,15:54:08,12,12,S,Veggie,"Spinach, Mushrooms, Tomatoes, Green Olives, Feta Cheese",The Green Garden Pizza
85,34,the_greek_s,1,01-01-15,16:21:21,12,12,S,Classic,"Kalamata Olives, Feta Cheese, Tomatoes, Garlic, Beef Chuck Roast, Red Onions",The Greek Pizza
86,35,green_garden_m,1,01-01-15,16:32:04,16,16,M,Veggie,"Spinach, Mushrooms, Tomatoes, Green Olives, Feta Cheese",The Green Garden Pizza
87,35,pep_msh_pep_l,1,01-01-15,16:32:04,17.5,17.5,L,Classic,"Pepperoni, Mushrooms, Green Peppers","The Pepperoni, Mushroom, and Peppers Pizza"
88,35,pepperoni_m,1,01-01-15,16:32:04,12.5,12.5,M,Classic,"Mozzarella Cheese, Pepperoni",The Pepperoni Pizza
89,35,thai_ckn_l,1,01-01-15,16:32:04,20.75,20.75,L,Chicken,"Chicken, Pineapple, Tomatoes, Red Peppers, Thai Sweet Chilli Sauce",The Thai Chicken Pizza
90,36,bbq_ckn_m,1,01-01-15,16:54:09,16.75,16.75,M,Chicken,"Barbecued Chicken, Red Peppers, Green Peppers, Tomatoes, Red Onions, Barbecue Sauce",The Barbecue Chicken Pizza
91,36,classic_dlx_m,1,01-01-15,16:54:09,16,16,M,Classic,"Pepperoni, Mushrooms, Red Onions, Red Peppers, Bacon",The Classic Deluxe Pizza
92,37,ital_supr_l,1,01-01-15,16:56:09,20.75,20.75,L,Supreme,"Calabrese Salami, Capocollo, Tomatoes, Red Onions, Green Olives, Garlic",The Italian Supreme Pizza
93,37,mexicana_l,1,01-01-15,16:56:09,20.25,20.25,L,Veggie,"Tomatoes, Red Peppers, Jalapeno Peppers, Red Onions, Cilantro, Corn, Chipotle Sauce, Garlic",The Mexicana Pizza
94,38,hawaiian_s,1,01-01-15,17:03:00,10.5,10.5,S,Classic,"Sliced Ham, Pineapple, Mozzarella Cheese",The Hawaiian Pizza
95,38,ital_cpcllo_l,1,01-01-15,17:03:00,20.5,20.5,L,Classic,"Capocollo, Red Peppers, Tomatoes, Goat Cheese, Garlic, Oregano",The Italian Capocollo Pizza
96,39,ital_supr_l,1,01-01-15,17:07:23,20.75,20.75,L,Supreme,"Calabrese Salami, Capocollo, Tomatoes, Red Onions, Green Olives, Garlic",The Italian Supreme Pizza
97,40,four_cheese_l,1,01-01-15,17:14:36,17.95,17.95,L,Veggie,"Ricotta Cheese, Gorgonzola Piccante Cheese, Mozzarella Cheese, Parmigiano Reggiano Cheese, Garlic",The Four Cheese Pizza
98,40,southw_ckn_s,1,01-01-15,17:14:36,12.75,12.75,S,Chicken,"Chicken, Tomatoes, Red Peppers, Red Onions, Jalapeno Peppers, Corn, Cilantro, Chipotle Sauce",The Southwest Chicken Pizza
99,41,four_cheese_m,1,01-01-15,17:15:20,14.75,14.75,M,Veggie,"Ricotta Cheese, Gorgonzola Piccante Cheese, Mozzarella Cheese, Parmigiano Reggiano Cheese, Garlic",The Four Cheese Pizza
100,41,green_garden_s,1,01-01-15,17:15:20,12,12,S,Veggie,"Spinach, Mushrooms, Tomatoes, Green Olives, Feta Cheese",The Green Garden Pizza
101,42,big_meat_s,1,01-01-15,17:28:09,12,12,S,Classic,"Bacon, Pepperoni, Italian Sausage, Chorizo Sausage",The Big Meat Pizza
102,42,five_cheese_l,1,01-01-15,17:28:09,18.5,18.5,L,Veggie,"Mozzarella Cheese, Provolone Cheese, Smoked Gouda Cheese, Romano Cheese, Blue Cheese, Garlic",The Five Cheese Pizza
103,42,mexicana_l,1,01-01-15,17:28:09,20.25,20.25,L,Veggie,"Tomatoes, Red Peppers, Jalapeno Peppers, Red Onions, Cilantro, Corn, Chipotle Sauce, Garlic",The Mexicana Pizza
104,42,peppr_salami_m,1,01-01-15,17:28:09,16.5,16.5,M,Supreme,"Genoa Salami, Capocollo, Pepperoni, Tomatoes, Asiago Cheese, Garlic",The Pepper Salami Pizza
105,43,ckn_alfredo_m,1,01-01-15,17:38:34,16.75,16.75,M,Chicken,"Chicken, Red Onions, Red Peppers, Mushrooms, Asiago Cheese, Alfredo Sauce",The Chicken Alfredo Pizza
106,43,ital_supr_m,1,01-01-15,17:38:34,16.5,16.5,M,Supreme,"Calabrese Salami, Capocollo, Tomatoes, Red Onions, Green Olives, Garlic",The Italian Supreme Pizza
107,43,peppr_salami_l,1,01-01-15,17:38:34,20.75,20.75,L,Supreme,"Genoa Salami, Capocollo, Pepperoni, Tomatoes, Asiago Cheese, Garlic",The Pepper Salami Pizza
108,44,spin_pesto_s,1,01-01-15,17:54:20,12.5,12.5,S,Veggie,"Spinach, Artichokes, Tomatoes, Sun-dried Tomatoes, Garlic, Pesto Sauce",The Spinach Pesto Pizza
109,45,four_cheese_l,1,01-01-15,17:55:48,17.95,17.95,L,Veggie,"Ricotta Cheese, Gorgonzola Piccante Cheese, Mozzarella Cheese, Parmigiano Reggiano Cheese, Garlic",The Four Cheese Pizza
110,45,hawaiian_s,1,01-01-15,17:55:48,10.5,10.5,S,Classic,"Sliced Ham, Pineapple, Mozzarella Cheese",The Hawaiian Pizza
111,45,thai_ckn_m,1,01-01-15,17:55:48,16.75,16.75,M,Chicken,"Chicken, Pineapple, Tomatoes, Red Peppers, Thai Sweet Chilli Sauce",The Thai Chicken Pizza
112,46,ckn_pesto_l,1,01-01-15,18:25:51,20.75,20.75,L,Chicken,"Chicken, Tomatoes, Red Peppers, Spinach, Garlic, Pesto Sauce",The Chicken Pesto Pizza
113,46,classic_dlx_l,1,01-01-15,18:25:51,20.5,20.5,L,Classic,"Pepperoni, Mushrooms, Red Onions, Red Peppers, Bacon",The Classic Deluxe Pizza
114,46,thai_ckn_m,1,01-01-15,18:25:51,16.75,16.75,M,Chicken,"Chicken, Pineapple, Tomatoes, Red Peppers, Thai Sweet Chilli Sauce",The Thai Chicken Pizza
115,47,southw_ckn_l,1,01-01-15,18:26:34,20.75,20.75,L,Chicken,"Chicken, Tomatoes, Red Peppers, Red Onions, Jalapeno Peppers, Corn, Cilantro, Chipotle Sauce",The Southwest Chicken Pizza
116,47,veggie_veg_s,1,01-01-15,18:26:34,12,12,S,Veggie,"Mushrooms, Tomatoes, Red Peppers, Green Peppers, Red Onions, Zucchini, Spinach, Garlic",The Vegetables + Vegetables Pizza
117,48,ckn_pesto_m,1,01-01-15,18:26:42,16.75,16.75,M,Chicken,"Chicken, Tomatoes, Red Peppers, Spinach, Garlic, Pesto Sauce",The Chicken Pesto Pizza
118,48,green_garden_s,1,01-01-15,18:26:42,12,12,S,Veggie,"Spinach, Mushrooms, Tomatoes, Green Olives, Feta Cheese",The Green Garden Pizza
119,48,prsc_argla_l,1,01-01-15,18:26:42,20.75,20.75,L,Supreme,"Prosciutto di San Daniele, Arugula, Mozzarella Cheese",The Prosciutto and Arugula Pizza
120,48,spicy_ital_l,1,01-01-15,18:26:42,20.75,20.75,L,Supreme,"Capocollo, Tomatoes, Goat Cheese, Artichokes, Peperoncini verdi, Garlic",The Spicy Italian Pizza
121,49,sicilian_l,1,01-01-15,18:33:00,20.25,20.25,L,Supreme,"Coarse Sicilian Salami, Tomatoes, Green Olives, Luganega Sausage, Onions, Garlic",The Sicilian Pizza
122,50,the_greek_xl,1,01-01-15,18:41:01,25.5,25.5,XL,Classic,"Kalamata Olives, Feta Cheese, Tomatoes, Garlic, Beef Chuck Roast, Red Onions",The Greek Pizza
123,51,bbq_ckn_l,1,01-01-15,18:48:28,20.75,20.75,L,Chicken,"Barbecued Chicken, Red Peppers, Green Peppers, Tomatoes, Red Onions, Barbecue Sauce",The Barbecue Chicken Pizza
124,51,pep_msh_pep_l,1,01-01-15,18:48:28,17.5,17.5,L,Classic,"Pepperoni, Mushrooms, Green Peppers","The Pepperoni, Mushroom, and Peppers Pizza"
125,52,hawaiian_l,1,01-01-15,18:53:02,16.5,16.5,L,Classic,"Sliced Ham, Pineapple, Mozzarella Cheese",The Hawaiian Pizza
126,52,mexicana_l,1,01-01-15,18:53:02,20.25,20.25,L,Veggie,"Tomatoes, Red Peppers, Jalapeno Peppers, Red Onions, Cilantro, Corn, Chipotle Sauce, Garlic",The Mexicana Pizza
127,52,spicy_ital_l,1,01-01-15,18:53:02,20.75,20.75,L,Supreme,"Capocollo, Tomatoes, Goat Cheese, Artichokes, Peperoncini verdi, Garlic",The Spicy Italian Pizza
128,53,pep_msh_pep_s,1,01-01-15,18:54:17,11,11,S,Classic,"Pepperoni, Mushrooms, Green Peppers","The Pepperoni, Mushroom, and Peppers Pizza"
129,53,spinach_supr_m,1,01-01-15,18:54:17,16.5,16.5,M,Supreme,"Spinach, Red Onions, Pepperoni, Tomatoes, Artichokes, Kalamata Olives, Garlic, Asiago Cheese",The Spinach Supreme Pizza
130,54,prsc_argla_m,1,01-01-15,19:01:45,16.5,16.5,M,Supreme,"Prosciutto di San Daniele, Arugula, Mozzarella Cheese",The Prosciutto and Arugula Pizza
131,54,thai_ckn_l,1,01-01-15,19:01:45,20.75,20.75,L,Chicken,"Chicken, Pineapple, Tomatoes, Red Peppers, Thai Sweet Chilli Sauce",The Thai Chicken Pizza
132,55,peppr_salami_s,1,01-01-15,19:03:19,12.5,12.5,S,Supreme,"Genoa Salami, Capocollo, Pepperoni, Tomatoes, Asiago Cheese, Garlic",The Pepper Salami Pizza
133,55,spicy_ital_l,1,01-01-15,19:03:19,20.75,20.75,L,Supreme,"Capocollo, Tomatoes, Goat Cheese, Artichokes, Peperoncini verdi, Garlic",The Spicy Italian Pizza
134,56,classic_dlx_m,1,01-01-15,19:07:00,16,16,M,Classic,"Pepperoni, Mushrooms, Red Onions, Red Peppers, Bacon",The Classic Deluxe Pizza
135,56,mediterraneo_l,1,01-01-15,19:07:00,20.25,20.25,L,Veggie,"Spinach, Artichokes, Kalamata Olives, Sun-dried Tomatoes, Feta Cheese, Plum Tomatoes, Red Onions",The Mediterranean Pizza
136,56,southw_ckn_m,1,01-01-15,19:07:00,16.75,16.75,M,Chicken,"Chicken, Tomatoes, Red Peppers, Red Onions, Jalapeno Peppers, Corn, Cilantro, Chipotle Sauce",The Southwest Chicken Pizza
137,57,classic_dlx_m,1,01-01-15,19:10:51,16,16,M,Classic,"Pepperoni, Mushrooms, Red Onions, Red Peppers, Bacon",The Classic Deluxe Pizza
138,58,five_cheese_l,1,01-01-15,19:30:40,18.5,18.5,L,Veggie,"Mozzarella Cheese, Provolone Cheese, Smoked Gouda Cheese, Romano Cheese, Blue Cheese, Garlic",The Five Cheese Pizza
139,58,pepperoni_m,1,01-01-15,19:30:40,12.5,12.5,M,Classic,"Mozzarella Cheese, Pepperoni",The Pepperoni Pizza
140,59,ital_veggie_s,1,01-01-15,19:40:08,12.75,12.75,S,Veggie,"Eggplant, Artichokes, Tomatoes, Zucchini, Red Peppers, Garlic, Pesto Sauce",The Italian Vegetables Pizza
141,59,pep_msh_pep_s,1,01-01-15,19:40:08,11,11,S,Classic,"Pepperoni, Mushrooms, Green Peppers","The Pepperoni, Mushroom, and Peppers Pizza"
142,59,pepperoni_l,1,01-01-15,19:40:08,15.25,15.25,L,Classic,"Mozzarella Cheese, Pepperoni",The Pepperoni Pizza
143,60,ckn_pesto_l,1,01-01-15,20:05:16,20.75,20.75,L,Chicken,"Chicken, Tomatoes, Red Peppers, Spinach, Garlic, Pesto Sauce",The Chicken Pesto Pizza
144,60,four_cheese_m,1,01-01-15,20:05:16,14.75,14.75,M,Veggie,"Ricotta Cheese, Gorgonzola Piccante Cheese, Mozzarella Cheese, Parmigiano Reggiano Cheese, Garlic",The Four Cheese Pizza
145,61,bbq_ckn_m,1,01-01-15,20:08:43,16.75,16.75,M,Chicken,"Barbecued Chicken, Red Peppers, Green Peppers, Tomatoes, Red Onions, Barbecue Sauce",The Barbecue Chicken Pizza
146,61,ital_supr_l,1,01-01-15,20:08:43,20.75,20.75,L,Supreme,"Calabrese Salami, Capocollo, Tomatoes, Red Onions, Green Olives, Garlic",The Italian Supreme Pizza
147,62,bbq_ckn_m,1,01-01-15,20:50:16,16.75,16.75,M,Chicken,"Barbecued Chicken, Red Peppers, Green Peppers, Tomatoes, Red Onions, Barbecue Sauce",The Barbecue Chicken Pizza
148,62,spinach_supr_m,1,01-01-15,20:50:16,16.5,16.5,M,Supreme,"Spinach, Red Onions, Pepperoni, Tomatoes, Artichokes, Kalamata Olives, Garlic, Asiago Cheese",The Spinach Supreme Pizza
149,63,pep_msh_pep_m,1,01-01-15,20:51:42,14.5,14.5,M,Classic,"Pepperoni, Mushrooms, Green Peppers","The Pepperoni, Mushroom, and Peppers Pizza"
150,64,big_meat_s,1,01-01-15,20:52:08,12,12,S,Classic,"Bacon, Pepperoni, Italian Sausage, Chorizo Sausage",The Big Meat Pizza
151,65,pep_msh_pep_s,1,01-01-15,21:16:00,11,11,S,Classic,"Pepperoni, Mushrooms, Green Peppers","The Pepperoni, Mushroom, and Peppers Pizza"
152,65,sicilian_s,1,01-01-15,21:16:00,12.25,12.25,S,Supreme,"Coarse Sicilian Salami, Tomatoes, Green Olives, Luganega Sausage, Onions, Garlic",The Sicilian Pizza
153,65,spicy_ital_s,1,01-01-15,21:16:00,12.5,12.5,S,Supreme,"Capocollo, Tomatoes, Goat Cheese, Artichokes, Peperoncini verdi, Garlic",The Spicy Italian Pizza
154,65,spinach_supr_m,1,01-01-15,21:16:00,16.5,16.5,M,Supreme,"Spinach, Red Onions, Pepperoni, Tomatoes, Artichokes, Kalamata Olives, Garlic, Asiago Cheese",The Spinach Supreme Pizza
155,66,classic_dlx_m,1,01-01-15,21:47:55,16,16,M,Classic,"Pepperoni, Mushrooms, Red Onions, Red Peppers, Bacon",The Classic Deluxe Pizza
156,66,ital_cpcllo_m,1,01-01-15,21:47:55,16,16,M,Classic,"Capocollo, Red Peppers, Tomatoes, Goat Cheese, Garlic, Oregano",The Italian Capocollo Pizza
157,67,southw_ckn_l,1,01-01-15,22:03:40,20.75,20.75,L,Chicken,"Chicken, Tomatoes, Red Peppers, Red Onions, Jalapeno Peppers, Corn, Cilantro, Chipotle Sauce",The Southwest Chicken Pizza
158,68,classic_dlx_m,1,01-01-15,22:07:32,16,16,M,Classic,"Pepperoni, Mushrooms, Red Onions, Red Peppers, Bacon",The Classic Deluxe Pizza
159,68,ital_supr_l,1,01-01-15,22:07:32,20.75,20.75,L,Supreme,"Calabrese Salami, Capocollo, Tomatoes, Red Onions, Green Olives, Garlic",The Italian Supreme Pizza
160,68,ital_supr_m,1,01-01-15,22:07:32,16.5,16.5,M,Supreme,"Calabrese Salami, Capocollo, Tomatoes, Red Onions, Green Olives, Garlic",The Italian Supreme Pizza
161,69,bbq_ckn_l,1,01-01-15,22:12:13,20.75,20.75,L,Chicken,"Barbecued Chicken, Red Peppers, Green Peppers, Tomatoes, Red Onions, Barbecue Sauce",The Barbecue Chicken Pizza
162,70,ital_veggie_s,1,01-02-15,11:38:51,12.75,12.75,S,Veggie,"Eggplant, Artichokes, Tomatoes, Zucchini, Red Peppers, Garlic, Pesto Sauce",The Italian Vegetables Pizza
163,70,soppressata_l,1,01-02-15,11:38:51,20.75,20.75,L,Supreme,"Soppressata Salami, Fontina Cheese, Mozzarella Cheese, Mushrooms, Garlic",The Soppressata Pizza
164,71,thai_ckn_l,1,01-02-15,11:40:50,20.75,20.75,L,Chicken,"Chicken, Pineapple, Tomatoes, Red Peppers, Thai Sweet Chilli Sauce",The Thai Chicken Pizza
165,72,spinach_fet_l,1,01-02-15,11:57:25,20.25,20.25,L,Veggie,"Spinach, Mushrooms, Red Onions, Feta Cheese, Garlic",The Spinach and Feta Pizza
166,73,thai_ckn_s,1,01-02-15,11:58:56,12.75,12.75,S,Chicken,"Chicken, Pineapple, Tomatoes, Red Peppers, Thai Sweet Chilli Sauce",The Thai Chicken Pizza
167,74,five_cheese_l,1,01-02-15,12:01:12,18.5,18.5,L,Veggie,"Mozzarella Cheese, Provolone Cheese, Smoked Gouda Cheese, Romano Cheese, Blue Cheese, Garlic",The Five Cheese Pizza
168,74,mexicana_l,1,01-02-15,12:01:12,20.25,20.25,L,Veggie,"Tomatoes, Red Peppers, Jalapeno Peppers, Red Onions, Cilantro, Corn, Chipotle Sauce, Garlic",The Mexicana Pizza
169,74,spin_pesto_s,1,01-02-15,12:01:12,12.5,12.5,S,Veggie,"Spinach, Artichokes, Tomatoes, Sun-dried Tomatoes, Garlic, Pesto Sauce",The Spinach Pesto Pizza
170,74,spinach_supr_l,1,01-02-15,12:01:12,20.75,20.75,L,Supreme,"Spinach, Red Onions, Pepperoni, Tomatoes, Artichokes, Kalamata Olives, Garlic, Asiago Cheese",The Spinach Supreme Pizza
171,75,ital_supr_s,1,01-02-15,12:10:15,12.5,12.5,S,Supreme,"Calabrese Salami, Capocollo, Tomatoes, Red Onions, Green Olives, Garlic",The Italian Supreme Pizza
172,75,mediterraneo_l,1,01-02-15,12:10:15,20.25,20.25,L,Veggie,"Spinach, Artichokes, Kalamata Olives, Sun-dried Tomatoes, Feta Cheese, Plum Tomatoes, Red Onions",The Mediterranean Pizza
173,75,napolitana_l,1,01-02-15,12:10:15,20.5,20.5,L,Classic,"Tomatoes, Anchovies, Green Olives, Red Onions, Garlic",The Napolitana Pizza
174,76,big_meat_s,1,01-02-15,12:21:17,12,12,S,Classic,"Bacon, Pepperoni, Italian Sausage, Chorizo Sausage",The Big Meat Pizza
175,76,hawaiian_l,1,01-02-15,12:21:17,16.5,16.5,L,Classic,"Sliced Ham, Pineapple, Mozzarella Cheese",The Hawaiian Pizza
176,76,ital_veggie_l,1,01-02-15,12:21:17,21,21,L,Veggie,"Eggplant, Artichokes, Tomatoes, Zucchini, Red Peppers, Garlic, Pesto Sauce",The Italian Vegetables Pizza
177,76,spicy_ital_l,1,01-02-15,12:21:17,20.75,20.75,L,Supreme,"Capocollo, Tomatoes, Goat Cheese, Artichokes, Peperoncini verdi, Garlic",The Spicy Italian Pizza
178,77,bbq_ckn_m,1,01-02-15,12:22:46,16.75,16.75,M,Chicken,"Barbecued Chicken, Red Peppers, Green Peppers, Tomatoes, Red Onions, Barbecue Sauce",The Barbecue Chicken Pizza
179,77,hawaiian_m,1,01-02-15,12:22:46,13.25,13.25,M,Classic,"Sliced Ham, Pineapple, Mozzarella Cheese",The Hawaiian Pizza
180,78,big_meat_s,1,01-02-15,12:28:14,12,12,S,Classic,"Bacon, Pepperoni, Italian Sausage, Chorizo Sausage",The Big Meat Pizza
181,78,classic_dlx_s,1,01-02-15,12:28:14,12,12,S,Classic,"Pepperoni, Mushrooms, Red Onions, Red Peppers, Bacon",The Classic Deluxe Pizza
182,78,four_cheese_l,1,01-02-15,12:28:14,17.95,17.95,L,Veggie,"Ricotta Cheese, Gorgonzola Piccante Cheese, Mozzarella Cheese, Parmigiano Reggiano Cheese, Garlic",The Four Cheese Pizza
183,78,ital_cpcllo_m,1,01-02-15,12:28:14,16,16,M,Classic,"Capocollo, Red Peppers, Tomatoes, Goat Cheese, Garlic, Oregano",The Italian Capocollo Pizza
184,78,spicy_ital_l,3,01-02-15,12:28:14,20.75,62.25,L,Supreme,"Capocollo, Tomatoes, Goat Cheese, Artichokes, Peperoncini verdi, Garlic",The Spicy Italian Pizza
185,78,thai_ckn_s,1,01-02-15,12:28:14,12.75,12.75,S,Chicken,"Chicken, Pineapple, Tomatoes, Red Peppers, Thai Sweet Chilli Sauce",The Thai Chicken Pizza
186,79,ital_cpcllo_l,1,01-02-15,12:29:11,20.5,20.5,L,Classic,"Capocollo, Red Peppers, Tomatoes, Goat Cheese, Garlic, Oregano",The Italian Capocollo Pizza
187,79,pep_msh_pep_s,1,01-02-15,12:29:11,11,11,S,Classic,"Pepperoni, Mushrooms, Green Peppers","The Pepperoni, Mushroom, and Peppers Pizza"
188,79,thai_ckn_l,1,01-02-15,12:29:11,20.75,20.75,L,Chicken,"Chicken, Pineapple, Tomatoes, Red Peppers, Thai Sweet Chilli Sauce",The Thai Chicken Pizza
189,80,pepperoni_s,1,01-02-15,12:35:38,9.75,9.75,S,Classic,"Mozzarella Cheese, Pepperoni",The Pepperoni Pizza
190,80,thai_ckn_m,1,01-02-15,12:35:38,16.75,16.75,M,Chicken,"Chicken, Pineapple, Tomatoes, Red Peppers, Thai Sweet Chilli Sauce",The Thai Chicken Pizza
191,81,thai_ckn_l,1,01-02-15,12:40:01,20.75,20.75,L,Chicken,"Chicken, Pineapple, Tomatoes, Red Peppers, Thai Sweet Chilli Sauce",The Thai Chicken Pizza
192,82,big_meat_s,1,01-02-15,12:45:51,12,12,S,Classic,"Bacon, Pepperoni, Italian Sausage, Chorizo Sausage",The Big Meat Pizza
193,82,cali_ckn_m,1,01-02-15,12:45:51,16.75,16.75,M,Chicken,"Chicken, Artichoke, Spinach, Garlic, Jalapeno Peppers, Fontina Cheese, Gouda Cheese",The California Chicken Pizza
194,82,spicy_ital_l,1,01-02-15,12:45:51,20.75,20.75,L,Supreme,"Capocollo, Tomatoes, Goat Cheese, Artichokes, Peperoncini verdi, Garlic",The Spicy Italian Pizza
195,82,veggie_veg_m,1,01-02-15,12:45:51,16,16,M,Veggie,"Mushrooms, Tomatoes, Red Peppers, Green Peppers, Red Onions, Zucchini, Spinach, Garlic",The Vegetables + Vegetables Pizza
196,83,southw_ckn_s,1,01-02-15,12:53:27,12.75,12.75,S,Chicken,"Chicken, Tomatoes, Red Peppers, Red Onions, Jalapeno Peppers, Corn, Cilantro, Chipotle Sauce",The Southwest Chicken Pizza
197,84,pepperoni_l,1,01-02-15,13:13:41,15.25,15.25,L,Classic,"Mozzarella Cheese, Pepperoni",The Pepperoni Pizza
198,85,classic_dlx_m,1,01-02-15,13:34:49,16,16,M,Classic,"Pepperoni, Mushrooms, Red Onions, Red Peppers, Bacon",The Classic Deluxe Pizza
199,85,classic_dlx_s,1,01-02-15,13:34:49,12,12,S,Classic,"Pepperoni, Mushrooms, Red Onions, Red Peppers, Bacon",The Classic Deluxe Pizza
200,85,ital_supr_l,1,01-02-15,13:34:49,20.75,20.75,L,Supreme,"Calabrese Salami, Capocollo, Tomatoes, Red Onions, Green Olives, Garlic",The Italian Supreme Pizza
201,85,the_greek_m,1,01-02-15,13:34:49,16,16,M,Classic,"Kalamata Olives, Feta Cheese, Tomatoes, Garlic, Beef Chuck Roast, Red Onions",The Greek Pizza
202,86,hawaiian_l,1,01-02-15,13:40:31,16.5,16.5,L,Classic,"Sliced Ham, Pineapple, Mozzarella Cheese",The Hawaiian Pizza
203,87,ital_cpcllo_m,1,01-02-15,14:01:02,16,16,M,Classic,"Capocollo, Red Peppers, Tomatoes, Goat Cheese, Garlic, Oregano",The Italian Capocollo Pizza
204,87,mexicana_m,1,01-02-15,14:01:02,16,16,M,Veggie,"Tomatoes, Red Peppers, Jalapeno Peppers, Red Onions, Cilantro, Corn, Chipotle Sauce, Garlic",The Mexicana Pizza
205,87,spinach_supr_l,1,01-02-15,14:01:02,20.75,20.75,L,Supreme,"Spinach, Red Onions, Pepperoni, Tomatoes, Artichokes, Kalamata Olives, Garlic, Asiago Cheese",The Spinach Supreme Pizza
206,87,spinach_supr_s,1,01-02-15,14:01:02,12.5,12.5,S,Supreme,"Spinach, Red Onions, Pepperoni, Tomatoes, Artichokes, Kalamata Olives, Garlic, Asiago Cheese",The Spinach Supreme Pizza
207,88,five_cheese_l,1,01-02-15,14:10:08,18.5,18.5,L,Veggie,"Mozzarella Cheese, Provolone Cheese, Smoked Gouda Cheese, Romano Cheese, Blue Cheese, Garlic",The Five Cheese Pizza
208,89,soppressata_l,1,01-02-15,14:30:19,20.75,20.75,L,Supreme,"Soppressata Salami, Fontina Cheese, Mozzarella Cheese, Mushrooms, Garlic",The Soppressata Pizza
209,89,thai_ckn_l,1,01-02-15,14:30:19,20.75,20.75,L,Chicken,"Chicken, Pineapple, Tomatoes, Red Peppers, Thai Sweet Chilli Sauce",The Thai Chicken Pizza
210,90,sicilian_l,1,01-02-15,15:08:48,20.25,20.25,L,Supreme,"Coarse Sicilian Salami, Tomatoes, Green Olives, Luganega Sausage, Onions, Garlic",The Sicilian Pizza
211,90,thai_ckn_s,1,01-02-15,15:08:48,12.75,12.75,S,Chicken,"Chicken, Pineapple, Tomatoes, Red Peppers, Thai Sweet Chilli Sauce",The Thai Chicken Pizza
212,91,bbq_ckn_l,2,01-02-15,15:14:43,20.75,41.5,L,Chicken,"Barbecued Chicken, Red Peppers, Green Peppers, Tomatoes, Red Onions, Barbecue Sauce",The Barbecue Chicken Pizza
213,91,ckn_pesto_s,1,01-02-15,15:14:43,12.75,12.75,S,Chicken,"Chicken, Tomatoes, Red Peppers, Spinach, Garlic, Pesto Sauce",The Chicken Pesto Pizza
214,91,pepperoni_s,1,01-02-15,15:14:43,9.75,9.75,S,Classic,"Mozzarella Cheese, Pepperoni",The Pepperoni Pizza
215,92,bbq_ckn_m,1,01-02-15,15:17:02,16.75,16.75,M,Chicken,"Barbecued Chicken, Red Peppers, Green Peppers, Tomatoes, Red Onions, Barbecue Sauce",The Barbecue Chicken Pizza
216,92,ital_supr_l,1,01-02-15,15:17:02,20.75,20.75,L,Supreme,"Calabrese Salami, Capocollo, Tomatoes, Red Onions, Green Olives, Garlic",The Italian Supreme Pizza
217,92,ital_supr_m,1,01-02-15,15:17:02,16.5,16.5,M,Supreme,"Calabrese Salami, Capocollo, Tomatoes, Red Onions, Green Olives, Garlic",The Italian Supreme Pizza
218,92,ital_veggie_s,1,01-02-15,15:17:02,12.75,12.75,S,Veggie,"Eggplant, Artichokes, Tomatoes, Zucchini, Red Peppers, Garlic, Pesto Sauce",The Italian Vegetables Pizza
219,92,pepperoni_m,1,01-02-15,15:17:02,12.5,12.5,M,Classic,"Mozzarella Cheese, Pepperoni",The Pepperoni Pizza
220,92,peppr_salami_m,1,01-02-15,15:17:02,16.5,16.5,M,Supreme,"Genoa Salami, Capocollo, Pepperoni, Tomatoes, Asiago Cheese, Garlic",The Pepper Salami Pizza
221,92,spinach_fet_s,1,01-02-15,15:17:02,12,12,S,Veggie,"Spinach, Mushrooms, Red Onions, Feta Cheese, Garlic",The Spinach and Feta Pizza
222,92,spinach_supr_s,1,01-02-15,15:17:02,12.5,12.5,S,Supreme,"Spinach, Red Onions, Pepperoni, Tomatoes, Artichokes, Kalamata Olives, Garlic, Asiago Cheese",The Spinach Supreme Pizza
223,92,the_greek_m,2,01-02-15,15:17:02,16,32,M,Classic,"Kalamata Olives, Feta Cheese, Tomatoes, Garlic, Beef Chuck Roast, Red Onions",The Greek Pizza
224,93,sicilian_m,1,01-02-15,15:29:31,16.25,16.25,M,Supreme,"Coarse Sicilian Salami, Tomatoes, Green Olives, Luganega Sausage, Onions, Garlic",The Sicilian Pizza
225,94,ital_cpcllo_m,1,01-02-15,16:17:16,16,16,M,Classic,"Capocollo, Red Peppers, Tomatoes, Goat Cheese, Garlic, Oregano",The Italian Capocollo Pizza
226,94,southw_ckn_s,1,01-02-15,16:17:16,12.75,12.75,S,Chicken,"Chicken, Tomatoes, Red Peppers, Red Onions, Jalapeno Peppers, Corn, Cilantro, Chipotle Sauce",The Southwest Chicken Pizza
227,95,napolitana_s,1,01-02-15,16:18:04,12,12,S,Classic,"Tomatoes, Anchovies, Green Olives, Red Onions, Garlic",The Napolitana Pizza
228,95,peppr_salami_l,1,01-02-15,16:18:04,20.75,20.75,L,Supreme,"Genoa Salami, Capocollo, Pepperoni, Tomatoes, Asiago Cheese, Garlic",The Pepper Salami Pizza
229,96,napolitana_s,1,01-02-15,16:21:20,12,12,S,Classic,"Tomatoes, Anchovies, Green Olives, Red Onions, Garlic",The Napolitana Pizza
230,97,big_meat_s,1,01-02-15,16:45:33,12,12,S,Classic,"Bacon, Pepperoni, Italian Sausage, Chorizo Sausage",The Big Meat Pizza
231,98,classic_dlx_l,1,01-02-15,17:18:18,20.5,20.5,L,Classic,"Pepperoni, Mushrooms, Red Onions, Red Peppers, Bacon",The Classic Deluxe Pizza
232,98,napolitana_l,1,01-02-15,17:18:18,20.5,20.5,L,Classic,"Tomatoes, Anchovies, Green Olives, Red Onions, Garlic",The Napolitana Pizza
233,99,ital_supr_l,1,01-02-15,17:45:42,20.75,20.75,L,Supreme,"Calabrese Salami, Capocollo, Tomatoes, Red Onions, Green Olives, Garlic",The Italian Supreme Pizza
234,100,hawaiian_l,1,01-02-15,17:46:17,16.5,16.5,L,Classic,"Sliced Ham, Pineapple, Mozzarella Cheese",The Hawaiian Pizza
235,101,cali_ckn_l,1,01-02-15,17:51:33,20.75,20.75,L,Chicken,"Chicken, Artichoke, Spinach, Garlic, Jalapeno Peppers, Fontina Cheese, Gouda Cheese",The California Chicken Pizza
236,101,pepperoni_l,1,01-02-15,17:51:33,15.25,15.25,L,Classic,"Mozzarella Cheese, Pepperoni",The Pepperoni Pizza
237,101,soppressata_l,1,01-02-15,17:51:33,20.75,20.75,L,Supreme,"Soppressata Salami, Fontina Cheese, Mozzarella Cheese, Mushrooms, Garlic",The Soppressata Pizza
238,101,spicy_ital_m,1,01-02-15,17:51:33,16.5,16.5,M,Supreme,"Capocollo, Tomatoes, Goat Cheese, Artichokes, Peperoncini verdi, Garlic",The Spicy Italian Pizza
239,102,bbq_ckn_s,1,01-02-15,17:54:04,12.75,12.75,S,Chicken,"Barbecued Chicken, Red Peppers, Green Peppers, Tomatoes, Red Onions, Barbecue Sauce",The Barbecue Chicken Pizza
240,102,prsc_argla_s,1,01-02-15,17:54:04,12.5,12.5,S,Supreme,"Prosciutto di San Daniele, Arugula, Mozzarella Cheese",The Prosciutto and Arugula Pizza
241,103,spinach_supr_s,1,01-02-15,18:02:09,12.5,12.5,S,Supreme,"Spinach, Red Onions, Pepperoni, Tomatoes, Artichokes, Kalamata Olives, Garlic, Asiago Cheese",The Spinach Supreme Pizza
242,104,bbq_ckn_m,1,01-02-15,18:02:12,16.75,16.75,M,Chicken,"Barbecued Chicken, Red Peppers, Green Peppers, Tomatoes, Red Onions, Barbecue Sauce",The Barbecue Chicken Pizza
243,104,ckn_alfredo_m,1,01-02-15,18:02:12,16.75,16.75,M,Chicken,"Chicken, Red Onions, Red Peppers, Mushrooms, Asiago Cheese, Alfredo Sauce",The Chicken Alfredo Pizza
244,104,ital_veggie_m,1,01-02-15,18:02:12,16.75,16.75,M,Veggie,"Eggplant, Artichokes, Tomatoes, Zucchini, Red Peppers, Garlic, Pesto Sauce",The Italian Vegetables Pizza
245,104,veggie_veg_l,1,01-02-15,18:02:12,20.25,20.25,L,Veggie,"Mushrooms, Tomatoes, Red Peppers, Green Peppers, Red Onions, Zucchini, Spinach, Garlic",The Vegetables + Vegetables Pizza
246,105,hawaiian_s,2,01-02-15,18:12:01,10.5,21,S,Classic,"Sliced Ham, Pineapple, Mozzarella Cheese",The Hawaiian Pizza
247,105,pepperoni_l,1,01-02-15,18:12:01,15.25,15.25,L,Classic,"Mozzarella Cheese, Pepperoni",The Pepperoni Pizza
248,105,prsc_argla_m,1,01-02-15,18:12:01,16.5,16.5,M,Supreme,"Prosciutto di San Daniele, Arugula, Mozzarella Cheese",The Prosciutto and Arugula Pizza
249,106,mexicana_l,1,01-02-15,18:12:13,20.25,20.25,L,Veggie,"Tomatoes, Red Peppers, Jalapeno Peppers, Red Onions, Cilantro, Corn, Chipotle Sauce, Garlic",The Mexicana Pizza
250,106,spicy_ital_l,1,01-02-15,18:12:13,20.75,20.75,L,Supreme,"Capocollo, Tomatoes, Goat Cheese, Artichokes, Peperoncini verdi, Garlic",The Spicy Italian Pizza
251,107,cali_ckn_l,1,01-02-15,18:25:09,20.75,20.75,L,Chicken,"Chicken, Artichoke, Spinach, Garlic, Jalapeno Peppers, Fontina Cheese, Gouda Cheese",The California Chicken Pizza
252,107,ital_supr_m,1,01-02-15,18:25:09,16.5,16.5,M,Supreme,"Calabrese Salami, Capocollo, Tomatoes, Red Onions, Green Olives, Garlic",The Italian Supreme Pizza
253,107,spicy_ital_l,1,01-02-15,18:25:09,20.75,20.75,L,Supreme,"Capocollo, Tomatoes, Goat Cheese, Artichokes, Peperoncini verdi, Garlic",The Spicy Italian Pizza
254,107,veggie_veg_l,1,01-02-15,18:25:09,20.25,20.25,L,Veggie,"Mushrooms, Tomatoes, Red Peppers, Green Peppers, Red Onions, Zucchini, Spinach, Garlic",The Vegetables + Vegetables Pizza
255,108,classic_dlx_l,1,01-02-15,18:25:25,20.5,20.5,L,Classic,"Pepperoni, Mushrooms, Red Onions, Red Peppers, Bacon",The Classic Deluxe Pizza
256,108,hawaiian_l,1,01-02-15,18:25:25,16.5,16.5,L,Classic,"Sliced Ham, Pineapple, Mozzarella Cheese",The Hawaiian Pizza
257,108,spinach_supr_l,1,01-02-15,18:25:25,20.75,20.75,L,Supreme,"Spinach, Red Onions, Pepperoni, Tomatoes, Artichokes, Kalamata Olives, Garlic, Asiago Cheese",The Spinach Supreme Pizza
258,109,ital_cpcllo_l,1,01-02-15,18:27:50,20.5,20.5,L,Classic,"Capocollo, Red Peppers, Tomatoes, Goat Cheese, Garlic, Oregano",The Italian Capocollo Pizza
259,109,ital_supr_l,1,01-02-15,18:27:50,20.75,20.75,L,Supreme,"Calabrese Salami, Capocollo, Tomatoes, Red Onions, Green Olives, Garlic",The Italian Supreme Pizza
260,109,pepperoni_m,1,01-02-15,18:27:50,12.5,12.5,M,Classic,"Mozzarella Cheese, Pepperoni",The Pepperoni Pizza
261,109,prsc_argla_l,1,01-02-15,18:27:50,20.75,20.75,L,Supreme,"Prosciutto di San Daniele, Arugula, Mozzarella Cheese",The Prosciutto and Arugula Pizza
262,110,big_meat_s,1,01-02-15,18:36:19,12,12,S,Classic,"Bacon, Pepperoni, Italian Sausage, Chorizo Sausage",The Big Meat Pizza
263,110,napolitana_l,1,01-02-15,18:36:19,20.5,20.5,L,Classic,"Tomatoes, Anchovies, Green Olives, Red Onions, Garlic",The Napolitana Pizza
264,110,soppressata_l,1,01-02-15,18:36:19,20.75,20.75,L,Supreme,"Soppressata Salami, Fontina Cheese, Mozzarella Cheese, Mushrooms, Garlic",The Soppressata Pizza
265,110,spicy_ital_s,1,01-02-15,18:36:19,12.5,12.5,S,Supreme,"Capocollo, Tomatoes, Goat Cheese, Artichokes, Peperoncini verdi, Garlic",The Spicy Italian Pizza
266,111,cali_ckn_m,1,01-02-15,18:38:01,16.75,16.75,M,Chicken,"Chicken, Artichoke, Spinach, Garlic, Jalapeno Peppers, Fontina Cheese, Gouda Cheese",The California Chicken Pizza
267,111,five_cheese_l,1,01-02-15,18:38:01,18.5,18.5,L,Veggie,"Mozzarella Cheese, Provolone Cheese, Smoked Gouda Cheese, Romano Cheese, Blue Cheese, Garlic",The Five Cheese Pizza
268,111,pepperoni_m,1,01-02-15,18:38:01,12.5,12.5,M,Classic,"Mozzarella Cheese, Pepperoni",The Pepperoni Pizza
269,111,spin_pesto_l,1,01-02-15,18:38:01,20.75,20.75,L,Veggie,"Spinach, Artichokes, Tomatoes, Sun-dried Tomatoes, Garlic, Pesto Sauce",The Spinach Pesto Pizza
270,112,pepperoni_s,1,01-02-15,18:41:40,9.75,9.75,S,Classic,"Mozzarella Cheese, Pepperoni",The Pepperoni Pizza
271,113,cali_ckn_l,1,01-02-15,18:50:21,20.75,20.75,L,Chicken,"Chicken, Artichoke, Spinach, Garlic, Jalapeno Peppers, Fontina Cheese, Gouda Cheese",The California Chicken Pizza
272,113,mexicana_l,1,01-02-15,18:50:21,20.25,20.25,L,Veggie,"Tomatoes, Red Peppers, Jalapeno Peppers, Red Onions, Cilantro, Corn, Chipotle Sauce, Garlic",The Mexicana Pizza
273,113,southw_ckn_m,1,01-02-15,18:50:21,16.75,16.75,M,Chicken,"Chicken, Tomatoes, Red Peppers, Red Onions, Jalapeno Peppers, Corn, Cilantro, Chipotle Sauce",The Southwest Chicken Pizza
274,114,pepperoni_l,1,01-02-15,18:59:32,15.25,15.25,L,Classic,"Mozzarella Cheese, Pepperoni",The Pepperoni Pizza
275,114,sicilian_s,1,01-02-15,18:59:32,12.25,12.25,S,Supreme,"Coarse Sicilian Salami, Tomatoes, Green Olives, Luganega Sausage, Onions, Garlic",The Sicilian Pizza
276,115,big_meat_s,1,01-02-15,19:05:17,12,12,S,Classic,"Bacon, Pepperoni, Italian Sausage, Chorizo Sausage",The Big Meat Pizza
277,115,napolitana_l,1,01-02-15,19:05:17,20.5,20.5,L,Classic,"Tomatoes, Anchovies, Green Olives, Red Onions, Garlic",The Napolitana Pizza
278,115,thai_ckn_m,1,01-02-15,19:05:17,16.75,16.75,M,Chicken,"Chicken, Pineapple, Tomatoes, Red Peppers, Thai Sweet Chilli Sauce",The Thai Chicken Pizza
279,116,five_cheese_l,1,01-02-15,19:18:49,18.5,18.5,L,Veggie,"Mozzarella Cheese, Provolone Cheese, Smoked Gouda Cheese, Romano Cheese, Blue Cheese, Garlic",The Five Cheese Pizza
280,117,peppr_salami_m,1,01-02-15,19:23:02,16.5,16.5,M,Supreme,"Genoa Salami, Capocollo, Pepperoni, Tomatoes, Asiago Cheese, Garlic",The Pepper Salami Pizza
281,117,sicilian_l,1,01-02-15,19:23:02,20.25,20.25,L,Supreme,"Coarse Sicilian Salami, Tomatoes, Green Olives, Luganega Sausage, Onions, Garlic",The Sicilian Pizza
282,118,prsc_argla_l,1,01-02-15,19:26:59,20.75,20.75,L,Supreme,"Prosciutto di San Daniele, Arugula, Mozzarella Cheese",The Prosciutto and Arugula Pizza
283,118,spinach_fet_s,1,01-02-15,19:26:59,12,12,S,Veggie,"Spinach, Mushrooms, Red Onions, Feta Cheese, Garlic",The Spinach and Feta Pizza
284,119,four_cheese_m,1,01-02-15,19:32:29,14.75,14.75,M,Veggie,"Ricotta Cheese, Gorgonzola Piccante Cheese, Mozzarella Cheese, Parmigiano Reggiano Cheese, Garlic",The Four Cheese Pizza
285,120,classic_dlx_s,1,01-02-15,19:35:07,12,12,S,Classic,"Pepperoni, Mushrooms, Red Onions, Red Peppers, Bacon",The Classic Deluxe Pizza
286,120,hawaiian_s,1,01-02-15,19:35:07,10.5,10.5,S,Classic,"Sliced Ham, Pineapple, Mozzarella Cheese",The Hawaiian Pizza
287,120,spinach_fet_l,1,01-02-15,19:35:07,20.25,20.25,L,Veggie,"Spinach, Mushrooms, Red Onions, Feta Cheese, Garlic",The Spinach and Feta Pizza
288,121,bbq_ckn_m,1,01-02-15,19:38:48,16.75,16.75,M,Chicken,"Barbecued Chicken, Red Peppers, Green Peppers, Tomatoes, Red Onions, Barbecue Sauce",The Barbecue Chicken Pizza
289,121,four_cheese_l,1,01-02-15,19:38:48,17.95,17.95,L,Veggie,"Ricotta Cheese, Gorgonzola Piccante Cheese, Mozzarella Cheese, Parmigiano Reggiano Cheese, Garlic",The Four Cheese Pizza
290,121,sicilian_l,1,01-02-15,19:38:48,20.25,20.25,L,Supreme,"Coarse Sicilian Salami, Tomatoes, Green Olives, Luganega Sausage, Onions, Garlic",The Sicilian Pizza
291,121,southw_ckn_l,1,01-02-15,19:38:48,20.75,20.75,L,Chicken,"Chicken, Tomatoes, Red Peppers, Red Onions, Jalapeno Peppers, Corn, Cilantro, Chipotle Sauce",The Southwest Chicken Pizza
292,122,ital_supr_m,1,01-02-15,19:50:19,16.5,16.5,M,Supreme,"Calabrese Salami, Capocollo, Tomatoes, Red Onions, Green Olives, Garlic",The Italian Supreme Pizza
293,123,ital_cpcllo_s,1,01-02-15,20:12:09,12,12,S,Classic,"Capocollo, Red Peppers, Tomatoes, Goat Cheese, Garlic, Oregano",The Italian Capocollo Pizza
294,124,bbq_ckn_s,1,01-02-15,20:12:34,12.75,12.75,S,Chicken,"Barbecued Chicken, Red Peppers, Green Peppers, Tomatoes, Red Onions, Barbecue Sauce",The Barbecue Chicken Pizza
295,124,sicilian_l,1,01-02-15,20:12:34,20.25,20.25,L,Supreme,"Coarse Sicilian Salami, Tomatoes, Green Olives, Luganega Sausage, Onions, Garlic",The Sicilian Pizza
296,124,spicy_ital_l,1,01-02-15,20:12:34,20.75,20.75,L,Supreme,"Capocollo, Tomatoes, Goat Cheese, Artichokes, Peperoncini verdi, Garlic",The Spicy Italian Pizza
297,124,the_greek_s,1,01-02-15,20:12:34,12,12,S,Classic,"Kalamata Olives, Feta Cheese, Tomatoes, Garlic, Beef Chuck Roast, Red Onions",The Greek Pizza
298,125,the_greek_xl,1,01-02-15,20:31:06,25.5,25.5,XL,Classic,"Kalamata Olives, Feta Cheese, Tomatoes, Garlic, Beef Chuck Roast, Red Onions",The Greek Pizza
299,126,veggie_veg_l,1,01-02-15,20:53:42,20.25,20.25,L,Veggie,"Mushrooms, Tomatoes, Red Peppers, Green Peppers, Red Onions, Zucchini, Spinach, Garlic",The Vegetables + Vegetables Pizza
300,127,pepperoni_m,1,01-02-15,20:58:23,12.5,12.5,M,Classic,"Mozzarella Cheese, Pepperoni",The Pepperoni Pizza
301,128,spicy_ital_s,1,01-02-15,21:05:06,12.5,12.5,S,Supreme,"Capocollo, Tomatoes, Goat Cheese, Artichokes, Peperoncini verdi, Garlic",The Spicy Italian Pizza
302,129,big_meat_s,1,01-02-15,21:13:02,12,12,S,Classic,"Bacon, Pepperoni, Italian Sausage, Chorizo Sausage",The Big Meat Pizza
303,129,the_greek_m,1,01-02-15,21:13:02,16,16,M,Classic,"Kalamata Olives, Feta Cheese, Tomatoes, Garlic, Beef Chuck Roast, Red Onions",The Greek Pizza
304,130,hawaiian_s,1,01-02-15,21:14:55,10.5,10.5,S,Classic,"Sliced Ham, Pineapple, Mozzarella Cheese",The Hawaiian Pizza
305,130,ital_cpcllo_l,1,01-02-15,21:14:55,20.5,20.5,L,Classic,"Capocollo, Red Peppers, Tomatoes, Goat Cheese, Garlic, Oregano",The Italian Capocollo Pizza
306,130,mexicana_m,1,01-02-15,21:14:55,16,16,M,Veggie,"Tomatoes, Red Peppers, Jalapeno Peppers, Red Onions, Cilantro, Corn, Chipotle Sauce, Garlic",The Mexicana Pizza
307,130,southw_ckn_s,1,01-02-15,21:14:55,12.75,12.75,S,Chicken,"Chicken, Tomatoes, Red Peppers, Red Onions, Jalapeno Peppers, Corn, Cilantro, Chipotle Sauce",The Southwest Chicken Pizza
308,131,ckn_pesto_l,1,01-02-15,21:33:10,20.75,20.75,L,Chicken,"Chicken, Tomatoes, Red Peppers, Spinach, Garlic, Pesto Sauce",The Chicken Pesto Pizza
309,131,five_cheese_l,1,01-02-15,21:33:10,18.5,18.5,L,Veggie,"Mozzarella Cheese, Provolone Cheese, Smoked Gouda Cheese, Romano Cheese, Blue Cheese, Garlic",The Five Cheese Pizza
310,131,green_garden_s,1,01-02-15,21:33:10,12,12,S,Veggie,"Spinach, Mushrooms, Tomatoes, Green Olives, Feta Cheese",The Green Garden Pizza
311,131,spinach_supr_s,1,01-02-15,21:33:10,12.5,12.5,S,Supreme,"Spinach, Red Onions, Pepperoni, Tomatoes, Artichokes, Kalamata Olives, Garlic, Asiago Cheese",The Spinach Supreme Pizza
312,132,pepperoni_s,1,01-02-15,21:42:45,9.75,9.75,S,Classic,"Mozzarella Cheese, Pepperoni",The Pepperoni Pizza
313,133,bbq_ckn_l,1,01-02-15,22:00:17,20.75,20.75,L,Chicken,"Barbecued Chicken, Red Peppers, Green Peppers, Tomatoes, Red Onions, Barbecue Sauce",The Barbecue Chicken Pizza
314,133,hawaiian_l,1,01-02-15,22:00:17,16.5,16.5,L,Classic,"Sliced Ham, Pineapple, Mozzarella Cheese",The Hawaiian Pizza
315,133,the_greek_s,1,01-02-15,22:00:17,12,12,S,Classic,"Kalamata Olives, Feta Cheese, Tomatoes, Garlic, Beef Chuck Roast, Red Onions",The Greek Pizza
316,134,big_meat_s,1,01-02-15,22:13:24,12,12,S,Classic,"Bacon, Pepperoni, Italian Sausage, Chorizo Sausage",The Big Meat Pizza
317,134,southw_ckn_l,1,01-02-15,22:13:24,20.75,20.75,L,Chicken,"Chicken, Tomatoes, Red Peppers, Red Onions, Jalapeno Peppers, Corn, Cilantro, Chipotle Sauce",The Southwest Chicken Pizza
318,134,spinach_supr_s,1,01-02-15,22:13:24,12.5,12.5,S,Supreme,"Spinach, Red Onions, Pepperoni, Tomatoes, Artichokes, Kalamata Olives, Garlic, Asiago Cheese",The Spinach Supreme Pizza
319,135,veggie_veg_l,1,01-02-15,22:29:34,20.25,20.25,L,Veggie,"Mushrooms, Tomatoes, Red Peppers, Green Peppers, Red Onions, Zucchini, Spinach, Garlic",The Vegetables + Vegetables Pizza
320,136,five_cheese_l,1,01-02-15,22:32:49,18.5,18.5,L,Veggie,"Mozzarella Cheese, Provolone Cheese, Smoked Gouda Cheese, Romano Cheese, Blue Cheese, Garlic",The Five Cheese Pizza
321,136,peppr_salami_s,1,01-02-15,22:32:49,12.5,12.5,S,Supreme,"Genoa Salami, Capocollo, Pepperoni, Tomatoes, Asiago Cheese, Garlic",The Pepper Salami Pizza
322,137,mediterraneo_l,1,01-03-15,11:34:10,20.25,20.25,L,Veggie,"Spinach, Artichokes, Kalamata Olives, Sun-dried Tomatoes, Feta Cheese, Plum Tomatoes, Red Onions",The Mediterranean Pizza
323,137,pepperoni_s,1,01-03-15,11:34:10,9.75,9.75,S,Classic,"Mozzarella Cheese, Pepperoni",The Pepperoni Pizza
324,137,spicy_ital_m,1,01-03-15,11:34:10,16.5,16.5,M,Supreme,"Capocollo, Tomatoes, Goat Cheese, Artichokes, Peperoncini verdi, Garlic",The Spicy Italian Pizza
325,138,cali_ckn_m,1,01-03-15,11:44:50,16.75,16.75,M,Chicken,"Chicken, Artichoke, Spinach, Garlic, Jalapeno Peppers, Fontina Cheese, Gouda Cheese",The California Chicken Pizza
326,138,four_cheese_l,1,01-03-15,11:44:50,17.95,17.95,L,Veggie,"Ricotta Cheese, Gorgonzola Piccante Cheese, Mozzarella Cheese, Parmigiano Reggiano Cheese, Garlic",The Four Cheese Pizza
327,138,ital_veggie_l,1,01-03-15,11:44:50,21,21,L,Veggie,"Eggplant, Artichokes, Tomatoes, Zucchini, Red Peppers, Garlic, Pesto Sauce",The Italian Vegetables Pizza
328,138,sicilian_m,1,01-03-15,11:44:50,16.25,16.25,M,Supreme,"Coarse Sicilian Salami, Tomatoes, Green Olives, Luganega Sausage, Onions, Garlic",The Sicilian Pizza
329,139,five_cheese_l,1,01-03-15,11:57:39,18.5,18.5,L,Veggie,"Mozzarella Cheese, Provolone Cheese, Smoked Gouda Cheese, Romano Cheese, Blue Cheese, Garlic",The Five Cheese Pizza
330,140,prsc_argla_s,1,01-03-15,12:26:44,12.5,12.5,S,Supreme,"Prosciutto di San Daniele, Arugula, Mozzarella Cheese",The Prosciutto and Arugula Pizza
331,140,veggie_veg_m,1,01-03-15,12:26:44,16,16,M,Veggie,"Mushrooms, Tomatoes, Red Peppers, Green Peppers, Red Onions, Zucchini, Spinach, Garlic",The Vegetables + Vegetables Pizza
332,141,classic_dlx_m,1,01-03-15,13:16:01,16,16,M,Classic,"Pepperoni, Mushrooms, Red Onions, Red Peppers, Bacon",The Classic Deluxe Pizza
333,142,green_garden_m,1,01-03-15,13:33:59,16,16,M,Veggie,"Spinach, Mushrooms, Tomatoes, Green Olives, Feta Cheese",The Green Garden Pizza
334,143,cali_ckn_s,1,01-03-15,13:41:36,12.75,12.75,S,Chicken,"Chicken, Artichoke, Spinach, Garlic, Jalapeno Peppers, Fontina Cheese, Gouda Cheese",The California Chicken Pizza
335,143,classic_dlx_s,1,01-03-15,13:41:36,12,12,S,Classic,"Pepperoni, Mushrooms, Red Onions, Red Peppers, Bacon",The Classic Deluxe Pizza
336,143,hawaiian_l,1,01-03-15,13:41:36,16.5,16.5,L,Classic,"Sliced Ham, Pineapple, Mozzarella Cheese",The Hawaiian Pizza
337,143,mexicana_m,1,01-03-15,13:41:36,16,16,M,Veggie,"Tomatoes, Red Peppers, Jalapeno Peppers, Red Onions, Cilantro, Corn, Chipotle Sauce, Garlic",The Mexicana Pizza
338,143,pepperoni_l,1,01-03-15,13:41:36,15.25,15.25,L,Classic,"Mozzarella Cheese, Pepperoni",The Pepperoni Pizza
339,143,prsc_argla_s,1,01-03-15,13:41:36,12.5,12.5,S,Supreme,"Prosciutto di San Daniele, Arugula, Mozzarella Cheese",The Prosciutto and Arugula Pizza
340,143,thai_ckn_l,1,01-03-15,13:41:36,20.75,20.75,L,Chicken,"Chicken, Pineapple, Tomatoes, Red Peppers, Thai Sweet Chilli Sauce",The Thai Chicken Pizza
341,143,veggie_veg_m,1,01-03-15,13:41:36,16,16,M,Veggie,"Mushrooms, Tomatoes, Red Peppers, Green Peppers, Red Onions, Zucchini, Spinach, Garlic",The Vegetables + Vegetables Pizza
342,144,bbq_ckn_m,3,01-03-15,13:44:28,16.75,50.25,M,Chicken,"Barbecued Chicken, Red Peppers, Green Peppers, Tomatoes, Red Onions, Barbecue Sauce",The Barbecue Chicken Pizza
343,144,big_meat_s,1,01-03-15,13:44:28,12,12,S,Classic,"Bacon, Pepperoni, Italian Sausage, Chorizo Sausage",The Big Meat Pizza
344,144,cali_ckn_l,1,01-03-15,13:44:28,20.75,20.75,L,Chicken,"Chicken, Artichoke, Spinach, Garlic, Jalapeno Peppers, Fontina Cheese, Gouda Cheese",The California Chicken Pizza
345,144,ckn_pesto_m,1,01-03-15,13:44:28,16.75,16.75,M,Chicken,"Chicken, Tomatoes, Red Peppers, Spinach, Garlic, Pesto Sauce",The Chicken Pesto Pizza
346,144,five_cheese_l,1,01-03-15,13:44:28,18.5,18.5,L,Veggie,"Mozzarella Cheese, Provolone Cheese, Smoked Gouda Cheese, Romano Cheese, Blue Cheese, Garlic",The Five Cheese Pizza
347,144,four_cheese_l,1,01-03-15,13:44:28,17.95,17.95,L,Veggie,"Ricotta Cheese, Gorgonzola Piccante Cheese, Mozzarella Cheese, Parmigiano Reggiano Cheese, Garlic",The Four Cheese Pizza
348,144,pep_msh_pep_s,1,01-03-15,13:44:28,11,11,S,Classic,"Pepperoni, Mushrooms, Green Peppers","The Pepperoni, Mushroom, and Peppers Pizza"
349,144,southw_ckn_l,1,01-03-15,13:44:28,20.75,20.75,L,Chicken,"Chicken, Tomatoes, Red Peppers, Red Onions, Jalapeno Peppers, Corn, Cilantro, Chipotle Sauce",The Southwest Chicken Pizza
350,144,southw_ckn_s,1,01-03-15,13:44:28,12.75,12.75,S,Chicken,"Chicken, Tomatoes, Red Peppers, Red Onions, Jalapeno Peppers, Corn, Cilantro, Chipotle Sauce",The Southwest Chicken Pizza
351,144,spicy_ital_l,1,01-03-15,13:44:28,20.75,20.75,L,Supreme,"Capocollo, Tomatoes, Goat Cheese, Artichokes, Peperoncini verdi, Garlic",The Spicy Italian Pizza
352,144,thai_ckn_m,1,01-03-15,13:44:28,16.75,16.75,M,Chicken,"Chicken, Pineapple, Tomatoes, Red Peppers, Thai Sweet Chilli Sauce",The Thai Chicken Pizza
353,144,veggie_veg_l,1,01-03-15,13:44:28,20.25,20.25,L,Veggie,"Mushrooms, Tomatoes, Red Peppers, Green Peppers, Red Onions, Zucchini, Spinach, Garlic",The Vegetables + Vegetables Pizza
354,145,the_greek_s,1,01-03-15,13:53:48,12,12,S,Classic,"Kalamata Olives, Feta Cheese, Tomatoes, Garlic, Beef Chuck Roast, Red Onions",The Greek Pizza
355,146,cali_ckn_l,1,01-03-15,14:22:10,20.75,20.75,L,Chicken,"Chicken, Artichoke, Spinach, Garlic, Jalapeno Peppers, Fontina Cheese, Gouda Cheese",The California Chicken Pizza
356,146,four_cheese_m,1,01-03-15,14:22:10,14.75,14.75,M,Veggie,"Ricotta Cheese, Gorgonzola Piccante Cheese, Mozzarella Cheese, Parmigiano Reggiano Cheese, Garlic",The Four Cheese Pizza
357,146,hawaiian_m,1,01-03-15,14:22:10,13.25,13.25,M,Classic,"Sliced Ham, Pineapple, Mozzarella Cheese",The Hawaiian Pizza
358,147,the_greek_xl,1,01-03-15,14:32:51,25.5,25.5,XL,Classic,"Kalamata Olives, Feta Cheese, Tomatoes, Garlic, Beef Chuck Roast, Red Onions",The Greek Pizza
359,148,mediterraneo_s,1,01-03-15,14:40:42,12,12,S,Veggie,"Spinach, Artichokes, Kalamata Olives, Sun-dried Tomatoes, Feta Cheese, Plum Tomatoes, Red Onions",The Mediterranean Pizza
360,149,spinach_fet_m,1,01-03-15,14:48:45,16,16,M,Veggie,"Spinach, Mushrooms, Red Onions, Feta Cheese, Garlic",The Spinach and Feta Pizza
361,150,pepperoni_m,1,01-03-15,14:49:58,12.5,12.5,M,Classic,"Mozzarella Cheese, Pepperoni",The Pepperoni Pizza
362,151,southw_ckn_l,1,01-03-15,15:09:34,20.75,20.75,L,Chicken,"Chicken, Tomatoes, Red Peppers, Red Onions, Jalapeno Peppers, Corn, Cilantro, Chipotle Sauce",The Southwest Chicken Pizza
363,151,spinach_supr_s,1,01-03-15,15:09:34,12.5,12.5,S,Supreme,"Spinach, Red Onions, Pepperoni, Tomatoes, Artichokes, Kalamata Olives, Garlic, Asiago Cheese",The Spinach Supreme Pizza
364,152,hawaiian_s,1,01-03-15,15:09:42,10.5,10.5,S,Classic,"Sliced Ham, Pineapple, Mozzarella Cheese",The Hawaiian Pizza
365,152,spinach_fet_l,1,01-03-15,15:09:42,20.25,20.25,L,Veggie,"Spinach, Mushrooms, Red Onions, Feta Cheese, Garlic",The Spinach and Feta Pizza
366,152,thai_ckn_s,1,01-03-15,15:09:42,12.75,12.75,S,Chicken,"Chicken, Pineapple, Tomatoes, Red Peppers, Thai Sweet Chilli Sauce",The Thai Chicken Pizza
367,152,the_greek_m,1,01-03-15,15:09:42,16,16,M,Classic,"Kalamata Olives, Feta Cheese, Tomatoes, Garlic, Beef Chuck Roast, Red Onions",The Greek Pizza
368,153,mexicana_m,1,01-03-15,15:16:34,16,16,M,Veggie,"Tomatoes, Red Peppers, Jalapeno Peppers, Red Onions, Cilantro, Corn, Chipotle Sauce, Garlic",The Mexicana Pizza
369,154,prsc_argla_s,1,01-03-15,15:22:43,12.5,12.5,S,Supreme,"Prosciutto di San Daniele, Arugula, Mozzarella Cheese",The Prosciutto and Arugula Pizza
370,155,ckn_pesto_s,1,01-03-15,15:28:59,12.75,12.75,S,Chicken,"Chicken, Tomatoes, Red Peppers, Spinach, Garlic, Pesto Sauce",The Chicken Pesto Pizza
371,155,napolitana_l,1,01-03-15,15:28:59,20.5,20.5,L,Classic,"Tomatoes, Anchovies, Green Olives, Red Onions, Garlic",The Napolitana Pizza
372,155,pepperoni_l,1,01-03-15,15:28:59,15.25,15.25,L,Classic,"Mozzarella Cheese, Pepperoni",The Pepperoni Pizza
373,155,peppr_salami_l,1,01-03-15,15:28:59,20.75,20.75,L,Supreme,"Genoa Salami, Capocollo, Pepperoni, Tomatoes, Asiago Cheese, Garlic",The Pepper Salami Pizza
374,156,napolitana_m,1,01-03-15,15:42:19,16,16,M,Classic,"Tomatoes, Anchovies, Green Olives, Red Onions, Garlic",The Napolitana Pizza
375,156,thai_ckn_l,1,01-03-15,15:42:19,20.75,20.75,L,Chicken,"Chicken, Pineapple, Tomatoes, Red Peppers, Thai Sweet Chilli Sauce",The Thai Chicken Pizza
376,157,ital_supr_l,1,01-03-15,15:43:03,20.75,20.75,L,Supreme,"Calabrese Salami, Capocollo, Tomatoes, Red Onions, Green Olives, Garlic",The Italian Supreme Pizza
377,157,mediterraneo_m,1,01-03-15,15:43:03,16,16,M,Veggie,"Spinach, Artichokes, Kalamata Olives, Sun-dried Tomatoes, Feta Cheese, Plum Tomatoes, Red Onions",The Mediterranean Pizza
378,157,sicilian_m,1,01-03-15,15:43:03,16.25,16.25,M,Supreme,"Coarse Sicilian Salami, Tomatoes, Green Olives, Luganega Sausage, Onions, Garlic",The Sicilian Pizza
379,157,spin_pesto_m,1,01-03-15,15:43:03,16.5,16.5,M,Veggie,"Spinach, Artichokes, Tomatoes, Sun-dried Tomatoes, Garlic, Pesto Sauce",The Spinach Pesto Pizza
380,158,ital_veggie_m,1,01-03-15,15:54:30,16.75,16.75,M,Veggie,"Eggplant, Artichokes, Tomatoes, Zucchini, Red Peppers, Garlic, Pesto Sauce",The Italian Vegetables Pizza
381,158,thai_ckn_m,1,01-03-15,15:54:30,16.75,16.75,M,Chicken,"Chicken, Pineapple, Tomatoes, Red Peppers, Thai Sweet Chilli Sauce",The Thai Chicken Pizza
382,159,four_cheese_l,1,01-03-15,15:59:22,17.95,17.95,L,Veggie,"Ricotta Cheese, Gorgonzola Piccante Cheese, Mozzarella Cheese, Parmigiano Reggiano Cheese, Garlic",The Four Cheese Pizza
383,159,thai_ckn_m,1,01-03-15,15:59:22,16.75,16.75,M,Chicken,"Chicken, Pineapple, Tomatoes, Red Peppers, Thai Sweet Chilli Sauce",The Thai Chicken Pizza
384,160,classic_dlx_m,1,01-03-15,16:35:33,16,16,M,Classic,"Pepperoni, Mushrooms, Red Onions, Red Peppers, Bacon",The Classic Deluxe Pizza
385,161,hawaiian_s,1,01-03-15,16:43:46,10.5,10.5,S,Classic,"Sliced Ham, Pineapple, Mozzarella Cheese",The Hawaiian Pizza
386,161,spicy_ital_m,1,01-03-15,16:43:46,16.5,16.5,M,Supreme,"Capocollo, Tomatoes, Goat Cheese, Artichokes, Peperoncini verdi, Garlic",The Spicy Italian Pizza
387,161,the_greek_xl,1,01-03-15,16:43:46,25.5,25.5,XL,Classic,"Kalamata Olives, Feta Cheese, Tomatoes, Garlic, Beef Chuck Roast, Red Onions",The Greek Pizza
388,162,big_meat_s,1,01-03-15,16:51:22,12,12,S,Classic,"Bacon, Pepperoni, Italian Sausage, Chorizo Sausage",The Big Meat Pizza
389,163,hawaiian_m,1,01-03-15,16:54:54,13.25,13.25,M,Classic,"Sliced Ham, Pineapple, Mozzarella Cheese",The Hawaiian Pizza
390,163,pepperoni_l,1,01-03-15,16:54:54,15.25,15.25,L,Classic,"Mozzarella Cheese, Pepperoni",The Pepperoni Pizza
391,163,the_greek_m,1,01-03-15,16:54:54,16,16,M,Classic,"Kalamata Olives, Feta Cheese, Tomatoes, Garlic, Beef Chuck Roast, Red Onions",The Greek Pizza
392,164,cali_ckn_l,1,01-03-15,16:56:33,20.75,20.75,L,Chicken,"Chicken, Artichoke, Spinach, Garlic, Jalapeno Peppers, Fontina Cheese, Gouda Cheese",The California Chicken Pizza
393,164,pepperoni_m,1,01-03-15,16:56:33,12.5,12.5,M,Classic,"Mozzarella Cheese, Pepperoni",The Pepperoni Pizza
394,165,prsc_argla_m,1,01-03-15,16:57:37,16.5,16.5,M,Supreme,"Prosciutto di San Daniele, Arugula, Mozzarella Cheese",The Prosciutto and Arugula Pizza
395,166,prsc_argla_s,1,01-03-15,16:58:51,12.5,12.5,S,Supreme,"Prosciutto di San Daniele, Arugula, Mozzarella Cheese",The Prosciutto and Arugula Pizza
396,167,bbq_ckn_l,1,01-03-15,17:00:49,20.75,20.75,L,Chicken,"Barbecued Chicken, Red Peppers, Green Peppers, Tomatoes, Red Onions, Barbecue Sauce",The Barbecue Chicken Pizza
397,167,ital_supr_m,1,01-03-15,17:00:49,16.5,16.5,M,Supreme,"Calabrese Salami, Capocollo, Tomatoes, Red Onions, Green Olives, Garlic",The Italian Supreme Pizza
398,167,pepperoni_m,1,01-03-15,17:00:49,12.5,12.5,M,Classic,"Mozzarella Cheese, Pepperoni",The Pepperoni Pizza
399,168,big_meat_s,1,01-03-15,17:02:27,12,12,S,Classic,"Bacon, Pepperoni, Italian Sausage, Chorizo Sausage",The Big Meat Pizza
400,168,veggie_veg_m,1,01-03-15,17:02:27,16,16,M,Veggie,"Mushrooms, Tomatoes, Red Peppers, Green Peppers, Red Onions, Zucchini, Spinach, Garlic",The Vegetables + Vegetables Pizza
401,169,four_cheese_l,1,01-03-15,17:15:48,17.95,17.95,L,Veggie,"Ricotta Cheese, Gorgonzola Piccante Cheese, Mozzarella Cheese, Parmigiano Reggiano Cheese, Garlic",The Four Cheese Pizza
402,169,ital_cpcllo_s,1,01-03-15,17:15:48,12,12,S,Classic,"Capocollo, Red Peppers, Tomatoes, Goat Cheese, Garlic, Oregano",The Italian Capocollo Pizza
403,169,sicilian_m,1,01-03-15,17:15:48,16.25,16.25,M,Supreme,"Coarse Sicilian Salami, Tomatoes, Green Olives, Luganega Sausage, Onions, Garlic",The Sicilian Pizza
404,170,hawaiian_l,1,01-03-15,17:21:31,16.5,16.5,L,Classic,"Sliced Ham, Pineapple, Mozzarella Cheese",The Hawaiian Pizza
405,171,napolitana_m,1,01-03-15,17:23:03,16,16,M,Classic,"Tomatoes, Anchovies, Green Olives, Red Onions, Garlic",The Napolitana Pizza
406,172,napolitana_s,1,01-03-15,17:29:24,12,12,S,Classic,"Tomatoes, Anchovies, Green Olives, Red Onions, Garlic",The Napolitana Pizza
407,172,spinach_supr_m,1,01-03-15,17:29:24,16.5,16.5,M,Supreme,"Spinach, Red Onions, Pepperoni, Tomatoes, Artichokes, Kalamata Olives, Garlic, Asiago Cheese",The Spinach Supreme Pizza
408,172,thai_ckn_l,1,01-03-15,17:29:24,20.75,20.75,L,Chicken,"Chicken, Pineapple, Tomatoes, Red Peppers, Thai Sweet Chilli Sauce",The Thai Chicken Pizza
409,173,cali_ckn_m,1,01-03-15,17:35:30,16.75,16.75,M,Chicken,"Chicken, Artichoke, Spinach, Garlic, Jalapeno Peppers, Fontina Cheese, Gouda Cheese",The California Chicken Pizza
410,173,classic_dlx_m,1,01-03-15,17:35:30,16,16,M,Classic,"Pepperoni, Mushrooms, Red Onions, Red Peppers, Bacon",The Classic Deluxe Pizza
411,173,veggie_veg_l,1,01-03-15,17:35:30,20.25,20.25,L,Veggie,"Mushrooms, Tomatoes, Red Peppers, Green Peppers, Red Onions, Zucchini, Spinach, Garlic",The Vegetables + Vegetables Pizza
412,174,big_meat_s,1,01-03-15,17:37:49,12,12,S,Classic,"Bacon, Pepperoni, Italian Sausage, Chorizo Sausage",The Big Meat Pizza
413,174,cali_ckn_l,1,01-03-15,17:37:49,20.75,20.75,L,Chicken,"Chicken, Artichoke, Spinach, Garlic, Jalapeno Peppers, Fontina Cheese, Gouda Cheese",The California Chicken Pizza
414,174,cali_ckn_m,1,01-03-15,17:37:49,16.75,16.75,M,Chicken,"Chicken, Artichoke, Spinach, Garlic, Jalapeno Peppers, Fontina Cheese, Gouda Cheese",The California Chicken Pizza
415,174,ital_cpcllo_m,1,01-03-15,17:37:49,16,16,M,Classic,"Capocollo, Red Peppers, Tomatoes, Goat Cheese, Garlic, Oregano",The Italian Capocollo Pizza
416,175,ital_supr_l,1,01-03-15,17:50:51,20.75,20.75,L,Supreme,"Calabrese Salami, Capocollo, Tomatoes, Red Onions, Green Olives, Garlic",The Italian Supreme Pizza
417,176,cali_ckn_l,1,01-03-15,17:51:57,20.75,20.75,L,Chicken,"Chicken, Artichoke, Spinach, Garlic, Jalapeno Peppers, Fontina Cheese, Gouda Cheese",The California Chicken Pizza
418,176,peppr_salami_m,1,01-03-15,17:51:57,16.5,16.5,M,Supreme,"Genoa Salami, Capocollo, Pepperoni, Tomatoes, Asiago Cheese, Garlic",The Pepper Salami Pizza
419,177,napolitana_s,1,01-03-15,17:54:36,12,12,S,Classic,"Tomatoes, Anchovies, Green Olives, Red Onions, Garlic",The Napolitana Pizza
420,177,thai_ckn_l,1,01-03-15,17:54:36,20.75,20.75,L,Chicken,"Chicken, Pineapple, Tomatoes, Red Peppers, Thai Sweet Chilli Sauce",The Thai Chicken Pizza
421,178,peppr_salami_l,1,01-03-15,18:15:03,20.75,20.75,L,Supreme,"Genoa Salami, Capocollo, Pepperoni, Tomatoes, Asiago Cheese, Garlic",The Pepper Salami Pizza
422,179,hawaiian_l,1,01-03-15,18:20:14,16.5,16.5,L,Classic,"Sliced Ham, Pineapple, Mozzarella Cheese",The Hawaiian Pizza
423,179,sicilian_m,1,01-03-15,18:20:14,16.25,16.25,M,Supreme,"Coarse Sicilian Salami, Tomatoes, Green Olives, Luganega Sausage, Onions, Garlic",The Sicilian Pizza
424,179,veggie_veg_s,1,01-03-15,18:20:14,12,12,S,Veggie,"Mushrooms, Tomatoes, Red Peppers, Green Peppers, Red Onions, Zucchini, Spinach, Garlic",The Vegetables + Vegetables Pizza
425,180,classic_dlx_l,1,01-03-15,18:33:34,20.5,20.5,L,Classic,"Pepperoni, Mushrooms, Red Onions, Red Peppers, Bacon",The Classic Deluxe Pizza
426,180,prsc_argla_l,1,01-03-15,18:33:34,20.75,20.75,L,Supreme,"Prosciutto di San Daniele, Arugula, Mozzarella Cheese",The Prosciutto and Arugula Pizza
427,181,mexicana_l,1,01-03-15,18:49:32,20.25,20.25,L,Veggie,"Tomatoes, Red Peppers, Jalapeno Peppers, Red Onions, Cilantro, Corn, Chipotle Sauce, Garlic",The Mexicana Pizza
428,182,brie_carre_s,1,01-03-15,18:50:10,23.65,23.65,S,Supreme,"Brie Carre Cheese, Prosciutto, Caramelized Onions, Pears, Thyme, Garlic",The Brie Carre Pizza
429,182,peppr_salami_l,1,01-03-15,18:50:10,20.75,20.75,L,Supreme,"Genoa Salami, Capocollo, Pepperoni, Tomatoes, Asiago Cheese, Garlic",The Pepper Salami Pizza
430,183,napolitana_m,1,01-03-15,18:54:55,16,16,M,Classic,"Tomatoes, Anchovies, Green Olives, Red Onions, Garlic",The Napolitana Pizza
431,183,spin_pesto_l,1,01-03-15,18:54:55,20.75,20.75,L,Veggie,"Spinach, Artichokes, Tomatoes, Sun-dried Tomatoes, Garlic, Pesto Sauce",The Spinach Pesto Pizza
432,183,spin_pesto_s,1,01-03-15,18:54:55,12.5,12.5,S,Veggie,"Spinach, Artichokes, Tomatoes, Sun-dried Tomatoes, Garlic, Pesto Sauce",The Spinach Pesto Pizza
433,184,hawaiian_l,1,01-03-15,18:59:05,16.5,16.5,L,Classic,"Sliced Ham, Pineapple, Mozzarella Cheese",The Hawaiian Pizza
434,185,sicilian_m,1,01-03-15,19:08:33,16.25,16.25,M,Supreme,"Coarse Sicilian Salami, Tomatoes, Green Olives, Luganega Sausage, Onions, Garlic",The Sicilian Pizza
435,185,spin_pesto_s,1,01-03-15,19:08:33,12.5,12.5,S,Veggie,"Spinach, Artichokes, Tomatoes, Sun-dried Tomatoes, Garlic, Pesto Sauce",The Spinach Pesto Pizza
436,186,mexicana_l,1,01-03-15,19:36:00,20.25,20.25,L,Veggie,"Tomatoes, Red Peppers, Jalapeno Peppers, Red Onions, Cilantro, Corn, Chipotle Sauce, Garlic",The Mexicana Pizza
437,186,southw_ckn_l,1,01-03-15,19:36:00,20.75,20.75,L,Chicken,"Chicken, Tomatoes, Red Peppers, Red Onions, Jalapeno Peppers, Corn, Cilantro, Chipotle Sauce",The Southwest Chicken Pizza
438,186,spin_pesto_l,1,01-03-15,19:36:00,20.75,20.75,L,Veggie,"Spinach, Artichokes, Tomatoes, Sun-dried Tomatoes, Garlic, Pesto Sauce",The Spinach Pesto Pizza
439,186,thai_ckn_l,1,01-03-15,19:36:00,20.75,20.75,L,Chicken,"Chicken, Pineapple, Tomatoes, Red Peppers, Thai Sweet Chilli Sauce",The Thai Chicken Pizza
440,187,five_cheese_l,1,01-03-15,19:37:12,18.5,18.5,L,Veggie,"Mozzarella Cheese, Provolone Cheese, Smoked Gouda Cheese, Romano Cheese, Blue Cheese, Garlic",The Five Cheese Pizza
441,187,spin_pesto_l,1,01-03-15,19:37:12,20.75,20.75,L,Veggie,"Spinach, Artichokes, Tomatoes, Sun-dried Tomatoes, Garlic, Pesto Sauce",The Spinach Pesto Pizza
442,188,five_cheese_l,1,01-03-15,20:08:39,18.5,18.5,L,Veggie,"Mozzarella Cheese, Provolone Cheese, Smoked Gouda Cheese, Romano Cheese, Blue Cheese, Garlic",The Five Cheese Pizza
443,188,pepperoni_s,1,01-03-15,20:08:39,9.75,9.75,S,Classic,"Mozzarella Cheese, Pepperoni",The Pepperoni Pizza
444,188,peppr_salami_l,1,01-03-15,20:08:39,20.75,20.75,L,Supreme,"Genoa Salami, Capocollo, Pepperoni, Tomatoes, Asiago Cheese, Garlic",The Pepper Salami Pizza
445,189,big_meat_s,2,01-03-15,20:12:14,12,24,S,Classic,"Bacon, Pepperoni, Italian Sausage, Chorizo Sausage",The Big Meat Pizza
446,189,thai_ckn_s,1,01-03-15,20:12:14,12.75,12.75,S,Chicken,"Chicken, Pineapple, Tomatoes, Red Peppers, Thai Sweet Chilli Sauce",The Thai Chicken Pizza
447,190,bbq_ckn_l,1,01-03-15,20:14:23,20.75,20.75,L,Chicken,"Barbecued Chicken, Red Peppers, Green Peppers, Tomatoes, Red Onions, Barbecue Sauce",The Barbecue Chicken Pizza
448,190,four_cheese_m,1,01-03-15,20:14:23,14.75,14.75,M,Veggie,"Ricotta Cheese, Gorgonzola Piccante Cheese, Mozzarella Cheese, Parmigiano Reggiano Cheese, Garlic",The Four Cheese Pizza
449,190,pep_msh_pep_s,1,01-03-15,20:14:23,11,11,S,Classic,"Pepperoni, Mushrooms, Green Peppers","The Pepperoni, Mushroom, and Peppers Pizza"
450,190,prsc_argla_l,1,01-03-15,20:14:23,20.75,20.75,L,Supreme,"Prosciutto di San Daniele, Arugula, Mozzarella Cheese",The Prosciutto and Arugula Pizza
451,191,cali_ckn_l,1,01-03-15,20:24:50,20.75,20.75,L,Chicken,"Chicken, Artichoke, Spinach, Garlic, Jalapeno Peppers, Fontina Cheese, Gouda Cheese",The California Chicken Pizza
452,191,ckn_alfredo_m,1,01-03-15,20:24:50,16.75,16.75,M,Chicken,"Chicken, Red Onions, Red Peppers, Mushrooms, Asiago Cheese, Alfredo Sauce",The Chicken Alfredo Pizza
453,192,sicilian_s,1,01-03-15,20:30:08,12.25,12.25,S,Supreme,"Coarse Sicilian Salami, Tomatoes, Green Olives, Luganega Sausage, Onions, Garlic",The Sicilian Pizza
454,192,southw_ckn_l,1,01-03-15,20:30:08,20.75,20.75,L,Chicken,"Chicken, Tomatoes, Red Peppers, Red Onions, Jalapeno Peppers, Corn, Cilantro, Chipotle Sauce",The Southwest Chicken Pizza
455,193,big_meat_s,1,01-03-15,20:55:47,12,12,S,Classic,"Bacon, Pepperoni, Italian Sausage, Chorizo Sausage",The Big Meat Pizza
456,193,cali_ckn_m,1,01-03-15,20:55:47,16.75,16.75,M,Chicken,"Chicken, Artichoke, Spinach, Garlic, Jalapeno Peppers, Fontina Cheese, Gouda Cheese",The California Chicken Pizza
457,193,ckn_alfredo_l,2,01-03-15,20:55:47,20.75,41.5,L,Chicken,"Chicken, Red Onions, Red Peppers, Mushrooms, Asiago Cheese, Alfredo Sauce",The Chicken Alfredo Pizza
458,194,bbq_ckn_s,1,01-03-15,21:21:24,12.75,12.75,S,Chicken,"Barbecued Chicken, Red Peppers, Green Peppers, Tomatoes, Red Onions, Barbecue Sauce",The Barbecue Chicken Pizza
459,195,bbq_ckn_l,1,01-03-15,21:25:20,20.75,20.75,L,Chicken,"Barbecued Chicken, Red Peppers, Green Peppers, Tomatoes, Red Onions, Barbecue Sauce",The Barbecue Chicken Pizza
460,196,sicilian_s,1,01-03-15,21:40:14,12.25,12.25,S,Supreme,"Coarse Sicilian Salami, Tomatoes, Green Olives, Luganega Sausage, Onions, Garlic",The Sicilian Pizza
461,196,spicy_ital_m,1,01-03-15,21:40:14,16.5,16.5,M,Supreme,"Capocollo, Tomatoes, Goat Cheese, Artichokes, Peperoncini verdi, Garlic",The Spicy Italian Pizza
462,196,veggie_veg_m,1,01-03-15,21:40:14,16,16,M,Veggie,"Mushrooms, Tomatoes, Red Peppers, Green Peppers, Red Onions, Zucchini, Spinach, Garlic",The Vegetables + Vegetables Pizza
463,197,four_cheese_l,1,01-03-15,21:47:48,17.95,17.95,L,Veggie,"Ricotta Cheese, Gorgonzola Piccante Cheese, Mozzarella Cheese, Parmigiano Reggiano Cheese, Garlic",The Four Cheese Pizza
464,197,ital_cpcllo_l,1,01-03-15,21:47:48,20.5,20.5,L,Classic,"Capocollo, Red Peppers, Tomatoes, Goat Cheese, Garlic, Oregano",The Italian Capocollo Pizza
465,197,ital_veggie_l,1,01-03-15,21:47:48,21,21,L,Veggie,"Eggplant, Artichokes, Tomatoes, Zucchini, Red Peppers, Garlic, Pesto Sauce",The Italian Vegetables Pizza
466,197,soppressata_l,1,01-03-15,21:47:48,20.75,20.75,L,Supreme,"Soppressata Salami, Fontina Cheese, Mozzarella Cheese, Mushrooms, Garlic",The Soppressata Pizza
467,198,big_meat_s,1,01-03-15,21:55:42,12,12,S,Classic,"Bacon, Pepperoni, Italian Sausage, Chorizo Sausage",The Big Meat Pizza
468,198,ckn_alfredo_l,1,01-03-15,21:55:42,20.75,20.75,L,Chicken,"Chicken, Red Onions, Red Peppers, Mushrooms, Asiago Cheese, Alfredo Sauce",The Chicken Alfredo Pizza
469,199,ckn_alfredo_m,1,01-03-15,22:10:38,16.75,16.75,M,Chicken,"Chicken, Red Onions, Red Peppers, Mushrooms, Asiago Cheese, Alfredo Sauce",The Chicken Alfredo Pizza
470,200,the_greek_xl,1,01-03-15,22:24:05,25.5,25.5,XL,Classic,"Kalamata Olives, Feta Cheese, Tomatoes, Garlic, Beef Chuck Roast, Red Onions",The Greek Pizza
471,201,calabrese_m,1,01-03-15,22:29:59,16.25,16.25,M,Supreme,"æ…›duja Salami, Pancetta, Tomatoes, Red Onions, Friggitello Peppers, Garlic",The Calabrese Pizza
472,201,ckn_pesto_l,1,01-03-15,22:29:59,20.75,20.75,L,Chicken,"Chicken, Tomatoes, Red Peppers, Spinach, Garlic, Pesto Sauce",The Chicken Pesto Pizza
473,201,ital_supr_l,1,01-03-15,22:29:59,20.75,20.75,L,Supreme,"Calabrese Salami, Capocollo, Tomatoes, Red Onions, Green Olives, Garlic",The Italian Supreme Pizza
474,201,the_greek_xl,1,01-03-15,22:29:59,25.5,25.5,XL,Classic,"Kalamata Olives, Feta Cheese, Tomatoes, Garlic, Beef Chuck Roast, Red Onions",The Greek Pizza
475,202,cali_ckn_s,1,01-03-15,22:50:29,12.75,12.75,S,Chicken,"Chicken, Artichoke, Spinach, Garlic, Jalapeno Peppers, Fontina Cheese, Gouda Cheese",The California Chicken Pizza
476,203,cali_ckn_l,1,01-04-15,11:30:48,20.75,20.75,L,Chicken,"Chicken, Artichoke, Spinach, Garlic, Jalapeno Peppers, Fontina Cheese, Gouda Cheese",The California Chicken Pizza
477,203,ital_veggie_m,1,01-04-15,11:30:48,16.75,16.75,M,Veggie,"Eggplant, Artichokes, Tomatoes, Zucchini, Red Peppers, Garlic, Pesto Sauce",The Italian Vegetables Pizza
478,203,pep_msh_pep_l,1,01-04-15,11:30:48,17.5,17.5,L,Classic,"Pepperoni, Mushrooms, Green Peppers","The Pepperoni, Mushroom, and Peppers Pizza"
479,203,the_greek_s,1,01-04-15,11:30:48,12,12,S,Classic,"Kalamata Olives, Feta Cheese, Tomatoes, Garlic, Beef Chuck Roast, Red Onions",The Greek Pizza
480,204,spicy_ital_l,1,01-04-15,11:36:25,20.75,20.75,L,Supreme,"Capocollo, Tomatoes, Goat Cheese, Artichokes, Peperoncini verdi, Garlic",The Spicy Italian Pizza
481,205,cali_ckn_s,1,01-04-15,11:43:54,12.75,12.75,S,Chicken,"Chicken, Artichoke, Spinach, Garlic, Jalapeno Peppers, Fontina Cheese, Gouda Cheese",The California Chicken Pizza
482,205,ckn_alfredo_m,1,01-04-15,11:43:54,16.75,16.75,M,Chicken,"Chicken, Red Onions, Red Peppers, Mushrooms, Asiago Cheese, Alfredo Sauce",The Chicken Alfredo Pizza
483,205,prsc_argla_s,1,01-04-15,11:43:54,12.5,12.5,S,Supreme,"Prosciutto di San Daniele, Arugula, Mozzarella Cheese",The Prosciutto and Arugula Pizza
484,206,napolitana_m,1,01-04-15,11:45:10,16,16,M,Classic,"Tomatoes, Anchovies, Green Olives, Red Onions, Garlic",The Napolitana Pizza
485,206,pepperoni_s,1,01-04-15,11:45:10,9.75,9.75,S,Classic,"Mozzarella Cheese, Pepperoni",The Pepperoni Pizza
486,206,spicy_ital_l,1,01-04-15,11:45:10,20.75,20.75,L,Supreme,"Capocollo, Tomatoes, Goat Cheese, Artichokes, Peperoncini verdi, Garlic",The Spicy Italian Pizza
487,207,spicy_ital_l,1,01-04-15,12:03:58,20.75,20.75,L,Supreme,"Capocollo, Tomatoes, Goat Cheese, Artichokes, Peperoncini verdi, Garlic",The Spicy Italian Pizza
488,208,bbq_ckn_l,1,01-04-15,12:12:05,20.75,20.75,L,Chicken,"Barbecued Chicken, Red Peppers, Green Peppers, Tomatoes, Red Onions, Barbecue Sauce",The Barbecue Chicken Pizza
489,208,bbq_ckn_s,1,01-04-15,12:12:05,12.75,12.75,S,Chicken,"Barbecued Chicken, Red Peppers, Green Peppers, Tomatoes, Red Onions, Barbecue Sauce",The Barbecue Chicken Pizza
490,208,ckn_alfredo_m,1,01-04-15,12:12:05,16.75,16.75,M,Chicken,"Chicken, Red Onions, Red Peppers, Mushrooms, Asiago Cheese, Alfredo Sauce",The Chicken Alfredo Pizza
491,208,pepperoni_m,1,01-04-15,12:12:05,12.5,12.5,M,Classic,"Mozzarella Cheese, Pepperoni",The Pepperoni Pizza
492,208,the_greek_m,1,01-04-15,12:12:05,16,16,M,Classic,"Kalamata Olives, Feta Cheese, Tomatoes, Garlic, Beef Chuck Roast, Red Onions",The Greek Pizza
493,209,cali_ckn_l,1,01-04-15,12:29:17,20.75,20.75,L,Chicken,"Chicken, Artichoke, Spinach, Garlic, Jalapeno Peppers, Fontina Cheese, Gouda Cheese",The California Chicken Pizza
494,210,spinach_fet_s,1,01-04-15,12:34:13,12,12,S,Veggie,"Spinach, Mushrooms, Red Onions, Feta Cheese, Garlic",The Spinach and Feta Pizza
495,211,pepperoni_s,1,01-04-15,12:54:20,9.75,9.75,S,Classic,"Mozzarella Cheese, Pepperoni",The Pepperoni Pizza
496,212,ital_cpcllo_l,1,01-04-15,13:16:03,20.5,20.5,L,Classic,"Capocollo, Red Peppers, Tomatoes, Goat Cheese, Garlic, Oregano",The Italian Capocollo Pizza
497,213,four_cheese_l,1,01-04-15,13:20:39,17.95,17.95,L,Veggie,"Ricotta Cheese, Gorgonzola Piccante Cheese, Mozzarella Cheese, Parmigiano Reggiano Cheese, Garlic",The Four Cheese Pizza
498,214,ital_cpcllo_l,1,01-04-15,13:39:16,20.5,20.5,L,Classic,"Capocollo, Red Peppers, Tomatoes, Goat Cheese, Garlic, Oregano",The Italian Capocollo Pizza
499,214,ital_supr_m,1,01-04-15,13:39:16,16.5,16.5,M,Supreme,"Calabrese Salami, Capocollo, Tomatoes, Red Onions, Green Olives, Garlic",The Italian Supreme Pizza
500,214,mexicana_s,1,01-04-15,13:39:16,12,12,S,Veggie,"Tomatoes, Red Peppers, Jalapeno Peppers, Red Onions, Cilantro, Corn, Chipotle Sauce, Garlic",The Mexicana Pizza
501,214,spin_pesto_m,1,01-04-15,13:39:16,16.5,16.5,M,Veggie,"Spinach, Artichokes, Tomatoes, Sun-dried Tomatoes, Garlic, Pesto Sauce",The Spinach Pesto Pizza
502,215,green_garden_s,1,01-04-15,13:44:49,12,12,S,Veggie,"Spinach, Mushrooms, Tomatoes, Green Olives, Feta Cheese",The Green Garden Pizza
503,216,bbq_ckn_m,1,01-04-15,14:31:56,16.75,16.75,M,Chicken,"Barbecued Chicken, Red Peppers, Green Peppers, Tomatoes, Red Onions, Barbecue Sauce",The Barbecue Chicken Pizza
504,216,five_cheese_l,1,01-04-15,14:31:56,18.5,18.5,L,Veggie,"Mozzarella Cheese, Provolone Cheese, Smoked Gouda Cheese, Romano Cheese, Blue Cheese, Garlic",The Five Cheese Pizza
505,216,hawaiian_l,1,01-04-15,14:31:56,16.5,16.5,L,Classic,"Sliced Ham, Pineapple, Mozzarella Cheese",The Hawaiian Pizza
506,217,classic_dlx_m,1,01-04-15,14:35:03,16,16,M,Classic,"Pepperoni, Mushrooms, Red Onions, Red Peppers, Bacon",The Classic Deluxe Pizza
507,217,spinach_fet_s,1,01-04-15,14:35:03,12,12,S,Veggie,"Spinach, Mushrooms, Red Onions, Feta Cheese, Garlic",The Spinach and Feta Pizza
508,218,spicy_ital_m,1,01-04-15,14:35:11,16.5,16.5,M,Supreme,"Capocollo, Tomatoes, Goat Cheese, Artichokes, Peperoncini verdi, Garlic",The Spicy Italian Pizza
509,219,bbq_ckn_l,1,01-04-15,14:42:01,20.75,20.75,L,Chicken,"Barbecued Chicken, Red Peppers, Green Peppers, Tomatoes, Red Onions, Barbecue Sauce",The Barbecue Chicken Pizza
510,219,five_cheese_l,1,01-04-15,14:42:01,18.5,18.5,L,Veggie,"Mozzarella Cheese, Provolone Cheese, Smoked Gouda Cheese, Romano Cheese, Blue Cheese, Garlic",The Five Cheese Pizza
511,219,peppr_salami_m,1,01-04-15,14:42:01,16.5,16.5,M,Supreme,"Genoa Salami, Capocollo, Pepperoni, Tomatoes, Asiago Cheese, Garlic",The Pepper Salami Pizza
512,219,spinach_fet_m,1,01-04-15,14:42:01,16,16,M,Veggie,"Spinach, Mushrooms, Red Onions, Feta Cheese, Garlic",The Spinach and Feta Pizza
513,220,hawaiian_s,1,01-04-15,15:31:59,10.5,10.5,S,Classic,"Sliced Ham, Pineapple, Mozzarella Cheese",The Hawaiian Pizza
514,220,ital_cpcllo_s,1,01-04-15,15:31:59,12,12,S,Classic,"Capocollo, Red Peppers, Tomatoes, Goat Cheese, Garlic, Oregano",The Italian Capocollo Pizza
515,220,napolitana_l,1,01-04-15,15:31:59,20.5,20.5,L,Classic,"Tomatoes, Anchovies, Green Olives, Red Onions, Garlic",The Napolitana Pizza
516,220,spicy_ital_l,1,01-04-15,15:31:59,20.75,20.75,L,Supreme,"Capocollo, Tomatoes, Goat Cheese, Artichokes, Peperoncini verdi, Garlic",The Spicy Italian Pizza
517,221,five_cheese_l,1,01-04-15,15:33:18,18.5,18.5,L,Veggie,"Mozzarella Cheese, Provolone Cheese, Smoked Gouda Cheese, Romano Cheese, Blue Cheese, Garlic",The Five Cheese Pizza
518,221,prsc_argla_m,1,01-04-15,15:33:18,16.5,16.5,M,Supreme,"Prosciutto di San Daniele, Arugula, Mozzarella Cheese",The Prosciutto and Arugula Pizza
519,221,the_greek_s,1,01-04-15,15:33:18,12,12,S,Classic,"Kalamata Olives, Feta Cheese, Tomatoes, Garlic, Beef Chuck Roast, Red Onions",The Greek Pizza
520,222,four_cheese_l,1,01-04-15,15:46:38,17.95,17.95,L,Veggie,"Ricotta Cheese, Gorgonzola Piccante Cheese, Mozzarella Cheese, Parmigiano Reggiano Cheese, Garlic",The Four Cheese Pizza
521,222,sicilian_s,1,01-04-15,15:46:38,12.25,12.25,S,Supreme,"Coarse Sicilian Salami, Tomatoes, Green Olives, Luganega Sausage, Onions, Garlic",The Sicilian Pizza
522,223,pep_msh_pep_s,1,01-04-15,16:08:20,11,11,S,Classic,"Pepperoni, Mushrooms, Green Peppers","The Pepperoni, Mushroom, and Peppers Pizza"
523,224,ckn_alfredo_s,1,01-04-15,16:39:58,12.75,12.75,S,Chicken,"Chicken, Red Onions, Red Peppers, Mushrooms, Asiago Cheese, Alfredo Sauce",The Chicken Alfredo Pizza
524,224,ital_supr_m,1,01-04-15,16:39:58,16.5,16.5,M,Supreme,"Calabrese Salami, Capocollo, Tomatoes, Red Onions, Green Olives, Garlic",The Italian Supreme Pizza
525,224,napolitana_m,1,01-04-15,16:39:58,16,16,M,Classic,"Tomatoes, Anchovies, Green Olives, Red Onions, Garlic",The Napolitana Pizza
526,224,thai_ckn_l,1,01-04-15,16:39:58,20.75,20.75,L,Chicken,"Chicken, Pineapple, Tomatoes, Red Peppers, Thai Sweet Chilli Sauce",The Thai Chicken Pizza
527,225,bbq_ckn_l,1,01-04-15,16:41:48,20.75,20.75,L,Chicken,"Barbecued Chicken, Red Peppers, Green Peppers, Tomatoes, Red Onions, Barbecue Sauce",The Barbecue Chicken Pizza
528,225,bbq_ckn_m,1,01-04-15,16:41:48,16.75,16.75,M,Chicken,"Barbecued Chicken, Red Peppers, Green Peppers, Tomatoes, Red Onions, Barbecue Sauce",The Barbecue Chicken Pizza
529,225,southw_ckn_s,1,01-04-15,16:41:48,12.75,12.75,S,Chicken,"Chicken, Tomatoes, Red Peppers, Red Onions, Jalapeno Peppers, Corn, Cilantro, Chipotle Sauce",The Southwest Chicken Pizza
530,226,classic_dlx_l,1,01-04-15,16:59:39,20.5,20.5,L,Classic,"Pepperoni, Mushrooms, Red Onions, Red Peppers, Bacon",The Classic Deluxe Pizza
531,227,bbq_ckn_m,1,01-04-15,17:24:39,16.75,16.75,M,Chicken,"Barbecued Chicken, Red Peppers, Green Peppers, Tomatoes, Red Onions, Barbecue Sauce",The Barbecue Chicken Pizza
532,227,the_greek_m,1,01-04-15,17:24:39,16,16,M,Classic,"Kalamata Olives, Feta Cheese, Tomatoes, Garlic, Beef Chuck Roast, Red Onions",The Greek Pizza
533,228,ital_veggie_s,1,01-04-15,17:31:24,12.75,12.75,S,Veggie,"Eggplant, Artichokes, Tomatoes, Zucchini, Red Peppers, Garlic, Pesto Sauce",The Italian Vegetables Pizza
534,229,ital_veggie_l,1,01-04-15,17:37:57,21,21,L,Veggie,"Eggplant, Artichokes, Tomatoes, Zucchini, Red Peppers, Garlic, Pesto Sauce",The Italian Vegetables Pizza
535,229,prsc_argla_l,1,01-04-15,17:37:57,20.75,20.75,L,Supreme,"Prosciutto di San Daniele, Arugula, Mozzarella Cheese",The Prosciutto and Arugula Pizza
536,229,spin_pesto_s,1,01-04-15,17:37:57,12.5,12.5,S,Veggie,"Spinach, Artichokes, Tomatoes, Sun-dried Tomatoes, Garlic, Pesto Sauce",The Spinach Pesto Pizza
537,230,thai_ckn_m,1,01-04-15,17:58:38,16.75,16.75,M,Chicken,"Chicken, Pineapple, Tomatoes, Red Peppers, Thai Sweet Chilli Sauce",The Thai Chicken Pizza
538,231,cali_ckn_l,1,01-04-15,18:04:18,20.75,20.75,L,Chicken,"Chicken, Artichoke, Spinach, Garlic, Jalapeno Peppers, Fontina Cheese, Gouda Cheese",The California Chicken Pizza
539,231,napolitana_s,1,01-04-15,18:04:18,12,12,S,Classic,"Tomatoes, Anchovies, Green Olives, Red Onions, Garlic",The Napolitana Pizza
540,231,prsc_argla_s,1,01-04-15,18:04:18,12.5,12.5,S,Supreme,"Prosciutto di San Daniele, Arugula, Mozzarella Cheese",The Prosciutto and Arugula Pizza
541,232,bbq_ckn_m,1,01-04-15,18:21:59,16.75,16.75,M,Chicken,"Barbecued Chicken, Red Peppers, Green Peppers, Tomatoes, Red Onions, Barbecue Sauce",The Barbecue Chicken Pizza
542,232,spinach_supr_l,1,01-04-15,18:21:59,20.75,20.75,L,Supreme,"Spinach, Red Onions, Pepperoni, Tomatoes, Artichokes, Kalamata Olives, Garlic, Asiago Cheese",The Spinach Supreme Pizza
543,233,spinach_fet_s,1,01-04-15,18:26:51,12,12,S,Veggie,"Spinach, Mushrooms, Red Onions, Feta Cheese, Garlic",The Spinach and Feta Pizza
544,234,ckn_alfredo_m,1,01-04-15,18:36:09,16.75,16.75,M,Chicken,"Chicken, Red Onions, Red Peppers, Mushrooms, Asiago Cheese, Alfredo Sauce",The Chicken Alfredo Pizza
545,234,ital_supr_s,1,01-04-15,18:36:09,12.5,12.5,S,Supreme,"Calabrese Salami, Capocollo, Tomatoes, Red Onions, Green Olives, Garlic",The Italian Supreme Pizza
546,234,napolitana_m,1,01-04-15,18:36:09,16,16,M,Classic,"Tomatoes, Anchovies, Green Olives, Red Onions, Garlic",The Napolitana Pizza
547,235,cali_ckn_m,1,01-04-15,18:51:30,16.75,16.75,M,Chicken,"Chicken, Artichoke, Spinach, Garlic, Jalapeno Peppers, Fontina Cheese, Gouda Cheese",The California Chicken Pizza
548,236,classic_dlx_l,1,01-04-15,19:21:04,20.5,20.5,L,Classic,"Pepperoni, Mushrooms, Red Onions, Red Peppers, Bacon",The Classic Deluxe Pizza
549,236,green_garden_m,1,01-04-15,19:21:04,16,16,M,Veggie,"Spinach, Mushrooms, Tomatoes, Green Olives, Feta Cheese",The Green Garden Pizza
550,237,green_garden_s,1,01-04-15,19:27:48,12,12,S,Veggie,"Spinach, Mushrooms, Tomatoes, Green Olives, Feta Cheese",The Green Garden Pizza
551,238,spin_pesto_l,1,01-04-15,19:45:15,20.75,20.75,L,Veggie,"Spinach, Artichokes, Tomatoes, Sun-dried Tomatoes, Garlic, Pesto Sauce",The Spinach Pesto Pizza
552,239,ital_supr_l,1,01-04-15,19:57:52,20.75,20.75,L,Supreme,"Calabrese Salami, Capocollo, Tomatoes, Red Onions, Green Olives, Garlic",The Italian Supreme Pizza
553,239,thai_ckn_m,1,01-04-15,19:57:52,16.75,16.75,M,Chicken,"Chicken, Pineapple, Tomatoes, Red Peppers, Thai Sweet Chilli Sauce",The Thai Chicken Pizza
554,240,four_cheese_m,1,01-04-15,20:10:24,14.75,14.75,M,Veggie,"Ricotta Cheese, Gorgonzola Piccante Cheese, Mozzarella Cheese, Parmigiano Reggiano Cheese, Garlic",The Four Cheese Pizza
555,241,sicilian_m,1,01-04-15,20:11:25,16.25,16.25,M,Supreme,"Coarse Sicilian Salami, Tomatoes, Green Olives, Luganega Sausage, Onions, Garlic",The Sicilian Pizza
556,241,spinach_supr_l,1,01-04-15,20:11:25,20.75,20.75,L,Supreme,"Spinach, Red Onions, Pepperoni, Tomatoes, Artichokes, Kalamata Olives, Garlic, Asiago Cheese",The Spinach Supreme Pizza
557,242,calabrese_m,1,01-04-15,20:15:29,16.25,16.25,M,Supreme,"æ…›duja Salami, Pancetta, Tomatoes, Red Onions, Friggitello Peppers, Garlic",The Calabrese Pizza
558,242,thai_ckn_l,1,01-04-15,20:15:29,20.75,20.75,L,Chicken,"Chicken, Pineapple, Tomatoes, Red Peppers, Thai Sweet Chilli Sauce",The Thai Chicken Pizza
559,242,veggie_veg_m,1,01-04-15,20:15:29,16,16,M,Veggie,"Mushrooms, Tomatoes, Red Peppers, Green Peppers, Red Onions, Zucchini, Spinach, Garlic",The Vegetables + Vegetables Pizza
560,243,classic_dlx_l,1,01-04-15,20:26:17,20.5,20.5,L,Classic,"Pepperoni, Mushrooms, Red Onions, Red Peppers, Bacon",The Classic Deluxe Pizza
561,243,spinach_supr_s,1,01-04-15,20:26:17,12.5,12.5,S,Supreme,"Spinach, Red Onions, Pepperoni, Tomatoes, Artichokes, Kalamata Olives, Garlic, Asiago Cheese",The Spinach Supreme Pizza
562,244,ital_supr_s,1,01-04-15,20:26:22,12.5,12.5,S,Supreme,"Calabrese Salami, Capocollo, Tomatoes, Red Onions, Green Olives, Garlic",The Italian Supreme Pizza
563,244,spicy_ital_l,1,01-04-15,20:26:22,20.75,20.75,L,Supreme,"Capocollo, Tomatoes, Goat Cheese, Artichokes, Peperoncini verdi, Garlic",The Spicy Italian Pizza
564,245,bbq_ckn_l,1,01-04-15,20:28:41,20.75,20.75,L,Chicken,"Barbecued Chicken, Red Peppers, Green Peppers, Tomatoes, Red Onions, Barbecue Sauce",The Barbecue Chicken Pizza
565,245,ckn_pesto_l,1,01-04-15,20:28:41,20.75,20.75,L,Chicken,"Chicken, Tomatoes, Red Peppers, Spinach, Garlic, Pesto Sauce",The Chicken Pesto Pizza
566,246,ckn_alfredo_m,1,01-04-15,20:30:48,16.75,16.75,M,Chicken,"Chicken, Red Onions, Red Peppers, Mushrooms, Asiago Cheese, Alfredo Sauce",The Chicken Alfredo Pizza
567,246,pepperoni_l,1,01-04-15,20:30:48,15.25,15.25,L,Classic,"Mozzarella Cheese, Pepperoni",The Pepperoni Pizza
568,247,hawaiian_m,1,01-04-15,20:55:29,13.25,13.25,M,Classic,"Sliced Ham, Pineapple, Mozzarella Cheese",The Hawaiian Pizza
569,247,sicilian_m,1,01-04-15,20:55:29,16.25,16.25,M,Supreme,"Coarse Sicilian Salami, Tomatoes, Green Olives, Luganega Sausage, Onions, Garlic",The Sicilian Pizza
570,247,spinach_supr_s,1,01-04-15,20:55:29,12.5,12.5,S,Supreme,"Spinach, Red Onions, Pepperoni, Tomatoes, Artichokes, Kalamata Olives, Garlic, Asiago Cheese",The Spinach Supreme Pizza
571,248,hawaiian_s,1,01-04-15,20:58:19,10.5,10.5,S,Classic,"Sliced Ham, Pineapple, Mozzarella Cheese",The Hawaiian Pizza
572,248,thai_ckn_l,1,01-04-15,20:58:19,20.75,20.75,L,Chicken,"Chicken, Pineapple, Tomatoes, Red Peppers, Thai Sweet Chilli Sauce",The Thai Chicken Pizza
573,249,bbq_ckn_l,1,01-04-15,21:06:16,20.75,20.75,L,Chicken,"Barbecued Chicken, Red Peppers, Green Peppers, Tomatoes, Red Onions, Barbecue Sauce",The Barbecue Chicken Pizza
574,249,calabrese_s,1,01-04-15,21:06:16,12.25,12.25,S,Supreme,"æ…›duja Salami, Pancetta, Tomatoes, Red Onions, Friggitello Peppers, Garlic",The Calabrese Pizza
575,250,four_cheese_m,1,01-04-15,21:07:05,14.75,14.75,M,Veggie,"Ricotta Cheese, Gorgonzola Piccante Cheese, Mozzarella Cheese, Parmigiano Reggiano Cheese, Garlic",The Four Cheese Pizza
576,251,mexicana_m,1,01-04-15,21:10:05,16,16,M,Veggie,"Tomatoes, Red Peppers, Jalapeno Peppers, Red Onions, Cilantro, Corn, Chipotle Sauce, Garlic",The Mexicana Pizza
577,252,prsc_argla_m,1,01-04-15,22:13:15,16.5,16.5,M,Supreme,"Prosciutto di San Daniele, Arugula, Mozzarella Cheese",The Prosciutto and Arugula Pizza
578,253,brie_carre_s,1,01-04-15,22:16:18,23.65,23.65,S,Supreme,"Brie Carre Cheese, Prosciutto, Caramelized Onions, Pears, Thyme, Garlic",The Brie Carre Pizza
579,254,bbq_ckn_l,1,01-04-15,22:22:13,20.75,20.75,L,Chicken,"Barbecued Chicken, Red Peppers, Green Peppers, Tomatoes, Red Onions, Barbecue Sauce",The Barbecue Chicken Pizza
580,254,brie_carre_s,1,01-04-15,22:22:13,23.65,23.65,S,Supreme,"Brie Carre Cheese, Prosciutto, Caramelized Onions, Pears, Thyme, Garlic",The Brie Carre Pizza
581,254,five_cheese_l,1,01-04-15,22:22:13,18.5,18.5,L,Veggie,"Mozzarella Cheese, Provolone Cheese, Smoked Gouda Cheese, Romano Cheese, Blue Cheese, Garlic",The Five Cheese Pizza
582,255,five_cheese_l,1,01-05-15,11:23:35,18.5,18.5,L,Veggie,"Mozzarella Cheese, Provolone Cheese, Smoked Gouda Cheese, Romano Cheese, Blue Cheese, Garlic",The Five Cheese Pizza
583,255,green_garden_m,1,01-05-15,11:23:35,16,16,M,Veggie,"Spinach, Mushrooms, Tomatoes, Green Olives, Feta Cheese",The Green Garden Pizza
584,255,hawaiian_l,1,01-05-15,11:23:35,16.5,16.5,L,Classic,"Sliced Ham, Pineapple, Mozzarella Cheese",The Hawaiian Pizza
585,255,spinach_fet_m,1,01-05-15,11:23:35,16,16,M,Veggie,"Spinach, Mushrooms, Red Onions, Feta Cheese, Garlic",The Spinach and Feta Pizza
586,256,pep_msh_pep_l,1,01-05-15,11:56:06,17.5,17.5,L,Classic,"Pepperoni, Mushrooms, Green Peppers","The Pepperoni, Mushroom, and Peppers Pizza"
587,257,cali_ckn_l,1,01-05-15,11:59:04,20.75,20.75,L,Chicken,"Chicken, Artichoke, Spinach, Garlic, Jalapeno Peppers, Fontina Cheese, Gouda Cheese",The California Chicken Pizza
588,257,ckn_alfredo_l,1,01-05-15,11:59:04,20.75,20.75,L,Chicken,"Chicken, Red Onions, Red Peppers, Mushrooms, Asiago Cheese, Alfredo Sauce",The Chicken Alfredo Pizza
589,258,classic_dlx_m,1,01-05-15,11:59:23,16,16,M,Classic,"Pepperoni, Mushrooms, Red Onions, Red Peppers, Bacon",The Classic Deluxe Pizza
590,259,pepperoni_l,1,01-05-15,12:04:25,15.25,15.25,L,Classic,"Mozzarella Cheese, Pepperoni",The Pepperoni Pizza
591,260,five_cheese_l,1,01-05-15,12:06:27,18.5,18.5,L,Veggie,"Mozzarella Cheese, Provolone Cheese, Smoked Gouda Cheese, Romano Cheese, Blue Cheese, Garlic",The Five Cheese Pizza
592,260,the_greek_l,1,01-05-15,12:06:27,20.5,20.5,L,Classic,"Kalamata Olives, Feta Cheese, Tomatoes, Garlic, Beef Chuck Roast, Red Onions",The Greek Pizza
593,261,brie_carre_s,1,01-05-15,12:38:29,23.65,23.65,S,Supreme,"Brie Carre Cheese, Prosciutto, Caramelized Onions, Pears, Thyme, Garlic",The Brie Carre Pizza
594,262,cali_ckn_m,1,01-05-15,12:42:01,16.75,16.75,M,Chicken,"Chicken, Artichoke, Spinach, Garlic, Jalapeno Peppers, Fontina Cheese, Gouda Cheese",The California Chicken Pizza
595,263,spin_pesto_l,1,01-05-15,12:57:22,20.75,20.75,L,Veggie,"Spinach, Artichokes, Tomatoes, Sun-dried Tomatoes, Garlic, Pesto Sauce",The Spinach Pesto Pizza
596,264,mexicana_m,1,01-05-15,13:03:59,16,16,M,Veggie,"Tomatoes, Red Peppers, Jalapeno Peppers, Red Onions, Cilantro, Corn, Chipotle Sauce, Garlic",The Mexicana Pizza
597,265,ckn_alfredo_m,1,01-05-15,13:04:42,16.75,16.75,M,Chicken,"Chicken, Red Onions, Red Peppers, Mushrooms, Asiago Cheese, Alfredo Sauce",The Chicken Alfredo Pizza
598,265,mexicana_l,1,01-05-15,13:04:42,20.25,20.25,L,Veggie,"Tomatoes, Red Peppers, Jalapeno Peppers, Red Onions, Cilantro, Corn, Chipotle Sauce, Garlic",The Mexicana Pizza
599,265,sicilian_m,1,01-05-15,13:04:42,16.25,16.25,M,Supreme,"Coarse Sicilian Salami, Tomatoes, Green Olives, Luganega Sausage, Onions, Garlic",The Sicilian Pizza
600,265,spicy_ital_l,1,01-05-15,13:04:42,20.75,20.75,L,Supreme,"Capocollo, Tomatoes, Goat Cheese, Artichokes, Peperoncini verdi, Garlic",The Spicy Italian Pizza
601,266,peppr_salami_m,1,01-05-15,13:09:29,16.5,16.5,M,Supreme,"Genoa Salami, Capocollo, Pepperoni, Tomatoes, Asiago Cheese, Garlic",The Pepper Salami Pizza
602,267,four_cheese_l,1,01-05-15,13:37:50,17.95,17.95,L,Veggie,"Ricotta Cheese, Gorgonzola Piccante Cheese, Mozzarella Cheese, Parmigiano Reggiano Cheese, Garlic",The Four Cheese Pizza
603,267,mediterraneo_l,1,01-05-15,13:37:50,20.25,20.25,L,Veggie,"Spinach, Artichokes, Kalamata Olives, Sun-dried Tomatoes, Feta Cheese, Plum Tomatoes, Red Onions",The Mediterranean Pizza
604,267,napolitana_s,1,01-05-15,13:37:50,12,12,S,Classic,"Tomatoes, Anchovies, Green Olives, Red Onions, Garlic",The Napolitana Pizza
605,268,ital_supr_l,1,01-05-15,13:40:46,20.75,20.75,L,Supreme,"Calabrese Salami, Capocollo, Tomatoes, Red Onions, Green Olives, Garlic",The Italian Supreme Pizza
606,268,pepperoni_s,1,01-05-15,13:40:46,9.75,9.75,S,Classic,"Mozzarella Cheese, Pepperoni",The Pepperoni Pizza
607,269,ckn_alfredo_m,1,01-05-15,13:49:34,16.75,16.75,M,Chicken,"Chicken, Red Onions, Red Peppers, Mushrooms, Asiago Cheese, Alfredo Sauce",The Chicken Alfredo Pizza
608,270,southw_ckn_l,1,01-05-15,14:09:02,20.75,20.75,L,Chicken,"Chicken, Tomatoes, Red Peppers, Red Onions, Jalapeno Peppers, Corn, Cilantro, Chipotle Sauce",The Southwest Chicken Pizza
609,270,spin_pesto_l,1,01-05-15,14:09:02,20.75,20.75,L,Veggie,"Spinach, Artichokes, Tomatoes, Sun-dried Tomatoes, Garlic, Pesto Sauce",The Spinach Pesto Pizza
610,270,thai_ckn_l,1,01-05-15,14:09:02,20.75,20.75,L,Chicken,"Chicken, Pineapple, Tomatoes, Red Peppers, Thai Sweet Chilli Sauce",The Thai Chicken Pizza
611,271,big_meat_s,1,01-05-15,14:22:19,12,12,S,Classic,"Bacon, Pepperoni, Italian Sausage, Chorizo Sausage",The Big Meat Pizza
612,271,cali_ckn_m,2,01-05-15,14:22:19,16.75,33.5,M,Chicken,"Chicken, Artichoke, Spinach, Garlic, Jalapeno Peppers, Fontina Cheese, Gouda Cheese",The California Chicken Pizza
613,271,ckn_alfredo_m,2,01-05-15,14:22:19,16.75,33.5,M,Chicken,"Chicken, Red Onions, Red Peppers, Mushrooms, Asiago Cheese, Alfredo Sauce",The Chicken Alfredo Pizza
614,271,ckn_pesto_l,2,01-05-15,14:22:19,20.75,41.5,L,Chicken,"Chicken, Tomatoes, Red Peppers, Spinach, Garlic, Pesto Sauce",The Chicken Pesto Pizza
615,271,classic_dlx_m,1,01-05-15,14:22:19,16,16,M,Classic,"Pepperoni, Mushrooms, Red Onions, Red Peppers, Bacon",The Classic Deluxe Pizza
616,271,ital_supr_m,1,01-05-15,14:22:19,16.5,16.5,M,Supreme,"Calabrese Salami, Capocollo, Tomatoes, Red Onions, Green Olives, Garlic",The Italian Supreme Pizza
617,271,sicilian_s,1,01-05-15,14:22:19,12.25,12.25,S,Supreme,"Coarse Sicilian Salami, Tomatoes, Green Olives, Luganega Sausage, Onions, Garlic",The Sicilian Pizza
618,271,soppressata_m,1,01-05-15,14:22:19,16.5,16.5,M,Supreme,"Soppressata Salami, Fontina Cheese, Mozzarella Cheese, Mushrooms, Garlic",The Soppressata Pizza
619,271,southw_ckn_m,1,01-05-15,14:22:19,16.75,16.75,M,Chicken,"Chicken, Tomatoes, Red Peppers, Red Onions, Jalapeno Peppers, Corn, Cilantro, Chipotle Sauce",The Southwest Chicken Pizza
620,271,the_greek_s,1,01-05-15,14:22:19,12,12,S,Classic,"Kalamata Olives, Feta Cheese, Tomatoes, Garlic, Beef Chuck Roast, Red Onions",The Greek Pizza
621,272,ital_supr_m,1,01-05-15,14:24:05,16.5,16.5,M,Supreme,"Calabrese Salami, Capocollo, Tomatoes, Red Onions, Green Olives, Garlic",The Italian Supreme Pizza
622,273,soppressata_s,1,01-05-15,14:28:00,12.5,12.5,S,Supreme,"Soppressata Salami, Fontina Cheese, Mozzarella Cheese, Mushrooms, Garlic",The Soppressata Pizza
623,274,four_cheese_l,1,01-05-15,14:36:33,17.95,17.95,L,Veggie,"Ricotta Cheese, Gorgonzola Piccante Cheese, Mozzarella Cheese, Parmigiano Reggiano Cheese, Garlic",The Four Cheese Pizza
624,274,thai_ckn_l,1,01-05-15,14:36:33,20.75,20.75,L,Chicken,"Chicken, Pineapple, Tomatoes, Red Peppers, Thai Sweet Chilli Sauce",The Thai Chicken Pizza
625,275,classic_dlx_l,1,01-05-15,14:38:14,20.5,20.5,L,Classic,"Pepperoni, Mushrooms, Red Onions, Red Peppers, Bacon",The Classic Deluxe Pizza
626,275,five_cheese_l,1,01-05-15,14:38:14,18.5,18.5,L,Veggie,"Mozzarella Cheese, Provolone Cheese, Smoked Gouda Cheese, Romano Cheese, Blue Cheese, Garlic",The Five Cheese Pizza
627,275,pepperoni_s,1,01-05-15,14:38:14,9.75,9.75,S,Classic,"Mozzarella Cheese, Pepperoni",The Pepperoni Pizza
628,275,sicilian_m,1,01-05-15,14:38:14,16.25,16.25,M,Supreme,"Coarse Sicilian Salami, Tomatoes, Green Olives, Luganega Sausage, Onions, Garlic",The Sicilian Pizza
629,276,five_cheese_l,1,01-05-15,15:18:18,18.5,18.5,L,Veggie,"Mozzarella Cheese, Provolone Cheese, Smoked Gouda Cheese, Romano Cheese, Blue Cheese, Garlic",The Five Cheese Pizza
630,276,spicy_ital_l,1,01-05-15,15:18:18,20.75,20.75,L,Supreme,"Capocollo, Tomatoes, Goat Cheese, Artichokes, Peperoncini verdi, Garlic",The Spicy Italian Pizza
631,277,four_cheese_m,1,01-05-15,15:41:50,14.75,14.75,M,Veggie,"Ricotta Cheese, Gorgonzola Piccante Cheese, Mozzarella Cheese, Parmigiano Reggiano Cheese, Garlic",The Four Cheese Pizza
632,278,ital_veggie_m,1,01-05-15,15:49:21,16.75,16.75,M,Veggie,"Eggplant, Artichokes, Tomatoes, Zucchini, Red Peppers, Garlic, Pesto Sauce",The Italian Vegetables Pizza
633,278,southw_ckn_l,1,01-05-15,15:49:21,20.75,20.75,L,Chicken,"Chicken, Tomatoes, Red Peppers, Red Onions, Jalapeno Peppers, Corn, Cilantro, Chipotle Sauce",The Southwest Chicken Pizza
634,279,cali_ckn_m,1,01-05-15,16:07:03,16.75,16.75,M,Chicken,"Chicken, Artichoke, Spinach, Garlic, Jalapeno Peppers, Fontina Cheese, Gouda Cheese",The California Chicken Pizza
635,279,ckn_alfredo_m,1,01-05-15,16:07:03,16.75,16.75,M,Chicken,"Chicken, Red Onions, Red Peppers, Mushrooms, Asiago Cheese, Alfredo Sauce",The Chicken Alfredo Pizza
636,280,prsc_argla_m,1,01-05-15,16:20:23,16.5,16.5,M,Supreme,"Prosciutto di San Daniele, Arugula, Mozzarella Cheese",The Prosciutto and Arugula Pizza
637,280,veggie_veg_m,1,01-05-15,16:20:23,16,16,M,Veggie,"Mushrooms, Tomatoes, Red Peppers, Green Peppers, Red Onions, Zucchini, Spinach, Garlic",The Vegetables + Vegetables Pizza
638,281,sicilian_s,1,01-05-15,16:33:48,12.25,12.25,S,Supreme,"Coarse Sicilian Salami, Tomatoes, Green Olives, Luganega Sausage, Onions, Garlic",The Sicilian Pizza
639,282,classic_dlx_s,1,01-05-15,16:49:38,12,12,S,Classic,"Pepperoni, Mushrooms, Red Onions, Red Peppers, Bacon",The Classic Deluxe Pizza
640,282,five_cheese_l,1,01-05-15,16:49:38,18.5,18.5,L,Veggie,"Mozzarella Cheese, Provolone Cheese, Smoked Gouda Cheese, Romano Cheese, Blue Cheese, Garlic",The Five Cheese Pizza
641,282,peppr_salami_l,1,01-05-15,16:49:38,20.75,20.75,L,Supreme,"Genoa Salami, Capocollo, Pepperoni, Tomatoes, Asiago Cheese, Garlic",The Pepper Salami Pizza
642,282,spin_pesto_l,1,01-05-15,16:49:38,20.75,20.75,L,Veggie,"Spinach, Artichokes, Tomatoes, Sun-dried Tomatoes, Garlic, Pesto Sauce",The Spinach Pesto Pizza
643,283,napolitana_m,1,01-05-15,16:51:43,16,16,M,Classic,"Tomatoes, Anchovies, Green Olives, Red Onions, Garlic",The Napolitana Pizza
644,284,four_cheese_m,1,01-05-15,16:58:16,14.75,14.75,M,Veggie,"Ricotta Cheese, Gorgonzola Piccante Cheese, Mozzarella Cheese, Parmigiano Reggiano Cheese, Garlic",The Four Cheese Pizza
645,284,hawaiian_s,1,01-05-15,16:58:16,10.5,10.5,S,Classic,"Sliced Ham, Pineapple, Mozzarella Cheese",The Hawaiian Pizza
646,284,napolitana_m,1,01-05-15,16:58:16,16,16,M,Classic,"Tomatoes, Anchovies, Green Olives, Red Onions, Garlic",The Napolitana Pizza
647,285,prsc_argla_l,1,01-05-15,16:58:38,20.75,20.75,L,Supreme,"Prosciutto di San Daniele, Arugula, Mozzarella Cheese",The Prosciutto and Arugula Pizza
648,286,ital_supr_m,1,01-05-15,17:01:23,16.5,16.5,M,Supreme,"Calabrese Salami, Capocollo, Tomatoes, Red Onions, Green Olives, Garlic",The Italian Supreme Pizza
649,286,peppr_salami_l,1,01-05-15,17:01:23,20.75,20.75,L,Supreme,"Genoa Salami, Capocollo, Pepperoni, Tomatoes, Asiago Cheese, Garlic",The Pepper Salami Pizza
650,287,ital_supr_m,1,01-05-15,17:30:09,16.5,16.5,M,Supreme,"Calabrese Salami, Capocollo, Tomatoes, Red Onions, Green Olives, Garlic",The Italian Supreme Pizza
651,287,pep_msh_pep_m,1,01-05-15,17:30:09,14.5,14.5,M,Classic,"Pepperoni, Mushrooms, Green Peppers","The Pepperoni, Mushroom, and Peppers Pizza"
652,287,pepperoni_m,1,01-05-15,17:30:09,12.5,12.5,M,Classic,"Mozzarella Cheese, Pepperoni",The Pepperoni Pizza
653,287,sicilian_s,1,01-05-15,17:30:09,12.25,12.25,S,Supreme,"Coarse Sicilian Salami, Tomatoes, Green Olives, Luganega Sausage, Onions, Garlic",The Sicilian Pizza
654,288,brie_carre_s,1,01-05-15,17:32:44,23.65,23.65,S,Supreme,"Brie Carre Cheese, Prosciutto, Caramelized Onions, Pears, Thyme, Garlic",The Brie Carre Pizza
655,288,prsc_argla_l,1,01-05-15,17:32:44,20.75,20.75,L,Supreme,"Prosciutto di San Daniele, Arugula, Mozzarella Cheese",The Prosciutto and Arugula Pizza
656,288,spinach_supr_l,1,01-05-15,17:32:44,20.75,20.75,L,Supreme,"Spinach, Red Onions, Pepperoni, Tomatoes, Artichokes, Kalamata Olives, Garlic, Asiago Cheese",The Spinach Supreme Pizza
657,289,five_cheese_l,1,01-05-15,17:36:23,18.5,18.5,L,Veggie,"Mozzarella Cheese, Provolone Cheese, Smoked Gouda Cheese, Romano Cheese, Blue Cheese, Garlic",The Five Cheese Pizza
658,290,classic_dlx_s,1,01-05-15,17:41:16,12,12,S,Classic,"Pepperoni, Mushrooms, Red Onions, Red Peppers, Bacon",The Classic Deluxe Pizza
659,290,veggie_veg_m,1,01-05-15,17:41:16,16,16,M,Veggie,"Mushrooms, Tomatoes, Red Peppers, Green Peppers, Red Onions, Zucchini, Spinach, Garlic",The Vegetables + Vegetables Pizza
660,291,bbq_ckn_l,1,01-05-15,17:44:39,20.75,20.75,L,Chicken,"Barbecued Chicken, Red Peppers, Green Peppers, Tomatoes, Red Onions, Barbecue Sauce",The Barbecue Chicken Pizza
661,291,ckn_alfredo_m,2,01-05-15,17:44:39,16.75,33.5,M,Chicken,"Chicken, Red Onions, Red Peppers, Mushrooms, Asiago Cheese, Alfredo Sauce",The Chicken Alfredo Pizza
662,291,four_cheese_m,1,01-05-15,17:44:39,14.75,14.75,M,Veggie,"Ricotta Cheese, Gorgonzola Piccante Cheese, Mozzarella Cheese, Parmigiano Reggiano Cheese, Garlic",The Four Cheese Pizza
663,292,spin_pesto_m,1,01-05-15,17:48:59,16.5,16.5,M,Veggie,"Spinach, Artichokes, Tomatoes, Sun-dried Tomatoes, Garlic, Pesto Sauce",The Spinach Pesto Pizza
664,292,spinach_fet_l,1,01-05-15,17:48:59,20.25,20.25,L,Veggie,"Spinach, Mushrooms, Red Onions, Feta Cheese, Garlic",The Spinach and Feta Pizza
665,293,classic_dlx_s,1,01-05-15,17:58:38,12,12,S,Classic,"Pepperoni, Mushrooms, Red Onions, Red Peppers, Bacon",The Classic Deluxe Pizza
666,293,ital_veggie_s,1,01-05-15,17:58:38,12.75,12.75,S,Veggie,"Eggplant, Artichokes, Tomatoes, Zucchini, Red Peppers, Garlic, Pesto Sauce",The Italian Vegetables Pizza
667,294,bbq_ckn_m,1,01-05-15,18:16:35,16.75,16.75,M,Chicken,"Barbecued Chicken, Red Peppers, Green Peppers, Tomatoes, Red Onions, Barbecue Sauce",The Barbecue Chicken Pizza
668,294,ital_supr_l,1,01-05-15,18:16:35,20.75,20.75,L,Supreme,"Calabrese Salami, Capocollo, Tomatoes, Red Onions, Green Olives, Garlic",The Italian Supreme Pizza
669,294,thai_ckn_l,1,01-05-15,18:16:35,20.75,20.75,L,Chicken,"Chicken, Pineapple, Tomatoes, Red Peppers, Thai Sweet Chilli Sauce",The Thai Chicken Pizza
670,295,cali_ckn_m,1,01-05-15,18:20:12,16.75,16.75,M,Chicken,"Chicken, Artichoke, Spinach, Garlic, Jalapeno Peppers, Fontina Cheese, Gouda Cheese",The California Chicken Pizza
671,296,green_garden_s,1,01-05-15,18:46:54,12,12,S,Veggie,"Spinach, Mushrooms, Tomatoes, Green Olives, Feta Cheese",The Green Garden Pizza
672,296,ital_cpcllo_s,1,01-05-15,18:46:54,12,12,S,Classic,"Capocollo, Red Peppers, Tomatoes, Goat Cheese, Garlic, Oregano",The Italian Capocollo Pizza
673,296,thai_ckn_m,1,01-05-15,18:46:54,16.75,16.75,M,Chicken,"Chicken, Pineapple, Tomatoes, Red Peppers, Thai Sweet Chilli Sauce",The Thai Chicken Pizza
674,297,southw_ckn_m,1,01-05-15,19:02:18,16.75,16.75,M,Chicken,"Chicken, Tomatoes, Red Peppers, Red Onions, Jalapeno Peppers, Corn, Cilantro, Chipotle Sauce",The Southwest Chicken Pizza
675,298,cali_ckn_m,1,01-05-15,19:10:36,16.75,16.75,M,Chicken,"Chicken, Artichoke, Spinach, Garlic, Jalapeno Peppers, Fontina Cheese, Gouda Cheese",The California Chicken Pizza
676,298,cali_ckn_s,1,01-05-15,19:10:36,12.75,12.75,S,Chicken,"Chicken, Artichoke, Spinach, Garlic, Jalapeno Peppers, Fontina Cheese, Gouda Cheese",The California Chicken Pizza
677,298,ckn_alfredo_m,1,01-05-15,19:10:36,16.75,16.75,M,Chicken,"Chicken, Red Onions, Red Peppers, Mushrooms, Asiago Cheese, Alfredo Sauce",The Chicken Alfredo Pizza
678,298,classic_dlx_s,1,01-05-15,19:10:36,12,12,S,Classic,"Pepperoni, Mushrooms, Red Onions, Red Peppers, Bacon",The Classic Deluxe Pizza
679,299,classic_dlx_s,1,01-05-15,19:34:31,12,12,S,Classic,"Pepperoni, Mushrooms, Red Onions, Red Peppers, Bacon",The Classic Deluxe Pizza
680,299,spinach_fet_m,1,01-05-15,19:34:31,16,16,M,Veggie,"Spinach, Mushrooms, Red Onions, Feta Cheese, Garlic",The Spinach and Feta Pizza
681,300,big_meat_s,1,01-05-15,19:42:54,12,12,S,Classic,"Bacon, Pepperoni, Italian Sausage, Chorizo Sausage",The Big Meat Pizza
682,300,ital_cpcllo_s,1,01-05-15,19:42:54,12,12,S,Classic,"Capocollo, Red Peppers, Tomatoes, Goat Cheese, Garlic, Oregano",The Italian Capocollo Pizza
683,300,ital_veggie_s,1,01-05-15,19:42:54,12.75,12.75,S,Veggie,"Eggplant, Artichokes, Tomatoes, Zucchini, Red Peppers, Garlic, Pesto Sauce",The Italian Vegetables Pizza
684,300,spinach_supr_s,1,01-05-15,19:42:54,12.5,12.5,S,Supreme,"Spinach, Red Onions, Pepperoni, Tomatoes, Artichokes, Kalamata Olives, Garlic, Asiago Cheese",The Spinach Supreme Pizza
685,301,napolitana_l,1,01-05-15,19:45:58,20.5,20.5,L,Classic,"Tomatoes, Anchovies, Green Olives, Red Onions, Garlic",The Napolitana Pizza
686,302,peppr_salami_l,1,01-05-15,19:57:37,20.75,20.75,L,Supreme,"Genoa Salami, Capocollo, Pepperoni, Tomatoes, Asiago Cheese, Garlic",The Pepper Salami Pizza
687,303,big_meat_s,1,01-05-15,20:02:51,12,12,S,Classic,"Bacon, Pepperoni, Italian Sausage, Chorizo Sausage",The Big Meat Pizza
688,303,ital_cpcllo_m,1,01-05-15,20:02:51,16,16,M,Classic,"Capocollo, Red Peppers, Tomatoes, Goat Cheese, Garlic, Oregano",The Italian Capocollo Pizza
689,303,pepperoni_s,1,01-05-15,20:02:51,9.75,9.75,S,Classic,"Mozzarella Cheese, Pepperoni",The Pepperoni Pizza
690,304,hawaiian_s,1,01-05-15,20:07:58,10.5,10.5,S,Classic,"Sliced Ham, Pineapple, Mozzarella Cheese",The Hawaiian Pizza
691,304,mexicana_l,1,01-05-15,20:07:58,20.25,20.25,L,Veggie,"Tomatoes, Red Peppers, Jalapeno Peppers, Red Onions, Cilantro, Corn, Chipotle Sauce, Garlic",The Mexicana Pizza
692,305,pepperoni_l,1,01-05-15,20:35:40,15.25,15.25,L,Classic,"Mozzarella Cheese, Pepperoni",The Pepperoni Pizza
693,305,sicilian_s,1,01-05-15,20:35:40,12.25,12.25,S,Supreme,"Coarse Sicilian Salami, Tomatoes, Green Olives, Luganega Sausage, Onions, Garlic",The Sicilian Pizza
694,305,spicy_ital_m,1,01-05-15,20:35:40,16.5,16.5,M,Supreme,"Capocollo, Tomatoes, Goat Cheese, Artichokes, Peperoncini verdi, Garlic",The Spicy Italian Pizza
695,306,big_meat_s,1,01-05-15,20:37:40,12,12,S,Classic,"Bacon, Pepperoni, Italian Sausage, Chorizo Sausage",The Big Meat Pizza
696,306,hawaiian_s,1,01-05-15,20:37:40,10.5,10.5,S,Classic,"Sliced Ham, Pineapple, Mozzarella Cheese",The Hawaiian Pizza
697,306,napolitana_m,1,01-05-15,20:37:40,16,16,M,Classic,"Tomatoes, Anchovies, Green Olives, Red Onions, Garlic",The Napolitana Pizza
698,307,classic_dlx_l,1,01-05-15,21:45:38,20.5,20.5,L,Classic,"Pepperoni, Mushrooms, Red Onions, Red Peppers, Bacon",The Classic Deluxe Pizza
699,307,thai_ckn_m,1,01-05-15,21:45:38,16.75,16.75,M,Chicken,"Chicken, Pineapple, Tomatoes, Red Peppers, Thai Sweet Chilli Sauce",The Thai Chicken Pizza
700,308,hawaiian_l,1,01-05-15,21:59:46,16.5,16.5,L,Classic,"Sliced Ham, Pineapple, Mozzarella Cheese",The Hawaiian Pizza
701,308,pep_msh_pep_l,1,01-05-15,21:59:46,17.5,17.5,L,Classic,"Pepperoni, Mushrooms, Green Peppers","The Pepperoni, Mushroom, and Peppers Pizza"
702,308,thai_ckn_s,1,01-05-15,21:59:46,12.75,12.75,S,Chicken,"Chicken, Pineapple, Tomatoes, Red Peppers, Thai Sweet Chilli Sauce",The Thai Chicken Pizza
703,309,five_cheese_l,1,01-06-15,11:39:06,18.5,18.5,L,Veggie,"Mozzarella Cheese, Provolone Cheese, Smoked Gouda Cheese, Romano Cheese, Blue Cheese, Garlic",The Five Cheese Pizza
704,309,peppr_salami_m,1,01-06-15,11:39:06,16.5,16.5,M,Supreme,"Genoa Salami, Capocollo, Pepperoni, Tomatoes, Asiago Cheese, Garlic",The Pepper Salami Pizza
705,310,hawaiian_s,1,01-06-15,11:40:48,10.5,10.5,S,Classic,"Sliced Ham, Pineapple, Mozzarella Cheese",The Hawaiian Pizza
706,310,thai_ckn_s,1,01-06-15,11:40:48,12.75,12.75,S,Chicken,"Chicken, Pineapple, Tomatoes, Red Peppers, Thai Sweet Chilli Sauce",The Thai Chicken Pizza
707,311,sicilian_l,1,01-06-15,11:57:27,20.25,20.25,L,Supreme,"Coarse Sicilian Salami, Tomatoes, Green Olives, Luganega Sausage, Onions, Garlic",The Sicilian Pizza
708,312,big_meat_s,1,01-06-15,12:05:21,12,12,S,Classic,"Bacon, Pepperoni, Italian Sausage, Chorizo Sausage",The Big Meat Pizza
709,312,brie_carre_s,1,01-06-15,12:05:21,23.65,23.65,S,Supreme,"Brie Carre Cheese, Prosciutto, Caramelized Onions, Pears, Thyme, Garlic",The Brie Carre Pizza
710,312,ckn_alfredo_m,1,01-06-15,12:05:21,16.75,16.75,M,Chicken,"Chicken, Red Onions, Red Peppers, Mushrooms, Asiago Cheese, Alfredo Sauce",The Chicken Alfredo Pizza
711,312,sicilian_m,1,01-06-15,12:05:21,16.25,16.25,M,Supreme,"Coarse Sicilian Salami, Tomatoes, Green Olives, Luganega Sausage, Onions, Garlic",The Sicilian Pizza
712,313,classic_dlx_m,1,01-06-15,12:09:09,16,16,M,Classic,"Pepperoni, Mushrooms, Red Onions, Red Peppers, Bacon",The Classic Deluxe Pizza
713,314,calabrese_m,1,01-06-15,12:11:58,16.25,16.25,M,Supreme,"æ…›duja Salami, Pancetta, Tomatoes, Red Onions, Friggitello Peppers, Garlic",The Calabrese Pizza
714,314,five_cheese_l,1,01-06-15,12:11:58,18.5,18.5,L,Veggie,"Mozzarella Cheese, Provolone Cheese, Smoked Gouda Cheese, Romano Cheese, Blue Cheese, Garlic",The Five Cheese Pizza
715,314,green_garden_m,1,01-06-15,12:11:58,16,16,M,Veggie,"Spinach, Mushrooms, Tomatoes, Green Olives, Feta Cheese",The Green Garden Pizza
716,314,hawaiian_m,1,01-06-15,12:11:58,13.25,13.25,M,Classic,"Sliced Ham, Pineapple, Mozzarella Cheese",The Hawaiian Pizza
717,314,veggie_veg_m,1,01-06-15,12:11:58,16,16,M,Veggie,"Mushrooms, Tomatoes, Red Peppers, Green Peppers, Red Onions, Zucchini, Spinach, Garlic",The Vegetables + Vegetables Pizza
718,315,classic_dlx_m,1,01-06-15,12:17:40,16,16,M,Classic,"Pepperoni, Mushrooms, Red Onions, Red Peppers, Bacon",The Classic Deluxe Pizza
719,316,hawaiian_s,1,01-06-15,12:29:34,10.5,10.5,S,Classic,"Sliced Ham, Pineapple, Mozzarella Cheese",The Hawaiian Pizza
720,316,ital_supr_m,1,01-06-15,12:29:34,16.5,16.5,M,Supreme,"Calabrese Salami, Capocollo, Tomatoes, Red Onions, Green Olives, Garlic",The Italian Supreme Pizza
721,317,cali_ckn_s,1,01-06-15,12:31:00,12.75,12.75,S,Chicken,"Chicken, Artichoke, Spinach, Garlic, Jalapeno Peppers, Fontina Cheese, Gouda Cheese",The California Chicken Pizza
722,317,classic_dlx_m,1,01-06-15,12:31:00,16,16,M,Classic,"Pepperoni, Mushrooms, Red Onions, Red Peppers, Bacon",The Classic Deluxe Pizza
723,317,four_cheese_l,1,01-06-15,12:31:00,17.95,17.95,L,Veggie,"Ricotta Cheese, Gorgonzola Piccante Cheese, Mozzarella Cheese, Parmigiano Reggiano Cheese, Garlic",The Four Cheese Pizza
724,317,hawaiian_s,1,01-06-15,12:31:00,10.5,10.5,S,Classic,"Sliced Ham, Pineapple, Mozzarella Cheese",The Hawaiian Pizza
725,317,pep_msh_pep_l,1,01-06-15,12:31:00,17.5,17.5,L,Classic,"Pepperoni, Mushrooms, Green Peppers","The Pepperoni, Mushroom, and Peppers Pizza"
726,317,prsc_argla_s,1,01-06-15,12:31:00,12.5,12.5,S,Supreme,"Prosciutto di San Daniele, Arugula, Mozzarella Cheese",The Prosciutto and Arugula Pizza
727,317,spinach_fet_s,1,01-06-15,12:31:00,12,12,S,Veggie,"Spinach, Mushrooms, Red Onions, Feta Cheese, Garlic",The Spinach and Feta Pizza
728,318,ital_cpcllo_l,1,01-06-15,12:45:14,20.5,20.5,L,Classic,"Capocollo, Red Peppers, Tomatoes, Goat Cheese, Garlic, Oregano",The Italian Capocollo Pizza
729,318,mexicana_l,1,01-06-15,12:45:14,20.25,20.25,L,Veggie,"Tomatoes, Red Peppers, Jalapeno Peppers, Red Onions, Cilantro, Corn, Chipotle Sauce, Garlic",The Mexicana Pizza
730,318,soppressata_s,1,01-06-15,12:45:14,12.5,12.5,S,Supreme,"Soppressata Salami, Fontina Cheese, Mozzarella Cheese, Mushrooms, Garlic",The Soppressata Pizza
731,318,spicy_ital_l,1,01-06-15,12:45:14,20.75,20.75,L,Supreme,"Capocollo, Tomatoes, Goat Cheese, Artichokes, Peperoncini verdi, Garlic",The Spicy Italian Pizza
732,319,ital_supr_m,1,01-06-15,12:46:22,16.5,16.5,M,Supreme,"Calabrese Salami, Capocollo, Tomatoes, Red Onions, Green Olives, Garlic",The Italian Supreme Pizza
733,320,cali_ckn_m,1,01-06-15,12:46:40,16.75,16.75,M,Chicken,"Chicken, Artichoke, Spinach, Garlic, Jalapeno Peppers, Fontina Cheese, Gouda Cheese",The California Chicken Pizza
734,320,ckn_pesto_l,1,01-06-15,12:46:40,20.75,20.75,L,Chicken,"Chicken, Tomatoes, Red Peppers, Spinach, Garlic, Pesto Sauce",The Chicken Pesto Pizza
735,321,ital_supr_l,1,01-06-15,12:56:21,20.75,20.75,L,Supreme,"Calabrese Salami, Capocollo, Tomatoes, Red Onions, Green Olives, Garlic",The Italian Supreme Pizza
736,322,cali_ckn_l,1,01-06-15,13:02:13,20.75,20.75,L,Chicken,"Chicken, Artichoke, Spinach, Garlic, Jalapeno Peppers, Fontina Cheese, Gouda Cheese",The California Chicken Pizza
737,322,ckn_pesto_l,1,01-06-15,13:02:13,20.75,20.75,L,Chicken,"Chicken, Tomatoes, Red Peppers, Spinach, Garlic, Pesto Sauce",The Chicken Pesto Pizza
738,322,classic_dlx_s,1,01-06-15,13:02:13,12,12,S,Classic,"Pepperoni, Mushrooms, Red Onions, Red Peppers, Bacon",The Classic Deluxe Pizza
739,322,thai_ckn_l,1,01-06-15,13:02:13,20.75,20.75,L,Chicken,"Chicken, Pineapple, Tomatoes, Red Peppers, Thai Sweet Chilli Sauce",The Thai Chicken Pizza
740,323,classic_dlx_m,1,01-06-15,13:05:33,16,16,M,Classic,"Pepperoni, Mushrooms, Red Onions, Red Peppers, Bacon",The Classic Deluxe Pizza
741,324,five_cheese_l,1,01-06-15,13:06:44,18.5,18.5,L,Veggie,"Mozzarella Cheese, Provolone Cheese, Smoked Gouda Cheese, Romano Cheese, Blue Cheese, Garlic",The Five Cheese Pizza
742,325,classic_dlx_s,1,01-06-15,13:07:32,12,12,S,Classic,"Pepperoni, Mushrooms, Red Onions, Red Peppers, Bacon",The Classic Deluxe Pizza
743,325,veggie_veg_s,1,01-06-15,13:07:32,12,12,S,Veggie,"Mushrooms, Tomatoes, Red Peppers, Green Peppers, Red Onions, Zucchini, Spinach, Garlic",The Vegetables + Vegetables Pizza
744,326,cali_ckn_m,1,01-06-15,13:10:13,16.75,16.75,M,Chicken,"Chicken, Artichoke, Spinach, Garlic, Jalapeno Peppers, Fontina Cheese, Gouda Cheese",The California Chicken Pizza
745,326,spinach_supr_l,1,01-06-15,13:10:13,20.75,20.75,L,Supreme,"Spinach, Red Onions, Pepperoni, Tomatoes, Artichokes, Kalamata Olives, Garlic, Asiago Cheese",The Spinach Supreme Pizza
746,327,classic_dlx_m,1,01-06-15,13:10:54,16,16,M,Classic,"Pepperoni, Mushrooms, Red Onions, Red Peppers, Bacon",The Classic Deluxe Pizza
747,328,mediterraneo_l,1,01-06-15,13:16:35,20.25,20.25,L,Veggie,"Spinach, Artichokes, Kalamata Olives, Sun-dried Tomatoes, Feta Cheese, Plum Tomatoes, Red Onions",The Mediterranean Pizza
748,329,spicy_ital_l,1,01-06-15,13:22:44,20.75,20.75,L,Supreme,"Capocollo, Tomatoes, Goat Cheese, Artichokes, Peperoncini verdi, Garlic",The Spicy Italian Pizza
749,329,spinach_supr_m,1,01-06-15,13:22:44,16.5,16.5,M,Supreme,"Spinach, Red Onions, Pepperoni, Tomatoes, Artichokes, Kalamata Olives, Garlic, Asiago Cheese",The Spinach Supreme Pizza
750,330,big_meat_s,1,01-06-15,13:27:11,12,12,S,Classic,"Bacon, Pepperoni, Italian Sausage, Chorizo Sausage",The Big Meat Pizza
751,330,ckn_alfredo_m,1,01-06-15,13:27:11,16.75,16.75,M,Chicken,"Chicken, Red Onions, Red Peppers, Mushrooms, Asiago Cheese, Alfredo Sauce",The Chicken Alfredo Pizza
752,330,classic_dlx_m,1,01-06-15,13:27:11,16,16,M,Classic,"Pepperoni, Mushrooms, Red Onions, Red Peppers, Bacon",The Classic Deluxe Pizza
753,330,classic_dlx_s,1,01-06-15,13:27:11,12,12,S,Classic,"Pepperoni, Mushrooms, Red Onions, Red Peppers, Bacon",The Classic Deluxe Pizza
754,330,five_cheese_l,1,01-06-15,13:27:11,18.5,18.5,L,Veggie,"Mozzarella Cheese, Provolone Cheese, Smoked Gouda Cheese, Romano Cheese, Blue Cheese, Garlic",The Five Cheese Pizza
755,330,four_cheese_l,2,01-06-15,13:27:11,17.95,35.9,L,Veggie,"Ricotta Cheese, Gorgonzola Piccante Cheese, Mozzarella Cheese, Parmigiano Reggiano Cheese, Garlic",The Four Cheese Pizza
756,330,hawaiian_l,1,01-06-15,13:27:11,16.5,16.5,L,Classic,"Sliced Ham, Pineapple, Mozzarella Cheese",The Hawaiian Pizza
757,330,pep_msh_pep_l,1,01-06-15,13:27:11,17.5,17.5,L,Classic,"Pepperoni, Mushrooms, Green Peppers","The Pepperoni, Mushroom, and Peppers Pizza"
758,330,peppr_salami_s,1,01-06-15,13:27:11,12.5,12.5,S,Supreme,"Genoa Salami, Capocollo, Pepperoni, Tomatoes, Asiago Cheese, Garlic",The Pepper Salami Pizza
759,330,sicilian_l,1,01-06-15,13:27:11,20.25,20.25,L,Supreme,"Coarse Sicilian Salami, Tomatoes, Green Olives, Luganega Sausage, Onions, Garlic",The Sicilian Pizza
760,330,spicy_ital_l,1,01-06-15,13:27:11,20.75,20.75,L,Supreme,"Capocollo, Tomatoes, Goat Cheese, Artichokes, Peperoncini verdi, Garlic",The Spicy Italian Pizza
761,330,spicy_ital_m,1,01-06-15,13:27:11,16.5,16.5,M,Supreme,"Capocollo, Tomatoes, Goat Cheese, Artichokes, Peperoncini verdi, Garlic",The Spicy Italian Pizza
762,330,spinach_fet_l,1,01-06-15,13:27:11,20.25,20.25,L,Veggie,"Spinach, Mushrooms, Red Onions, Feta Cheese, Garlic",The Spinach and Feta Pizza
763,330,the_greek_m,1,01-06-15,13:27:11,16,16,M,Classic,"Kalamata Olives, Feta Cheese, Tomatoes, Garlic, Beef Chuck Roast, Red Onions",The Greek Pizza
764,331,prsc_argla_m,1,01-06-15,13:43:30,16.5,16.5,M,Supreme,"Prosciutto di San Daniele, Arugula, Mozzarella Cheese",The Prosciutto and Arugula Pizza
765,332,sicilian_m,1,01-06-15,14:12:01,16.25,16.25,M,Supreme,"Coarse Sicilian Salami, Tomatoes, Green Olives, Luganega Sausage, Onions, Garlic",The Sicilian Pizza
766,332,southw_ckn_l,1,01-06-15,14:12:01,20.75,20.75,L,Chicken,"Chicken, Tomatoes, Red Peppers, Red Onions, Jalapeno Peppers, Corn, Cilantro, Chipotle Sauce",The Southwest Chicken Pizza
767,332,thai_ckn_m,1,01-06-15,14:12:01,16.75,16.75,M,Chicken,"Chicken, Pineapple, Tomatoes, Red Peppers, Thai Sweet Chilli Sauce",The Thai Chicken Pizza
768,333,ckn_alfredo_m,1,01-06-15,14:16:36,16.75,16.75,M,Chicken,"Chicken, Red Onions, Red Peppers, Mushrooms, Asiago Cheese, Alfredo Sauce",The Chicken Alfredo Pizza
769,334,calabrese_l,1,01-06-15,14:24:18,20.25,20.25,L,Supreme,"æ…›duja Salami, Pancetta, Tomatoes, Red Onions, Friggitello Peppers, Garlic",The Calabrese Pizza
770,334,pepperoni_m,1,01-06-15,14:24:18,12.5,12.5,M,Classic,"Mozzarella Cheese, Pepperoni",The Pepperoni Pizza
771,334,southw_ckn_m,1,01-06-15,14:24:18,16.75,16.75,M,Chicken,"Chicken, Tomatoes, Red Peppers, Red Onions, Jalapeno Peppers, Corn, Cilantro, Chipotle Sauce",The Southwest Chicken Pizza
772,334,thai_ckn_l,1,01-06-15,14:24:18,20.75,20.75,L,Chicken,"Chicken, Pineapple, Tomatoes, Red Peppers, Thai Sweet Chilli Sauce",The Thai Chicken Pizza
773,335,mediterraneo_l,1,01-06-15,14:24:47,20.25,20.25,L,Veggie,"Spinach, Artichokes, Kalamata Olives, Sun-dried Tomatoes, Feta Cheese, Plum Tomatoes, Red Onions",The Mediterranean Pizza
774,336,prsc_argla_l,1,01-06-15,14:51:41,20.75,20.75,L,Supreme,"Prosciutto di San Daniele, Arugula, Mozzarella Cheese",The Prosciutto and Arugula Pizza
775,337,hawaiian_l,1,01-06-15,15:03:12,16.5,16.5,L,Classic,"Sliced Ham, Pineapple, Mozzarella Cheese",The Hawaiian Pizza
776,337,pepperoni_l,1,01-06-15,15:03:12,15.25,15.25,L,Classic,"Mozzarella Cheese, Pepperoni",The Pepperoni Pizza
777,338,mexicana_l,1,01-06-15,15:18:26,20.25,20.25,L,Veggie,"Tomatoes, Red Peppers, Jalapeno Peppers, Red Onions, Cilantro, Corn, Chipotle Sauce, Garlic",The Mexicana Pizza
778,338,thai_ckn_l,1,01-06-15,15:18:26,20.75,20.75,L,Chicken,"Chicken, Pineapple, Tomatoes, Red Peppers, Thai Sweet Chilli Sauce",The Thai Chicken Pizza
779,338,the_greek_xl,1,01-06-15,15:18:26,25.5,25.5,XL,Classic,"Kalamata Olives, Feta Cheese, Tomatoes, Garlic, Beef Chuck Roast, Red Onions",The Greek Pizza
780,339,spicy_ital_m,1,01-06-15,15:25:13,16.5,16.5,M,Supreme,"Capocollo, Tomatoes, Goat Cheese, Artichokes, Peperoncini verdi, Garlic",The Spicy Italian Pizza
781,340,peppr_salami_s,1,01-06-15,15:35:32,12.5,12.5,S,Supreme,"Genoa Salami, Capocollo, Pepperoni, Tomatoes, Asiago Cheese, Garlic",The Pepper Salami Pizza
782,341,bbq_ckn_m,1,01-06-15,15:35:47,16.75,16.75,M,Chicken,"Barbecued Chicken, Red Peppers, Green Peppers, Tomatoes, Red Onions, Barbecue Sauce",The Barbecue Chicken Pizza
783,341,pepperoni_s,1,01-06-15,15:35:47,9.75,9.75,S,Classic,"Mozzarella Cheese, Pepperoni",The Pepperoni Pizza
784,342,sicilian_l,1,01-06-15,15:44:12,20.25,20.25,L,Supreme,"Coarse Sicilian Salami, Tomatoes, Green Olives, Luganega Sausage, Onions, Garlic",The Sicilian Pizza
785,342,southw_ckn_l,1,01-06-15,15:44:12,20.75,20.75,L,Chicken,"Chicken, Tomatoes, Red Peppers, Red Onions, Jalapeno Peppers, Corn, Cilantro, Chipotle Sauce",The Southwest Chicken Pizza
786,343,five_cheese_l,1,01-06-15,15:45:37,18.5,18.5,L,Veggie,"Mozzarella Cheese, Provolone Cheese, Smoked Gouda Cheese, Romano Cheese, Blue Cheese, Garlic",The Five Cheese Pizza
787,343,four_cheese_m,1,01-06-15,15:45:37,14.75,14.75,M,Veggie,"Ricotta Cheese, Gorgonzola Piccante Cheese, Mozzarella Cheese, Parmigiano Reggiano Cheese, Garlic",The Four Cheese Pizza
788,344,ital_cpcllo_m,1,01-06-15,16:01:11,16,16,M,Classic,"Capocollo, Red Peppers, Tomatoes, Goat Cheese, Garlic, Oregano",The Italian Capocollo Pizza
789,345,peppr_salami_s,1,01-06-15,16:01:47,12.5,12.5,S,Supreme,"Genoa Salami, Capocollo, Pepperoni, Tomatoes, Asiago Cheese, Garlic",The Pepper Salami Pizza
790,345,spinach_fet_s,1,01-06-15,16:01:47,12,12,S,Veggie,"Spinach, Mushrooms, Red Onions, Feta Cheese, Garlic",The Spinach and Feta Pizza
791,346,green_garden_s,1,01-06-15,16:30:00,12,12,S,Veggie,"Spinach, Mushrooms, Tomatoes, Green Olives, Feta Cheese",The Green Garden Pizza
792,346,hawaiian_s,1,01-06-15,16:30:00,10.5,10.5,S,Classic,"Sliced Ham, Pineapple, Mozzarella Cheese",The Hawaiian Pizza
793,346,ital_cpcllo_l,1,01-06-15,16:30:00,20.5,20.5,L,Classic,"Capocollo, Red Peppers, Tomatoes, Goat Cheese, Garlic, Oregano",The Italian Capocollo Pizza
794,346,napolitana_s,1,01-06-15,16:30:00,12,12,S,Classic,"Tomatoes, Anchovies, Green Olives, Red Onions, Garlic",The Napolitana Pizza
795,347,spinach_fet_l,1,01-06-15,16:37:17,20.25,20.25,L,Veggie,"Spinach, Mushrooms, Red Onions, Feta Cheese, Garlic",The Spinach and Feta Pizza
796,347,thai_ckn_l,1,01-06-15,16:37:17,20.75,20.75,L,Chicken,"Chicken, Pineapple, Tomatoes, Red Peppers, Thai Sweet Chilli Sauce",The Thai Chicken Pizza
797,347,veggie_veg_m,1,01-06-15,16:37:17,16,16,M,Veggie,"Mushrooms, Tomatoes, Red Peppers, Green Peppers, Red Onions, Zucchini, Spinach, Garlic",The Vegetables + Vegetables Pizza
798,348,classic_dlx_m,1,01-06-15,16:49:12,16,16,M,Classic,"Pepperoni, Mushrooms, Red Onions, Red Peppers, Bacon",The Classic Deluxe Pizza
799,348,thai_ckn_l,1,01-06-15,16:49:12,20.75,20.75,L,Chicken,"Chicken, Pineapple, Tomatoes, Red Peppers, Thai Sweet Chilli Sauce",The Thai Chicken Pizza
800,348,thai_ckn_s,1,01-06-15,16:49:12,12.75,12.75,S,Chicken,"Chicken, Pineapple, Tomatoes, Red Peppers, Thai Sweet Chilli Sauce",The Thai Chicken Pizza
801,349,pepperoni_l,1,01-06-15,17:25:58,15.25,15.25,L,Classic,"Mozzarella Cheese, Pepperoni",The Pepperoni Pizza
802,350,classic_dlx_l,1,01-06-15,17:37:05,20.5,20.5,L,Classic,"Pepperoni, Mushrooms, Red Onions, Red Peppers, Bacon",The Classic Deluxe Pizza
803,350,pepperoni_m,2,01-06-15,17:37:05,12.5,25,M,Classic,"Mozzarella Cheese, Pepperoni",The Pepperoni Pizza
804,350,spicy_ital_s,1,01-06-15,17:37:05,12.5,12.5,S,Supreme,"Capocollo, Tomatoes, Goat Cheese, Artichokes, Peperoncini verdi, Garlic",The Spicy Italian Pizza
805,351,big_meat_s,1,01-06-15,17:37:29,12,12,S,Classic,"Bacon, Pepperoni, Italian Sausage, Chorizo Sausage",The Big Meat Pizza
806,351,hawaiian_m,1,01-06-15,17:37:29,13.25,13.25,M,Classic,"Sliced Ham, Pineapple, Mozzarella Cheese",The Hawaiian Pizza
807,352,big_meat_s,1,01-06-15,17:45:48,12,12,S,Classic,"Bacon, Pepperoni, Italian Sausage, Chorizo Sausage",The Big Meat Pizza
808,352,ital_cpcllo_l,1,01-06-15,17:45:48,20.5,20.5,L,Classic,"Capocollo, Red Peppers, Tomatoes, Goat Cheese, Garlic, Oregano",The Italian Capocollo Pizza
809,353,bbq_ckn_l,1,01-06-15,17:59:48,20.75,20.75,L,Chicken,"Barbecued Chicken, Red Peppers, Green Peppers, Tomatoes, Red Onions, Barbecue Sauce",The Barbecue Chicken Pizza
810,353,cali_ckn_l,1,01-06-15,17:59:48,20.75,20.75,L,Chicken,"Chicken, Artichoke, Spinach, Garlic, Jalapeno Peppers, Fontina Cheese, Gouda Cheese",The California Chicken Pizza
811,353,prsc_argla_s,1,01-06-15,17:59:48,12.5,12.5,S,Supreme,"Prosciutto di San Daniele, Arugula, Mozzarella Cheese",The Prosciutto and Arugula Pizza
812,354,green_garden_s,1,01-06-15,18:01:44,12,12,S,Veggie,"Spinach, Mushrooms, Tomatoes, Green Olives, Feta Cheese",The Green Garden Pizza
813,354,veggie_veg_l,1,01-06-15,18:01:44,20.25,20.25,L,Veggie,"Mushrooms, Tomatoes, Red Peppers, Green Peppers, Red Onions, Zucchini, Spinach, Garlic",The Vegetables + Vegetables Pizza
814,355,ckn_alfredo_m,1,01-06-15,18:14:45,16.75,16.75,M,Chicken,"Chicken, Red Onions, Red Peppers, Mushrooms, Asiago Cheese, Alfredo Sauce",The Chicken Alfredo Pizza
815,355,ital_supr_m,1,01-06-15,18:14:45,16.5,16.5,M,Supreme,"Calabrese Salami, Capocollo, Tomatoes, Red Onions, Green Olives, Garlic",The Italian Supreme Pizza
816,356,ckn_alfredo_m,1,01-06-15,18:16:05,16.75,16.75,M,Chicken,"Chicken, Red Onions, Red Peppers, Mushrooms, Asiago Cheese, Alfredo Sauce",The Chicken Alfredo Pizza
817,357,cali_ckn_l,1,01-06-15,18:27:58,20.75,20.75,L,Chicken,"Chicken, Artichoke, Spinach, Garlic, Jalapeno Peppers, Fontina Cheese, Gouda Cheese",The California Chicken Pizza
818,357,southw_ckn_s,1,01-06-15,18:27:58,12.75,12.75,S,Chicken,"Chicken, Tomatoes, Red Peppers, Red Onions, Jalapeno Peppers, Corn, Cilantro, Chipotle Sauce",The Southwest Chicken Pizza
819,357,spinach_fet_s,1,01-06-15,18:27:58,12,12,S,Veggie,"Spinach, Mushrooms, Red Onions, Feta Cheese, Garlic",The Spinach and Feta Pizza
820,358,ital_supr_m,1,01-06-15,18:30:12,16.5,16.5,M,Supreme,"Calabrese Salami, Capocollo, Tomatoes, Red Onions, Green Olives, Garlic",The Italian Supreme Pizza
821,359,green_garden_m,1,01-06-15,18:33:08,16,16,M,Veggie,"Spinach, Mushrooms, Tomatoes, Green Olives, Feta Cheese",The Green Garden Pizza
822,359,thai_ckn_l,1,01-06-15,18:33:08,20.75,20.75,L,Chicken,"Chicken, Pineapple, Tomatoes, Red Peppers, Thai Sweet Chilli Sauce",The Thai Chicken Pizza
823,360,bbq_ckn_l,1,01-06-15,18:50:38,20.75,20.75,L,Chicken,"Barbecued Chicken, Red Peppers, Green Peppers, Tomatoes, Red Onions, Barbecue Sauce",The Barbecue Chicken Pizza
824,360,green_garden_s,1,01-06-15,18:50:38,12,12,S,Veggie,"Spinach, Mushrooms, Tomatoes, Green Olives, Feta Cheese",The Green Garden Pizza
825,360,hawaiian_s,1,01-06-15,18:50:38,10.5,10.5,S,Classic,"Sliced Ham, Pineapple, Mozzarella Cheese",The Hawaiian Pizza
826,361,big_meat_s,2,01-06-15,19:12:38,12,24,S,Classic,"Bacon, Pepperoni, Italian Sausage, Chorizo Sausage",The Big Meat Pizza
827,361,ital_cpcllo_s,1,01-06-15,19:12:38,12,12,S,Classic,"Capocollo, Red Peppers, Tomatoes, Goat Cheese, Garlic, Oregano",The Italian Capocollo Pizza
828,362,bbq_ckn_m,1,01-06-15,19:13:36,16.75,16.75,M,Chicken,"Barbecued Chicken, Red Peppers, Green Peppers, Tomatoes, Red Onions, Barbecue Sauce",The Barbecue Chicken Pizza
829,362,mexicana_l,1,01-06-15,19:13:36,20.25,20.25,L,Veggie,"Tomatoes, Red Peppers, Jalapeno Peppers, Red Onions, Cilantro, Corn, Chipotle Sauce, Garlic",The Mexicana Pizza
830,363,mediterraneo_l,1,01-06-15,19:20:31,20.25,20.25,L,Veggie,"Spinach, Artichokes, Kalamata Olives, Sun-dried Tomatoes, Feta Cheese, Plum Tomatoes, Red Onions",The Mediterranean Pizza
831,363,mexicana_l,1,01-06-15,19:20:31,20.25,20.25,L,Veggie,"Tomatoes, Red Peppers, Jalapeno Peppers, Red Onions, Cilantro, Corn, Chipotle Sauce, Garlic",The Mexicana Pizza
832,364,ital_supr_m,1,01-06-15,19:27:24,16.5,16.5,M,Supreme,"Calabrese Salami, Capocollo, Tomatoes, Red Onions, Green Olives, Garlic",The Italian Supreme Pizza
833,364,the_greek_xl,1,01-06-15,19:27:24,25.5,25.5,XL,Classic,"Kalamata Olives, Feta Cheese, Tomatoes, Garlic, Beef Chuck Roast, Red Onions",The Greek Pizza
834,365,four_cheese_m,1,01-06-15,19:37:26,14.75,14.75,M,Veggie,"Ricotta Cheese, Gorgonzola Piccante Cheese, Mozzarella Cheese, Parmigiano Reggiano Cheese, Garlic",The Four Cheese Pizza
835,365,mediterraneo_l,1,01-06-15,19:37:26,20.25,20.25,L,Veggie,"Spinach, Artichokes, Kalamata Olives, Sun-dried Tomatoes, Feta Cheese, Plum Tomatoes, Red Onions",The Mediterranean Pizza
836,365,pepperoni_m,1,01-06-15,19:37:26,12.5,12.5,M,Classic,"Mozzarella Cheese, Pepperoni",The Pepperoni Pizza
837,366,ital_cpcllo_l,1,01-06-15,20:04:20,20.5,20.5,L,Classic,"Capocollo, Red Peppers, Tomatoes, Goat Cheese, Garlic, Oregano",The Italian Capocollo Pizza
838,367,hawaiian_l,1,01-06-15,20:05:12,16.5,16.5,L,Classic,"Sliced Ham, Pineapple, Mozzarella Cheese",The Hawaiian Pizza
839,367,spinach_fet_m,1,01-06-15,20:05:12,16,16,M,Veggie,"Spinach, Mushrooms, Red Onions, Feta Cheese, Garlic",The Spinach and Feta Pizza
840,368,spin_pesto_m,1,01-06-15,20:28:16,16.5,16.5,M,Veggie,"Spinach, Artichokes, Tomatoes, Sun-dried Tomatoes, Garlic, Pesto Sauce",The Spinach Pesto Pizza
841,368,thai_ckn_l,1,01-06-15,20:28:16,20.75,20.75,L,Chicken,"Chicken, Pineapple, Tomatoes, Red Peppers, Thai Sweet Chilli Sauce",The Thai Chicken Pizza
842,369,spinach_fet_m,1,01-06-15,20:30:06,16,16,M,Veggie,"Spinach, Mushrooms, Red Onions, Feta Cheese, Garlic",The Spinach and Feta Pizza
843,370,four_cheese_l,1,01-06-15,21:02:30,17.95,17.95,L,Veggie,"Ricotta Cheese, Gorgonzola Piccante Cheese, Mozzarella Cheese, Parmigiano Reggiano Cheese, Garlic",The Four Cheese Pizza
844,370,hawaiian_s,1,01-06-15,21:02:30,10.5,10.5,S,Classic,"Sliced Ham, Pineapple, Mozzarella Cheese",The Hawaiian Pizza
845,371,pepperoni_m,1,01-06-15,21:15:20,12.5,12.5,M,Classic,"Mozzarella Cheese, Pepperoni",The Pepperoni Pizza
846,372,spinach_fet_s,1,01-06-15,22:26:59,12,12,S,Veggie,"Spinach, Mushrooms, Red Onions, Feta Cheese, Garlic",The Spinach and Feta Pizza
847,373,ckn_pesto_s,1,01-07-15,11:45:18,12.75,12.75,S,Chicken,"Chicken, Tomatoes, Red Peppers, Spinach, Garlic, Pesto Sauce",The Chicken Pesto Pizza
848,373,classic_dlx_m,1,01-07-15,11:45:18,16,16,M,Classic,"Pepperoni, Mushrooms, Red Onions, Red Peppers, Bacon",The Classic Deluxe Pizza
849,373,sicilian_l,1,01-07-15,11:45:18,20.25,20.25,L,Supreme,"Coarse Sicilian Salami, Tomatoes, Green Olives, Luganega Sausage, Onions, Garlic",The Sicilian Pizza
850,374,big_meat_s,1,01-07-15,11:55:59,12,12,S,Classic,"Bacon, Pepperoni, Italian Sausage, Chorizo Sausage",The Big Meat Pizza
851,374,ckn_alfredo_m,1,01-07-15,11:55:59,16.75,16.75,M,Chicken,"Chicken, Red Onions, Red Peppers, Mushrooms, Asiago Cheese, Alfredo Sauce",The Chicken Alfredo Pizza
852,374,peppr_salami_s,1,01-07-15,11:55:59,12.5,12.5,S,Supreme,"Genoa Salami, Capocollo, Pepperoni, Tomatoes, Asiago Cheese, Garlic",The Pepper Salami Pizza
853,375,mexicana_m,1,01-07-15,11:58:36,16,16,M,Veggie,"Tomatoes, Red Peppers, Jalapeno Peppers, Red Onions, Cilantro, Corn, Chipotle Sauce, Garlic",The Mexicana Pizza
854,376,the_greek_xl,1,01-07-15,12:01:17,25.5,25.5,XL,Classic,"Kalamata Olives, Feta Cheese, Tomatoes, Garlic, Beef Chuck Roast, Red Onions",The Greek Pizza
855,376,veggie_veg_l,1,01-07-15,12:01:17,20.25,20.25,L,Veggie,"Mushrooms, Tomatoes, Red Peppers, Green Peppers, Red Onions, Zucchini, Spinach, Garlic",The Vegetables + Vegetables Pizza
856,377,hawaiian_m,1,01-07-15,12:03:18,13.25,13.25,M,Classic,"Sliced Ham, Pineapple, Mozzarella Cheese",The Hawaiian Pizza
857,377,thai_ckn_l,1,01-07-15,12:03:18,20.75,20.75,L,Chicken,"Chicken, Pineapple, Tomatoes, Red Peppers, Thai Sweet Chilli Sauce",The Thai Chicken Pizza
858,378,ital_veggie_s,1,01-07-15,12:19:37,12.75,12.75,S,Veggie,"Eggplant, Artichokes, Tomatoes, Zucchini, Red Peppers, Garlic, Pesto Sauce",The Italian Vegetables Pizza
859,379,thai_ckn_l,1,01-07-15,12:25:37,20.75,20.75,L,Chicken,"Chicken, Pineapple, Tomatoes, Red Peppers, Thai Sweet Chilli Sauce",The Thai Chicken Pizza
860,380,calabrese_m,1,01-07-15,12:32:10,16.25,16.25,M,Supreme,"æ…›duja Salami, Pancetta, Tomatoes, Red Onions, Friggitello Peppers, Garlic",The Calabrese Pizza
861,380,cali_ckn_m,1,01-07-15,12:32:10,16.75,16.75,M,Chicken,"Chicken, Artichoke, Spinach, Garlic, Jalapeno Peppers, Fontina Cheese, Gouda Cheese",The California Chicken Pizza
862,381,southw_ckn_m,1,01-07-15,12:33:06,16.75,16.75,M,Chicken,"Chicken, Tomatoes, Red Peppers, Red Onions, Jalapeno Peppers, Corn, Cilantro, Chipotle Sauce",The Southwest Chicken Pizza
863,382,thai_ckn_s,1,01-07-15,12:33:07,12.75,12.75,S,Chicken,"Chicken, Pineapple, Tomatoes, Red Peppers, Thai Sweet Chilli Sauce",The Thai Chicken Pizza
864,382,veggie_veg_m,1,01-07-15,12:33:07,16,16,M,Veggie,"Mushrooms, Tomatoes, Red Peppers, Green Peppers, Red Onions, Zucchini, Spinach, Garlic",The Vegetables + Vegetables Pizza
865,383,spicy_ital_m,1,01-07-15,12:43:59,16.5,16.5,M,Supreme,"Capocollo, Tomatoes, Goat Cheese, Artichokes, Peperoncini verdi, Garlic",The Spicy Italian Pizza
866,384,hawaiian_s,1,01-07-15,12:51:46,10.5,10.5,S,Classic,"Sliced Ham, Pineapple, Mozzarella Cheese",The Hawaiian Pizza
867,384,ital_cpcllo_m,1,01-07-15,12:51:46,16,16,M,Classic,"Capocollo, Red Peppers, Tomatoes, Goat Cheese, Garlic, Oregano",The Italian Capocollo Pizza
868,384,mediterraneo_m,1,01-07-15,12:51:46,16,16,M,Veggie,"Spinach, Artichokes, Kalamata Olives, Sun-dried Tomatoes, Feta Cheese, Plum Tomatoes, Red Onions",The Mediterranean Pizza
869,384,the_greek_s,1,01-07-15,12:51:46,12,12,S,Classic,"Kalamata Olives, Feta Cheese, Tomatoes, Garlic, Beef Chuck Roast, Red Onions",The Greek Pizza
870,385,veggie_veg_l,1,01-07-15,12:54:19,20.25,20.25,L,Veggie,"Mushrooms, Tomatoes, Red Peppers, Green Peppers, Red Onions, Zucchini, Spinach, Garlic",The Vegetables + Vegetables Pizza
871,386,ital_veggie_s,1,01-07-15,12:58:16,12.75,12.75,S,Veggie,"Eggplant, Artichokes, Tomatoes, Zucchini, Red Peppers, Garlic, Pesto Sauce",The Italian Vegetables Pizza
872,386,soppressata_m,1,01-07-15,12:58:16,16.5,16.5,M,Supreme,"Soppressata Salami, Fontina Cheese, Mozzarella Cheese, Mushrooms, Garlic",The Soppressata Pizza
873,386,thai_ckn_m,1,01-07-15,12:58:16,16.75,16.75,M,Chicken,"Chicken, Pineapple, Tomatoes, Red Peppers, Thai Sweet Chilli Sauce",The Thai Chicken Pizza
874,387,bbq_ckn_s,1,01-07-15,13:03:14,12.75,12.75,S,Chicken,"Barbecued Chicken, Red Peppers, Green Peppers, Tomatoes, Red Onions, Barbecue Sauce",The Barbecue Chicken Pizza
875,387,big_meat_s,1,01-07-15,13:03:14,12,12,S,Classic,"Bacon, Pepperoni, Italian Sausage, Chorizo Sausage",The Big Meat Pizza
876,387,ckn_pesto_m,1,01-07-15,13:03:14,16.75,16.75,M,Chicken,"Chicken, Tomatoes, Red Peppers, Spinach, Garlic, Pesto Sauce",The Chicken Pesto Pizza
877,387,five_cheese_l,1,01-07-15,13:03:14,18.5,18.5,L,Veggie,"Mozzarella Cheese, Provolone Cheese, Smoked Gouda Cheese, Romano Cheese, Blue Cheese, Garlic",The Five Cheese Pizza
878,387,pepperoni_s,1,01-07-15,13:03:14,9.75,9.75,S,Classic,"Mozzarella Cheese, Pepperoni",The Pepperoni Pizza
879,387,spicy_ital_l,1,01-07-15,13:03:14,20.75,20.75,L,Supreme,"Capocollo, Tomatoes, Goat Cheese, Artichokes, Peperoncini verdi, Garlic",The Spicy Italian Pizza
880,387,spinach_fet_s,1,01-07-15,13:03:14,12,12,S,Veggie,"Spinach, Mushrooms, Red Onions, Feta Cheese, Garlic",The Spinach and Feta Pizza
881,388,bbq_ckn_s,1,01-07-15,13:04:56,12.75,12.75,S,Chicken,"Barbecued Chicken, Red Peppers, Green Peppers, Tomatoes, Red Onions, Barbecue Sauce",The Barbecue Chicken Pizza
882,388,ckn_alfredo_m,1,01-07-15,13:04:56,16.75,16.75,M,Chicken,"Chicken, Red Onions, Red Peppers, Mushrooms, Asiago Cheese, Alfredo Sauce",The Chicken Alfredo Pizza
883,388,mediterraneo_m,1,01-07-15,13:04:56,16,16,M,Veggie,"Spinach, Artichokes, Kalamata Olives, Sun-dried Tomatoes, Feta Cheese, Plum Tomatoes, Red Onions",The Mediterranean Pizza
884,388,veggie_veg_s,1,01-07-15,13:04:56,12,12,S,Veggie,"Mushrooms, Tomatoes, Red Peppers, Green Peppers, Red Onions, Zucchini, Spinach, Garlic",The Vegetables + Vegetables Pizza
885,389,spin_pesto_l,1,01-07-15,13:10:17,20.75,20.75,L,Veggie,"Spinach, Artichokes, Tomatoes, Sun-dried Tomatoes, Garlic, Pesto Sauce",The Spinach Pesto Pizza
886,390,pep_msh_pep_l,1,01-07-15,13:15:32,17.5,17.5,L,Classic,"Pepperoni, Mushrooms, Green Peppers","The Pepperoni, Mushroom, and Peppers Pizza"
887,391,the_greek_m,1,01-07-15,13:25:31,16,16,M,Classic,"Kalamata Olives, Feta Cheese, Tomatoes, Garlic, Beef Chuck Roast, Red Onions",The Greek Pizza
888,392,big_meat_s,1,01-07-15,13:36:47,12,12,S,Classic,"Bacon, Pepperoni, Italian Sausage, Chorizo Sausage",The Big Meat Pizza
889,392,calabrese_s,1,01-07-15,13:36:47,12.25,12.25,S,Supreme,"æ…›duja Salami, Pancetta, Tomatoes, Red Onions, Friggitello Peppers, Garlic",The Calabrese Pizza
890,392,cali_ckn_l,1,01-07-15,13:36:47,20.75,20.75,L,Chicken,"Chicken, Artichoke, Spinach, Garlic, Jalapeno Peppers, Fontina Cheese, Gouda Cheese",The California Chicken Pizza
891,392,pepperoni_s,2,01-07-15,13:36:47,9.75,19.5,S,Classic,"Mozzarella Cheese, Pepperoni",The Pepperoni Pizza
892,392,prsc_argla_l,1,01-07-15,13:36:47,20.75,20.75,L,Supreme,"Prosciutto di San Daniele, Arugula, Mozzarella Cheese",The Prosciutto and Arugula Pizza
893,392,sicilian_l,1,01-07-15,13:36:47,20.25,20.25,L,Supreme,"Coarse Sicilian Salami, Tomatoes, Green Olives, Luganega Sausage, Onions, Garlic",The Sicilian Pizza
894,392,soppressata_l,1,01-07-15,13:36:47,20.75,20.75,L,Supreme,"Soppressata Salami, Fontina Cheese, Mozzarella Cheese, Mushrooms, Garlic",The Soppressata Pizza
895,392,spicy_ital_l,1,01-07-15,13:36:47,20.75,20.75,L,Supreme,"Capocollo, Tomatoes, Goat Cheese, Artichokes, Peperoncini verdi, Garlic",The Spicy Italian Pizza
896,393,green_garden_s,1,01-07-15,13:48:31,12,12,S,Veggie,"Spinach, Mushrooms, Tomatoes, Green Olives, Feta Cheese",The Green Garden Pizza
897,393,hawaiian_l,1,01-07-15,13:48:31,16.5,16.5,L,Classic,"Sliced Ham, Pineapple, Mozzarella Cheese",The Hawaiian Pizza
898,394,big_meat_s,1,01-07-15,14:02:18,12,12,S,Classic,"Bacon, Pepperoni, Italian Sausage, Chorizo Sausage",The Big Meat Pizza
899,394,ckn_pesto_s,1,01-07-15,14:02:18,12.75,12.75,S,Chicken,"Chicken, Tomatoes, Red Peppers, Spinach, Garlic, Pesto Sauce",The Chicken Pesto Pizza
900,394,hawaiian_l,1,01-07-15,14:02:18,16.5,16.5,L,Classic,"Sliced Ham, Pineapple, Mozzarella Cheese",The Hawaiian Pizza
901,394,hawaiian_s,1,01-07-15,14:02:18,10.5,10.5,S,Classic,"Sliced Ham, Pineapple, Mozzarella Cheese",The Hawaiian Pizza
902,394,pep_msh_pep_l,1,01-07-15,14:02:18,17.5,17.5,L,Classic,"Pepperoni, Mushrooms, Green Peppers","The Pepperoni, Mushroom, and Peppers Pizza"
903,394,pepperoni_m,3,01-07-15,14:02:18,12.5,37.5,M,Classic,"Mozzarella Cheese, Pepperoni",The Pepperoni Pizza
904,394,pepperoni_s,1,01-07-15,14:02:18,9.75,9.75,S,Classic,"Mozzarella Cheese, Pepperoni",The Pepperoni Pizza
905,394,sicilian_l,1,01-07-15,14:02:18,20.25,20.25,L,Supreme,"Coarse Sicilian Salami, Tomatoes, Green Olives, Luganega Sausage, Onions, Garlic",The Sicilian Pizza
906,394,spicy_ital_l,1,01-07-15,14:02:18,20.75,20.75,L,Supreme,"Capocollo, Tomatoes, Goat Cheese, Artichokes, Peperoncini verdi, Garlic",The Spicy Italian Pizza
907,394,spin_pesto_s,1,01-07-15,14:02:18,12.5,12.5,S,Veggie,"Spinach, Artichokes, Tomatoes, Sun-dried Tomatoes, Garlic, Pesto Sauce",The Spinach Pesto Pizza
908,394,thai_ckn_l,1,01-07-15,14:02:18,20.75,20.75,L,Chicken,"Chicken, Pineapple, Tomatoes, Red Peppers, Thai Sweet Chilli Sauce",The Thai Chicken Pizza
909,394,veggie_veg_s,1,01-07-15,14:02:18,12,12,S,Veggie,"Mushrooms, Tomatoes, Red Peppers, Green Peppers, Red Onions, Zucchini, Spinach, Garlic",The Vegetables + Vegetables Pizza
910,395,napolitana_m,1,01-07-15,14:11:08,16,16,M,Classic,"Tomatoes, Anchovies, Green Olives, Red Onions, Garlic",The Napolitana Pizza
911,396,spinach_fet_s,1,01-07-15,14:12:21,12,12,S,Veggie,"Spinach, Mushrooms, Red Onions, Feta Cheese, Garlic",The Spinach and Feta Pizza
912,397,five_cheese_l,2,01-07-15,14:31:10,18.5,37,L,Veggie,"Mozzarella Cheese, Provolone Cheese, Smoked Gouda Cheese, Romano Cheese, Blue Cheese, Garlic",The Five Cheese Pizza
913,397,hawaiian_l,1,01-07-15,14:31:10,16.5,16.5,L,Classic,"Sliced Ham, Pineapple, Mozzarella Cheese",The Hawaiian Pizza
914,397,pepperoni_m,1,01-07-15,14:31:10,12.5,12.5,M,Classic,"Mozzarella Cheese, Pepperoni",The Pepperoni Pizza
915,398,pepperoni_s,1,01-07-15,14:56:26,9.75,9.75,S,Classic,"Mozzarella Cheese, Pepperoni",The Pepperoni Pizza
916,399,bbq_ckn_m,1,01-07-15,15:47:49,16.75,16.75,M,Chicken,"Barbecued Chicken, Red Peppers, Green Peppers, Tomatoes, Red Onions, Barbecue Sauce",The Barbecue Chicken Pizza
917,399,cali_ckn_l,1,01-07-15,15:47:49,20.75,20.75,L,Chicken,"Chicken, Artichoke, Spinach, Garlic, Jalapeno Peppers, Fontina Cheese, Gouda Cheese",The California Chicken Pizza
918,399,four_cheese_m,1,01-07-15,15:47:49,14.75,14.75,M,Veggie,"Ricotta Cheese, Gorgonzola Piccante Cheese, Mozzarella Cheese, Parmigiano Reggiano Cheese, Garlic",The Four Cheese Pizza
919,399,the_greek_m,1,01-07-15,15:47:49,16,16,M,Classic,"Kalamata Olives, Feta Cheese, Tomatoes, Garlic, Beef Chuck Roast, Red Onions",The Greek Pizza
920,400,pepperoni_m,1,01-07-15,16:03:07,12.5,12.5,M,Classic,"Mozzarella Cheese, Pepperoni",The Pepperoni Pizza
921,400,thai_ckn_l,1,01-07-15,16:03:07,20.75,20.75,L,Chicken,"Chicken, Pineapple, Tomatoes, Red Peppers, Thai Sweet Chilli Sauce",The Thai Chicken Pizza
922,401,veggie_veg_m,1,01-07-15,16:08:35,16,16,M,Veggie,"Mushrooms, Tomatoes, Red Peppers, Green Peppers, Red Onions, Zucchini, Spinach, Garlic",The Vegetables + Vegetables Pizza
923,402,four_cheese_l,1,01-07-15,16:24:46,17.95,17.95,L,Veggie,"Ricotta Cheese, Gorgonzola Piccante Cheese, Mozzarella Cheese, Parmigiano Reggiano Cheese, Garlic",The Four Cheese Pizza
924,402,ital_supr_m,1,01-07-15,16:24:46,16.5,16.5,M,Supreme,"Calabrese Salami, Capocollo, Tomatoes, Red Onions, Green Olives, Garlic",The Italian Supreme Pizza
925,403,bbq_ckn_s,1,01-07-15,16:26:10,12.75,12.75,S,Chicken,"Barbecued Chicken, Red Peppers, Green Peppers, Tomatoes, Red Onions, Barbecue Sauce",The Barbecue Chicken Pizza
926,403,classic_dlx_l,1,01-07-15,16:26:10,20.5,20.5,L,Classic,"Pepperoni, Mushrooms, Red Onions, Red Peppers, Bacon",The Classic Deluxe Pizza
927,403,prsc_argla_s,1,01-07-15,16:26:10,12.5,12.5,S,Supreme,"Prosciutto di San Daniele, Arugula, Mozzarella Cheese",The Prosciutto and Arugula Pizza
928,404,ckn_pesto_l,1,01-07-15,16:39:27,20.75,20.75,L,Chicken,"Chicken, Tomatoes, Red Peppers, Spinach, Garlic, Pesto Sauce",The Chicken Pesto Pizza
929,405,sicilian_l,1,01-07-15,16:44:16,20.25,20.25,L,Supreme,"Coarse Sicilian Salami, Tomatoes, Green Olives, Luganega Sausage, Onions, Garlic",The Sicilian Pizza
930,406,ckn_alfredo_m,1,01-07-15,16:50:49,16.75,16.75,M,Chicken,"Chicken, Red Onions, Red Peppers, Mushrooms, Asiago Cheese, Alfredo Sauce",The Chicken Alfredo Pizza
931,406,classic_dlx_m,1,01-07-15,16:50:49,16,16,M,Classic,"Pepperoni, Mushrooms, Red Onions, Red Peppers, Bacon",The Classic Deluxe Pizza
932,406,ital_veggie_s,1,01-07-15,16:50:49,12.75,12.75,S,Veggie,"Eggplant, Artichokes, Tomatoes, Zucchini, Red Peppers, Garlic, Pesto Sauce",The Italian Vegetables Pizza
933,407,cali_ckn_m,1,01-07-15,16:56:42,16.75,16.75,M,Chicken,"Chicken, Artichoke, Spinach, Garlic, Jalapeno Peppers, Fontina Cheese, Gouda Cheese",The California Chicken Pizza
934,407,classic_dlx_l,1,01-07-15,16:56:42,20.5,20.5,L,Classic,"Pepperoni, Mushrooms, Red Onions, Red Peppers, Bacon",The Classic Deluxe Pizza
935,407,pepperoni_m,1,01-07-15,16:56:42,12.5,12.5,M,Classic,"Mozzarella Cheese, Pepperoni",The Pepperoni Pizza
936,408,brie_carre_s,1,01-07-15,17:09:09,23.65,23.65,S,Supreme,"Brie Carre Cheese, Prosciutto, Caramelized Onions, Pears, Thyme, Garlic",The Brie Carre Pizza
937,408,peppr_salami_m,1,01-07-15,17:09:09,16.5,16.5,M,Supreme,"Genoa Salami, Capocollo, Pepperoni, Tomatoes, Asiago Cheese, Garlic",The Pepper Salami Pizza
938,409,pepperoni_l,1,01-07-15,17:15:04,15.25,15.25,L,Classic,"Mozzarella Cheese, Pepperoni",The Pepperoni Pizza
939,410,big_meat_s,2,01-07-15,17:33:49,12,24,S,Classic,"Bacon, Pepperoni, Italian Sausage, Chorizo Sausage",The Big Meat Pizza
940,410,mediterraneo_m,1,01-07-15,17:33:49,16,16,M,Veggie,"Spinach, Artichokes, Kalamata Olives, Sun-dried Tomatoes, Feta Cheese, Plum Tomatoes, Red Onions",The Mediterranean Pizza
941,410,the_greek_xl,1,01-07-15,17:33:49,25.5,25.5,XL,Classic,"Kalamata Olives, Feta Cheese, Tomatoes, Garlic, Beef Chuck Roast, Red Onions",The Greek Pizza
942,411,ital_supr_m,1,01-07-15,17:58:09,16.5,16.5,M,Supreme,"Calabrese Salami, Capocollo, Tomatoes, Red Onions, Green Olives, Garlic",The Italian Supreme Pizza
943,411,southw_ckn_l,1,01-07-15,17:58:09,20.75,20.75,L,Chicken,"Chicken, Tomatoes, Red Peppers, Red Onions, Jalapeno Peppers, Corn, Cilantro, Chipotle Sauce",The Southwest Chicken Pizza
944,412,brie_carre_s,1,01-07-15,18:07:46,23.65,23.65,S,Supreme,"Brie Carre Cheese, Prosciutto, Caramelized Onions, Pears, Thyme, Garlic",The Brie Carre Pizza
945,412,spinach_supr_m,1,01-07-15,18:07:46,16.5,16.5,M,Supreme,"Spinach, Red Onions, Pepperoni, Tomatoes, Artichokes, Kalamata Olives, Garlic, Asiago Cheese",The Spinach Supreme Pizza
946,413,the_greek_s,1,01-07-15,18:11:32,12,12,S,Classic,"Kalamata Olives, Feta Cheese, Tomatoes, Garlic, Beef Chuck Roast, Red Onions",The Greek Pizza
947,414,classic_dlx_s,1,01-07-15,18:13:22,12,12,S,Classic,"Pepperoni, Mushrooms, Red Onions, Red Peppers, Bacon",The Classic Deluxe Pizza
948,414,five_cheese_l,1,01-07-15,18:13:22,18.5,18.5,L,Veggie,"Mozzarella Cheese, Provolone Cheese, Smoked Gouda Cheese, Romano Cheese, Blue Cheese, Garlic",The Five Cheese Pizza
949,414,ital_supr_m,1,01-07-15,18:13:22,16.5,16.5,M,Supreme,"Calabrese Salami, Capocollo, Tomatoes, Red Onions, Green Olives, Garlic",The Italian Supreme Pizza
950,415,cali_ckn_s,1,01-07-15,18:16:23,12.75,12.75,S,Chicken,"Chicken, Artichoke, Spinach, Garlic, Jalapeno Peppers, Fontina Cheese, Gouda Cheese",The California Chicken Pizza
951,416,spinach_fet_l,1,01-07-15,18:17:42,20.25,20.25,L,Veggie,"Spinach, Mushrooms, Red Onions, Feta Cheese, Garlic",The Spinach and Feta Pizza
952,417,pepperoni_s,1,01-07-15,18:24:40,9.75,9.75,S,Classic,"Mozzarella Cheese, Pepperoni",The Pepperoni Pizza
953,418,ckn_pesto_m,1,01-07-15,18:40:11,16.75,16.75,M,Chicken,"Chicken, Tomatoes, Red Peppers, Spinach, Garlic, Pesto Sauce",The Chicken Pesto Pizza
954,418,sicilian_m,1,01-07-15,18:40:11,16.25,16.25,M,Supreme,"Coarse Sicilian Salami, Tomatoes, Green Olives, Luganega Sausage, Onions, Garlic",The Sicilian Pizza
955,419,bbq_ckn_l,1,01-07-15,19:02:31,20.75,20.75,L,Chicken,"Barbecued Chicken, Red Peppers, Green Peppers, Tomatoes, Red Onions, Barbecue Sauce",The Barbecue Chicken Pizza
956,419,hawaiian_l,1,01-07-15,19:02:31,16.5,16.5,L,Classic,"Sliced Ham, Pineapple, Mozzarella Cheese",The Hawaiian Pizza
957,419,ital_veggie_m,1,01-07-15,19:02:31,16.75,16.75,M,Veggie,"Eggplant, Artichokes, Tomatoes, Zucchini, Red Peppers, Garlic, Pesto Sauce",The Italian Vegetables Pizza
958,419,veggie_veg_s,1,01-07-15,19:02:31,12,12,S,Veggie,"Mushrooms, Tomatoes, Red Peppers, Green Peppers, Red Onions, Zucchini, Spinach, Garlic",The Vegetables + Vegetables Pizza
959,420,five_cheese_l,1,01-07-15,19:04:40,18.5,18.5,L,Veggie,"Mozzarella Cheese, Provolone Cheese, Smoked Gouda Cheese, Romano Cheese, Blue Cheese, Garlic",The Five Cheese Pizza
960,420,pep_msh_pep_s,1,01-07-15,19:04:40,11,11,S,Classic,"Pepperoni, Mushrooms, Green Peppers","The Pepperoni, Mushroom, and Peppers Pizza"
961,421,bbq_ckn_l,1,01-07-15,19:21:58,20.75,20.75,L,Chicken,"Barbecued Chicken, Red Peppers, Green Peppers, Tomatoes, Red Onions, Barbecue Sauce",The Barbecue Chicken Pizza
962,421,calabrese_l,1,01-07-15,19:21:58,20.25,20.25,L,Supreme,"æ…›duja Salami, Pancetta, Tomatoes, Red Onions, Friggitello Peppers, Garlic",The Calabrese Pizza
963,421,ckn_pesto_s,1,01-07-15,19:21:58,12.75,12.75,S,Chicken,"Chicken, Tomatoes, Red Peppers, Spinach, Garlic, Pesto Sauce",The Chicken Pesto Pizza
964,422,four_cheese_l,1,01-07-15,19:30:25,17.95,17.95,L,Veggie,"Ricotta Cheese, Gorgonzola Piccante Cheese, Mozzarella Cheese, Parmigiano Reggiano Cheese, Garlic",The Four Cheese Pizza
965,422,ital_supr_m,1,01-07-15,19:30:25,16.5,16.5,M,Supreme,"Calabrese Salami, Capocollo, Tomatoes, Red Onions, Green Olives, Garlic",The Italian Supreme Pizza
966,422,spinach_fet_m,1,01-07-15,19:30:25,16,16,M,Veggie,"Spinach, Mushrooms, Red Onions, Feta Cheese, Garlic",The Spinach and Feta Pizza
967,423,ital_supr_l,1,01-07-15,19:45:07,20.75,20.75,L,Supreme,"Calabrese Salami, Capocollo, Tomatoes, Red Onions, Green Olives, Garlic",The Italian Supreme Pizza
968,423,sicilian_s,1,01-07-15,19:45:07,12.25,12.25,S,Supreme,"Coarse Sicilian Salami, Tomatoes, Green Olives, Luganega Sausage, Onions, Garlic",The Sicilian Pizza
969,424,pepperoni_m,1,01-07-15,20:01:28,12.5,12.5,M,Classic,"Mozzarella Cheese, Pepperoni",The Pepperoni Pizza
970,425,soppressata_m,1,01-07-15,20:21:19,16.5,16.5,M,Supreme,"Soppressata Salami, Fontina Cheese, Mozzarella Cheese, Mushrooms, Garlic",The Soppressata Pizza
971,426,classic_dlx_m,1,01-07-15,20:25:45,16,16,M,Classic,"Pepperoni, Mushrooms, Red Onions, Red Peppers, Bacon",The Classic Deluxe Pizza
972,426,sicilian_s,1,01-07-15,20:25:45,12.25,12.25,S,Supreme,"Coarse Sicilian Salami, Tomatoes, Green Olives, Luganega Sausage, Onions, Garlic",The Sicilian Pizza
973,426,soppressata_m,1,01-07-15,20:25:45,16.5,16.5,M,Supreme,"Soppressata Salami, Fontina Cheese, Mozzarella Cheese, Mushrooms, Garlic",The Soppressata Pizza
974,427,spinach_fet_l,1,01-07-15,21:49:00,20.25,20.25,L,Veggie,"Spinach, Mushrooms, Red Onions, Feta Cheese, Garlic",The Spinach and Feta Pizza
975,428,calabrese_l,1,01-07-15,22:05:00,20.25,20.25,L,Supreme,"æ…›duja Salami, Pancetta, Tomatoes, Red Onions, Friggitello Peppers, Garlic",The Calabrese Pizza
976,428,ital_cpcllo_s,1,01-07-15,22:05:00,12,12,S,Classic,"Capocollo, Red Peppers, Tomatoes, Goat Cheese, Garlic, Oregano",The Italian Capocollo Pizza
977,429,spicy_ital_m,1,01-07-15,22:16:53,16.5,16.5,M,Supreme,"Capocollo, Tomatoes, Goat Cheese, Artichokes, Peperoncini verdi, Garlic",The Spicy Italian Pizza
978,430,green_garden_m,1,01-07-15,22:46:13,16,16,M,Veggie,"Spinach, Mushrooms, Tomatoes, Green Olives, Feta Cheese",The Green Garden Pizza
979,430,sicilian_s,1,01-07-15,22:46:13,12.25,12.25,S,Supreme,"Coarse Sicilian Salami, Tomatoes, Green Olives, Luganega Sausage, Onions, Garlic",The Sicilian Pizza
980,431,big_meat_s,1,01-08-15,11:17:13,12,12,S,Classic,"Bacon, Pepperoni, Italian Sausage, Chorizo Sausage",The Big Meat Pizza
981,431,ckn_alfredo_s,1,01-08-15,11:17:13,12.75,12.75,S,Chicken,"Chicken, Red Onions, Red Peppers, Mushrooms, Asiago Cheese, Alfredo Sauce",The Chicken Alfredo Pizza
982,431,four_cheese_l,1,01-08-15,11:17:13,17.95,17.95,L,Veggie,"Ricotta Cheese, Gorgonzola Piccante Cheese, Mozzarella Cheese, Parmigiano Reggiano Cheese, Garlic",The Four Cheese Pizza
983,431,hawaiian_l,1,01-08-15,11:17:13,16.5,16.5,L,Classic,"Sliced Ham, Pineapple, Mozzarella Cheese",The Hawaiian Pizza
984,432,ital_cpcllo_s,1,01-08-15,11:39:07,12,12,S,Classic,"Capocollo, Red Peppers, Tomatoes, Goat Cheese, Garlic, Oregano",The Italian Capocollo Pizza
985,432,thai_ckn_l,1,01-08-15,11:39:07,20.75,20.75,L,Chicken,"Chicken, Pineapple, Tomatoes, Red Peppers, Thai Sweet Chilli Sauce",The Thai Chicken Pizza
986,432,veggie_veg_s,1,01-08-15,11:39:07,12,12,S,Veggie,"Mushrooms, Tomatoes, Red Peppers, Green Peppers, Red Onions, Zucchini, Spinach, Garlic",The Vegetables + Vegetables Pizza
987,433,spicy_ital_l,1,01-08-15,11:49:50,20.75,20.75,L,Supreme,"Capocollo, Tomatoes, Goat Cheese, Artichokes, Peperoncini verdi, Garlic",The Spicy Italian Pizza
988,434,napolitana_m,1,01-08-15,11:54:14,16,16,M,Classic,"Tomatoes, Anchovies, Green Olives, Red Onions, Garlic",The Napolitana Pizza
989,434,spicy_ital_l,1,01-08-15,11:54:14,20.75,20.75,L,Supreme,"Capocollo, Tomatoes, Goat Cheese, Artichokes, Peperoncini verdi, Garlic",The Spicy Italian Pizza
990,434,veggie_veg_l,1,01-08-15,11:54:14,20.25,20.25,L,Veggie,"Mushrooms, Tomatoes, Red Peppers, Green Peppers, Red Onions, Zucchini, Spinach, Garlic",The Vegetables + Vegetables Pizza
991,435,classic_dlx_m,1,01-08-15,12:06:09,16,16,M,Classic,"Pepperoni, Mushrooms, Red Onions, Red Peppers, Bacon",The Classic Deluxe Pizza
992,435,pep_msh_pep_m,1,01-08-15,12:06:09,14.5,14.5,M,Classic,"Pepperoni, Mushrooms, Green Peppers","The Pepperoni, Mushroom, and Peppers Pizza"
993,435,spinach_supr_s,1,01-08-15,12:06:09,12.5,12.5,S,Supreme,"Spinach, Red Onions, Pepperoni, Tomatoes, Artichokes, Kalamata Olives, Garlic, Asiago Cheese",The Spinach Supreme Pizza
994,436,classic_dlx_l,1,01-08-15,12:07:21,20.5,20.5,L,Classic,"Pepperoni, Mushrooms, Red Onions, Red Peppers, Bacon",The Classic Deluxe Pizza
995,436,ital_supr_m,1,01-08-15,12:07:21,16.5,16.5,M,Supreme,"Calabrese Salami, Capocollo, Tomatoes, Red Onions, Green Olives, Garlic",The Italian Supreme Pizza
996,436,pep_msh_pep_s,1,01-08-15,12:07:21,11,11,S,Classic,"Pepperoni, Mushrooms, Green Peppers","The Pepperoni, Mushroom, and Peppers Pizza"
997,436,peppr_salami_s,1,01-08-15,12:07:21,12.5,12.5,S,Supreme,"Genoa Salami, Capocollo, Pepperoni, Tomatoes, Asiago Cheese, Garlic",The Pepper Salami Pizza
998,437,bbq_ckn_m,1,01-08-15,12:07:54,16.75,16.75,M,Chicken,"Barbecued Chicken, Red Peppers, Green Peppers, Tomatoes, Red Onions, Barbecue Sauce",The Barbecue Chicken Pizza
999,438,veggie_veg_m,1,01-08-15,12:08:38,16,16,M,Veggie,"Mushrooms, Tomatoes, Red Peppers, Green Peppers, Red Onions, Zucchini, Spinach, Garlic",The Vegetables + Vegetables Pizza
1000,439,ckn_alfredo_m,1,01-08-15,12:13:08,16.75,16.75,M,Chicken,"Chicken, Red Onions, Red Peppers, Mushrooms, Asiago Cheese, Alfredo Sauce",The Chicken Alfredo Pizza
1001,439,pepperoni_m,1,01-08-15,12:13:08,12.5,12.5,M,Classic,"Mozzarella Cheese, Pepperoni",The Pepperoni Pizza
1002,439,the_greek_s,1,01-08-15,12:13:08,12,12,S,Classic,"Kalamata Olives, Feta Cheese, Tomatoes, Garlic, Beef Chuck Roast, Red Onions",The Greek Pizza
1003,440,calabrese_m,1,01-08-15,12:16:34,16.25,16.25,M,Supreme,"æ…›duja Salami, Pancetta, Tomatoes, Red Onions, Friggitello Peppers, Garlic",The Calabrese Pizza
1004,440,ckn_alfredo_m,1,01-08-15,12:16:34,16.75,16.75,M,Chicken,"Chicken, Red Onions, Red Peppers, Mushrooms, Asiago Cheese, Alfredo Sauce",The Chicken Alfredo Pizza
1005,440,five_cheese_l,1,01-08-15,12:16:34,18.5,18.5,L,Veggie,"Mozzarella Cheese, Provolone Cheese, Smoked Gouda Cheese, Romano Cheese, Blue Cheese, Garlic",The Five Cheese Pizza
1006,440,four_cheese_l,1,01-08-15,12:16:34,17.95,17.95,L,Veggie,"Ricotta Cheese, Gorgonzola Piccante Cheese, Mozzarella Cheese, Parmigiano Reggiano Cheese, Garlic",The Four Cheese Pizza
1007,440,four_cheese_m,1,01-08-15,12:16:34,14.75,14.75,M,Veggie,"Ricotta Cheese, Gorgonzola Piccante Cheese, Mozzarella Cheese, Parmigiano Reggiano Cheese, Garlic",The Four Cheese Pizza
1008,440,green_garden_l,1,01-08-15,12:16:34,20.25,20.25,L,Veggie,"Spinach, Mushrooms, Tomatoes, Green Olives, Feta Cheese",The Green Garden Pizza
1009,440,green_garden_m,1,01-08-15,12:16:34,16,16,M,Veggie,"Spinach, Mushrooms, Tomatoes, Green Olives, Feta Cheese",The Green Garden Pizza
1010,440,hawaiian_l,1,01-08-15,12:16:34,16.5,16.5,L,Classic,"Sliced Ham, Pineapple, Mozzarella Cheese",The Hawaiian Pizza
1011,440,ital_veggie_l,1,01-08-15,12:16:34,21,21,L,Veggie,"Eggplant, Artichokes, Tomatoes, Zucchini, Red Peppers, Garlic, Pesto Sauce",The Italian Vegetables Pizza
1012,440,pepperoni_l,1,01-08-15,12:16:34,15.25,15.25,L,Classic,"Mozzarella Cheese, Pepperoni",The Pepperoni Pizza
1013,440,spicy_ital_l,1,01-08-15,12:16:34,20.75,20.75,L,Supreme,"Capocollo, Tomatoes, Goat Cheese, Artichokes, Peperoncini verdi, Garlic",The Spicy Italian Pizza
1014,440,spinach_fet_s,1,01-08-15,12:16:34,12,12,S,Veggie,"Spinach, Mushrooms, Red Onions, Feta Cheese, Garlic",The Spinach and Feta Pizza
1015,440,thai_ckn_l,1,01-08-15,12:16:34,20.75,20.75,L,Chicken,"Chicken, Pineapple, Tomatoes, Red Peppers, Thai Sweet Chilli Sauce",The Thai Chicken Pizza
1016,440,veggie_veg_m,1,01-08-15,12:16:34,16,16,M,Veggie,"Mushrooms, Tomatoes, Red Peppers, Green Peppers, Red Onions, Zucchini, Spinach, Garlic",The Vegetables + Vegetables Pizza
1017,441,spicy_ital_l,1,01-08-15,12:16:58,20.75,20.75,L,Supreme,"Capocollo, Tomatoes, Goat Cheese, Artichokes, Peperoncini verdi, Garlic",The Spicy Italian Pizza
1018,441,thai_ckn_l,1,01-08-15,12:16:58,20.75,20.75,L,Chicken,"Chicken, Pineapple, Tomatoes, Red Peppers, Thai Sweet Chilli Sauce",The Thai Chicken Pizza
1019,442,peppr_salami_l,1,01-08-15,12:28:49,20.75,20.75,L,Supreme,"Genoa Salami, Capocollo, Pepperoni, Tomatoes, Asiago Cheese, Garlic",The Pepper Salami Pizza
1020,443,big_meat_s,1,01-08-15,12:34:20,12,12,S,Classic,"Bacon, Pepperoni, Italian Sausage, Chorizo Sausage",The Big Meat Pizza
1021,443,cali_ckn_m,2,01-08-15,12:34:20,16.75,33.5,M,Chicken,"Chicken, Artichoke, Spinach, Garlic, Jalapeno Peppers, Fontina Cheese, Gouda Cheese",The California Chicken Pizza
1022,443,four_cheese_l,1,01-08-15,12:34:20,17.95,17.95,L,Veggie,"Ricotta Cheese, Gorgonzola Piccante Cheese, Mozzarella Cheese, Parmigiano Reggiano Cheese, Garlic",The Four Cheese Pizza
1023,443,ital_cpcllo_m,1,01-08-15,12:34:20,16,16,M,Classic,"Capocollo, Red Peppers, Tomatoes, Goat Cheese, Garlic, Oregano",The Italian Capocollo Pizza
1024,443,ital_veggie_m,1,01-08-15,12:34:20,16.75,16.75,M,Veggie,"Eggplant, Artichokes, Tomatoes, Zucchini, Red Peppers, Garlic, Pesto Sauce",The Italian Vegetables Pizza
1025,443,mexicana_l,1,01-08-15,12:34:20,20.25,20.25,L,Veggie,"Tomatoes, Red Peppers, Jalapeno Peppers, Red Onions, Cilantro, Corn, Chipotle Sauce, Garlic",The Mexicana Pizza
1026,443,pepperoni_l,1,01-08-15,12:34:20,15.25,15.25,L,Classic,"Mozzarella Cheese, Pepperoni",The Pepperoni Pizza
1027,443,sicilian_l,1,01-08-15,12:34:20,20.25,20.25,L,Supreme,"Coarse Sicilian Salami, Tomatoes, Green Olives, Luganega Sausage, Onions, Garlic",The Sicilian Pizza
1028,443,sicilian_m,1,01-08-15,12:34:20,16.25,16.25,M,Supreme,"Coarse Sicilian Salami, Tomatoes, Green Olives, Luganega Sausage, Onions, Garlic",The Sicilian Pizza
1029,443,southw_ckn_m,1,01-08-15,12:34:20,16.75,16.75,M,Chicken,"Chicken, Tomatoes, Red Peppers, Red Onions, Jalapeno Peppers, Corn, Cilantro, Chipotle Sauce",The Southwest Chicken Pizza
1030,443,spicy_ital_l,1,01-08-15,12:34:20,20.75,20.75,L,Supreme,"Capocollo, Tomatoes, Goat Cheese, Artichokes, Peperoncini verdi, Garlic",The Spicy Italian Pizza
1031,443,spicy_ital_s,1,01-08-15,12:34:20,12.5,12.5,S,Supreme,"Capocollo, Tomatoes, Goat Cheese, Artichokes, Peperoncini verdi, Garlic",The Spicy Italian Pizza
1032,443,spinach_supr_m,1,01-08-15,12:34:20,16.5,16.5,M,Supreme,"Spinach, Red Onions, Pepperoni, Tomatoes, Artichokes, Kalamata Olives, Garlic, Asiago Cheese",The Spinach Supreme Pizza
1033,443,thai_ckn_m,1,01-08-15,12:34:20,16.75,16.75,M,Chicken,"Chicken, Pineapple, Tomatoes, Red Peppers, Thai Sweet Chilli Sauce",The Thai Chicken Pizza
1034,444,four_cheese_m,1,01-08-15,12:40:05,14.75,14.75,M,Veggie,"Ricotta Cheese, Gorgonzola Piccante Cheese, Mozzarella Cheese, Parmigiano Reggiano Cheese, Garlic",The Four Cheese Pizza
1035,445,hawaiian_l,1,01-08-15,12:57:39,16.5,16.5,L,Classic,"Sliced Ham, Pineapple, Mozzarella Cheese",The Hawaiian Pizza
1036,446,big_meat_s,1,01-08-15,12:58:01,12,12,S,Classic,"Bacon, Pepperoni, Italian Sausage, Chorizo Sausage",The Big Meat Pizza
1037,446,ital_veggie_m,1,01-08-15,12:58:01,16.75,16.75,M,Veggie,"Eggplant, Artichokes, Tomatoes, Zucchini, Red Peppers, Garlic, Pesto Sauce",The Italian Vegetables Pizza
1038,446,sicilian_l,1,01-08-15,12:58:01,20.25,20.25,L,Supreme,"Coarse Sicilian Salami, Tomatoes, Green Olives, Luganega Sausage, Onions, Garlic",The Sicilian Pizza
1039,447,five_cheese_l,1,01-08-15,13:02:00,18.5,18.5,L,Veggie,"Mozzarella Cheese, Provolone Cheese, Smoked Gouda Cheese, Romano Cheese, Blue Cheese, Garlic",The Five Cheese Pizza
1040,448,hawaiian_s,1,01-08-15,13:03:34,10.5,10.5,S,Classic,"Sliced Ham, Pineapple, Mozzarella Cheese",The Hawaiian Pizza
1041,448,pep_msh_pep_m,1,01-08-15,13:03:34,14.5,14.5,M,Classic,"Pepperoni, Mushrooms, Green Peppers","The Pepperoni, Mushroom, and Peppers Pizza"
1042,448,sicilian_m,1,01-08-15,13:03:34,16.25,16.25,M,Supreme,"Coarse Sicilian Salami, Tomatoes, Green Olives, Luganega Sausage, Onions, Garlic",The Sicilian Pizza
1043,449,thai_ckn_l,1,01-08-15,13:04:15,20.75,20.75,L,Chicken,"Chicken, Pineapple, Tomatoes, Red Peppers, Thai Sweet Chilli Sauce",The Thai Chicken Pizza
1044,450,big_meat_s,1,01-08-15,13:07:53,12,12,S,Classic,"Bacon, Pepperoni, Italian Sausage, Chorizo Sausage",The Big Meat Pizza
1045,451,five_cheese_l,1,01-08-15,13:19:06,18.5,18.5,L,Veggie,"Mozzarella Cheese, Provolone Cheese, Smoked Gouda Cheese, Romano Cheese, Blue Cheese, Garlic",The Five Cheese Pizza
1046,451,ital_cpcllo_m,1,01-08-15,13:19:06,16,16,M,Classic,"Capocollo, Red Peppers, Tomatoes, Goat Cheese, Garlic, Oregano",The Italian Capocollo Pizza
1047,451,southw_ckn_l,1,01-08-15,13:19:06,20.75,20.75,L,Chicken,"Chicken, Tomatoes, Red Peppers, Red Onions, Jalapeno Peppers, Corn, Cilantro, Chipotle Sauce",The Southwest Chicken Pizza
1048,452,bbq_ckn_m,1,01-08-15,13:24:11,16.75,16.75,M,Chicken,"Barbecued Chicken, Red Peppers, Green Peppers, Tomatoes, Red Onions, Barbecue Sauce",The Barbecue Chicken Pizza
1049,452,big_meat_s,1,01-08-15,13:24:11,12,12,S,Classic,"Bacon, Pepperoni, Italian Sausage, Chorizo Sausage",The Big Meat Pizza
1050,452,sicilian_m,1,01-08-15,13:24:11,16.25,16.25,M,Supreme,"Coarse Sicilian Salami, Tomatoes, Green Olives, Luganega Sausage, Onions, Garlic",The Sicilian Pizza
1051,453,cali_ckn_s,1,01-08-15,13:27:14,12.75,12.75,S,Chicken,"Chicken, Artichoke, Spinach, Garlic, Jalapeno Peppers, Fontina Cheese, Gouda Cheese",The California Chicken Pizza
1052,453,four_cheese_l,1,01-08-15,13:27:14,17.95,17.95,L,Veggie,"Ricotta Cheese, Gorgonzola Piccante Cheese, Mozzarella Cheese, Parmigiano Reggiano Cheese, Garlic",The Four Cheese Pizza
1053,453,sicilian_m,1,01-08-15,13:27:14,16.25,16.25,M,Supreme,"Coarse Sicilian Salami, Tomatoes, Green Olives, Luganega Sausage, Onions, Garlic",The Sicilian Pizza
1054,453,thai_ckn_l,1,01-08-15,13:27:14,20.75,20.75,L,Chicken,"Chicken, Pineapple, Tomatoes, Red Peppers, Thai Sweet Chilli Sauce",The Thai Chicken Pizza
1055,454,spicy_ital_m,1,01-08-15,13:31:40,16.5,16.5,M,Supreme,"Capocollo, Tomatoes, Goat Cheese, Artichokes, Peperoncini verdi, Garlic",The Spicy Italian Pizza
1056,455,ital_supr_l,1,01-08-15,13:39:14,20.75,20.75,L,Supreme,"Calabrese Salami, Capocollo, Tomatoes, Red Onions, Green Olives, Garlic",The Italian Supreme Pizza
1057,456,spinach_fet_l,1,01-08-15,13:47:53,20.25,20.25,L,Veggie,"Spinach, Mushrooms, Red Onions, Feta Cheese, Garlic",The Spinach and Feta Pizza
1058,457,cali_ckn_l,1,01-08-15,13:59:04,20.75,20.75,L,Chicken,"Chicken, Artichoke, Spinach, Garlic, Jalapeno Peppers, Fontina Cheese, Gouda Cheese",The California Chicken Pizza
1059,457,ckn_alfredo_m,1,01-08-15,13:59:04,16.75,16.75,M,Chicken,"Chicken, Red Onions, Red Peppers, Mushrooms, Asiago Cheese, Alfredo Sauce",The Chicken Alfredo Pizza
1060,457,classic_dlx_m,1,01-08-15,13:59:04,16,16,M,Classic,"Pepperoni, Mushrooms, Red Onions, Red Peppers, Bacon",The Classic Deluxe Pizza
1061,458,prsc_argla_m,1,01-08-15,14:00:05,16.5,16.5,M,Supreme,"Prosciutto di San Daniele, Arugula, Mozzarella Cheese",The Prosciutto and Arugula Pizza
1062,458,spinach_supr_m,1,01-08-15,14:00:05,16.5,16.5,M,Supreme,"Spinach, Red Onions, Pepperoni, Tomatoes, Artichokes, Kalamata Olives, Garlic, Asiago Cheese",The Spinach Supreme Pizza
1063,458,the_greek_s,1,01-08-15,14:00:05,12,12,S,Classic,"Kalamata Olives, Feta Cheese, Tomatoes, Garlic, Beef Chuck Roast, Red Onions",The Greek Pizza
1064,459,spicy_ital_l,1,01-08-15,14:14:02,20.75,20.75,L,Supreme,"Capocollo, Tomatoes, Goat Cheese, Artichokes, Peperoncini verdi, Garlic",The Spicy Italian Pizza
1065,460,green_garden_s,1,01-08-15,14:19:58,12,12,S,Veggie,"Spinach, Mushrooms, Tomatoes, Green Olives, Feta Cheese",The Green Garden Pizza
1066,460,ital_supr_m,1,01-08-15,14:19:58,16.5,16.5,M,Supreme,"Calabrese Salami, Capocollo, Tomatoes, Red Onions, Green Olives, Garlic",The Italian Supreme Pizza
1067,461,cali_ckn_m,1,01-08-15,14:21:19,16.75,16.75,M,Chicken,"Chicken, Artichoke, Spinach, Garlic, Jalapeno Peppers, Fontina Cheese, Gouda Cheese",The California Chicken Pizza
1068,461,hawaiian_s,1,01-08-15,14:21:19,10.5,10.5,S,Classic,"Sliced Ham, Pineapple, Mozzarella Cheese",The Hawaiian Pizza
1069,462,spinach_fet_s,1,01-08-15,14:38:41,12,12,S,Veggie,"Spinach, Mushrooms, Red Onions, Feta Cheese, Garlic",The Spinach and Feta Pizza
1070,463,bbq_ckn_l,1,01-08-15,14:40:28,20.75,20.75,L,Chicken,"Barbecued Chicken, Red Peppers, Green Peppers, Tomatoes, Red Onions, Barbecue Sauce",The Barbecue Chicken Pizza
1071,463,prsc_argla_m,1,01-08-15,14:40:28,16.5,16.5,M,Supreme,"Prosciutto di San Daniele, Arugula, Mozzarella Cheese",The Prosciutto and Arugula Pizza
1072,464,bbq_ckn_l,1,01-08-15,14:49:01,20.75,20.75,L,Chicken,"Barbecued Chicken, Red Peppers, Green Peppers, Tomatoes, Red Onions, Barbecue Sauce",The Barbecue Chicken Pizza
1073,464,calabrese_m,1,01-08-15,14:49:01,16.25,16.25,M,Supreme,"æ…›duja Salami, Pancetta, Tomatoes, Red Onions, Friggitello Peppers, Garlic",The Calabrese Pizza
1074,465,napolitana_s,1,01-08-15,14:55:23,12,12,S,Classic,"Tomatoes, Anchovies, Green Olives, Red Onions, Garlic",The Napolitana Pizza
1075,466,spinach_fet_l,1,01-08-15,15:30:10,20.25,20.25,L,Veggie,"Spinach, Mushrooms, Red Onions, Feta Cheese, Garlic",The Spinach and Feta Pizza
1076,466,the_greek_xl,1,01-08-15,15:30:10,25.5,25.5,XL,Classic,"Kalamata Olives, Feta Cheese, Tomatoes, Garlic, Beef Chuck Roast, Red Onions",The Greek Pizza
1077,467,prsc_argla_s,1,01-08-15,15:33:13,12.5,12.5,S,Supreme,"Prosciutto di San Daniele, Arugula, Mozzarella Cheese",The Prosciutto and Arugula Pizza
1078,468,four_cheese_l,1,01-08-15,15:36:12,17.95,17.95,L,Veggie,"Ricotta Cheese, Gorgonzola Piccante Cheese, Mozzarella Cheese, Parmigiano Reggiano Cheese, Garlic",The Four Cheese Pizza
1079,468,pepperoni_l,1,01-08-15,15:36:12,15.25,15.25,L,Classic,"Mozzarella Cheese, Pepperoni",The Pepperoni Pizza
1080,469,bbq_ckn_m,1,01-08-15,15:37:18,16.75,16.75,M,Chicken,"Barbecued Chicken, Red Peppers, Green Peppers, Tomatoes, Red Onions, Barbecue Sauce",The Barbecue Chicken Pizza
1081,469,sicilian_s,1,01-08-15,15:37:18,12.25,12.25,S,Supreme,"Coarse Sicilian Salami, Tomatoes, Green Olives, Luganega Sausage, Onions, Garlic",The Sicilian Pizza
1082,470,veggie_veg_s,1,01-08-15,15:49:13,12,12,S,Veggie,"Mushrooms, Tomatoes, Red Peppers, Green Peppers, Red Onions, Zucchini, Spinach, Garlic",The Vegetables + Vegetables Pizza
1083,471,ital_veggie_s,1,01-08-15,16:20:26,12.75,12.75,S,Veggie,"Eggplant, Artichokes, Tomatoes, Zucchini, Red Peppers, Garlic, Pesto Sauce",The Italian Vegetables Pizza
1084,472,ital_veggie_l,1,01-08-15,16:29:50,21,21,L,Veggie,"Eggplant, Artichokes, Tomatoes, Zucchini, Red Peppers, Garlic, Pesto Sauce",The Italian Vegetables Pizza
1085,472,ital_veggie_m,1,01-08-15,16:29:50,16.75,16.75,M,Veggie,"Eggplant, Artichokes, Tomatoes, Zucchini, Red Peppers, Garlic, Pesto Sauce",The Italian Vegetables Pizza
1086,473,hawaiian_l,1,01-08-15,16:41:27,16.5,16.5,L,Classic,"Sliced Ham, Pineapple, Mozzarella Cheese",The Hawaiian Pizza
1087,473,prsc_argla_m,1,01-08-15,16:41:27,16.5,16.5,M,Supreme,"Prosciutto di San Daniele, Arugula, Mozzarella Cheese",The Prosciutto and Arugula Pizza
1088,473,southw_ckn_m,1,01-08-15,16:41:27,16.75,16.75,M,Chicken,"Chicken, Tomatoes, Red Peppers, Red Onions, Jalapeno Peppers, Corn, Cilantro, Chipotle Sauce",The Southwest Chicken Pizza
1089,474,green_garden_s,1,01-08-15,16:47:48,12,12,S,Veggie,"Spinach, Mushrooms, Tomatoes, Green Olives, Feta Cheese",The Green Garden Pizza
1090,474,pepperoni_s,1,01-08-15,16:47:48,9.75,9.75,S,Classic,"Mozzarella Cheese, Pepperoni",The Pepperoni Pizza
1091,475,big_meat_s,1,01-08-15,17:15:17,12,12,S,Classic,"Bacon, Pepperoni, Italian Sausage, Chorizo Sausage",The Big Meat Pizza
1092,475,thai_ckn_l,1,01-08-15,17:15:17,20.75,20.75,L,Chicken,"Chicken, Pineapple, Tomatoes, Red Peppers, Thai Sweet Chilli Sauce",The Thai Chicken Pizza
1093,476,pepperoni_m,1,01-08-15,17:27:56,12.5,12.5,M,Classic,"Mozzarella Cheese, Pepperoni",The Pepperoni Pizza
1094,476,prsc_argla_l,1,01-08-15,17:27:56,20.75,20.75,L,Supreme,"Prosciutto di San Daniele, Arugula, Mozzarella Cheese",The Prosciutto and Arugula Pizza
1095,476,veggie_veg_m,1,01-08-15,17:27:56,16,16,M,Veggie,"Mushrooms, Tomatoes, Red Peppers, Green Peppers, Red Onions, Zucchini, Spinach, Garlic",The Vegetables + Vegetables Pizza
1096,477,green_garden_m,1,01-08-15,17:30:04,16,16,M,Veggie,"Spinach, Mushrooms, Tomatoes, Green Olives, Feta Cheese",The Green Garden Pizza
1097,477,mexicana_m,1,01-08-15,17:30:04,16,16,M,Veggie,"Tomatoes, Red Peppers, Jalapeno Peppers, Red Onions, Cilantro, Corn, Chipotle Sauce, Garlic",The Mexicana Pizza
1098,478,calabrese_m,1,01-08-15,17:35:56,16.25,16.25,M,Supreme,"æ…›duja Salami, Pancetta, Tomatoes, Red Onions, Friggitello Peppers, Garlic",The Calabrese Pizza
1099,478,ckn_alfredo_m,1,01-08-15,17:35:56,16.75,16.75,M,Chicken,"Chicken, Red Onions, Red Peppers, Mushrooms, Asiago Cheese, Alfredo Sauce",The Chicken Alfredo Pizza
1100,479,five_cheese_l,1,01-08-15,17:37:03,18.5,18.5,L,Veggie,"Mozzarella Cheese, Provolone Cheese, Smoked Gouda Cheese, Romano Cheese, Blue Cheese, Garlic",The Five Cheese Pizza
1101,479,ital_cpcllo_l,2,01-08-15,17:37:03,20.5,41,L,Classic,"Capocollo, Red Peppers, Tomatoes, Goat Cheese, Garlic, Oregano",The Italian Capocollo Pizza
1102,480,pepperoni_m,1,01-08-15,17:41:31,12.5,12.5,M,Classic,"Mozzarella Cheese, Pepperoni",The Pepperoni Pizza
1103,481,pepperoni_s,1,01-08-15,17:41:37,9.75,9.75,S,Classic,"Mozzarella Cheese, Pepperoni",The Pepperoni Pizza
1104,481,spinach_fet_s,1,01-08-15,17:41:37,12,12,S,Veggie,"Spinach, Mushrooms, Red Onions, Feta Cheese, Garlic",The Spinach and Feta Pizza
1105,482,green_garden_l,1,01-08-15,17:52:42,20.25,20.25,L,Veggie,"Spinach, Mushrooms, Tomatoes, Green Olives, Feta Cheese",The Green Garden Pizza
1106,482,ital_supr_m,1,01-08-15,17:52:42,16.5,16.5,M,Supreme,"Calabrese Salami, Capocollo, Tomatoes, Red Onions, Green Olives, Garlic",The Italian Supreme Pizza
1107,482,spicy_ital_s,1,01-08-15,17:52:42,12.5,12.5,S,Supreme,"Capocollo, Tomatoes, Goat Cheese, Artichokes, Peperoncini verdi, Garlic",The Spicy Italian Pizza
1108,483,bbq_ckn_l,1,01-08-15,17:54:05,20.75,20.75,L,Chicken,"Barbecued Chicken, Red Peppers, Green Peppers, Tomatoes, Red Onions, Barbecue Sauce",The Barbecue Chicken Pizza
1109,483,napolitana_s,1,01-08-15,17:54:05,12,12,S,Classic,"Tomatoes, Anchovies, Green Olives, Red Onions, Garlic",The Napolitana Pizza
1110,483,pep_msh_pep_s,1,01-08-15,17:54:05,11,11,S,Classic,"Pepperoni, Mushrooms, Green Peppers","The Pepperoni, Mushroom, and Peppers Pizza"
1111,483,spicy_ital_m,1,01-08-15,17:54:05,16.5,16.5,M,Supreme,"Capocollo, Tomatoes, Goat Cheese, Artichokes, Peperoncini verdi, Garlic",The Spicy Italian Pizza
1112,484,four_cheese_l,1,01-08-15,18:02:54,17.95,17.95,L,Veggie,"Ricotta Cheese, Gorgonzola Piccante Cheese, Mozzarella Cheese, Parmigiano Reggiano Cheese, Garlic",The Four Cheese Pizza
1113,484,mexicana_l,1,01-08-15,18:02:54,20.25,20.25,L,Veggie,"Tomatoes, Red Peppers, Jalapeno Peppers, Red Onions, Cilantro, Corn, Chipotle Sauce, Garlic",The Mexicana Pizza
1114,485,cali_ckn_m,1,01-08-15,18:07:31,16.75,16.75,M,Chicken,"Chicken, Artichoke, Spinach, Garlic, Jalapeno Peppers, Fontina Cheese, Gouda Cheese",The California Chicken Pizza
1115,486,spinach_supr_s,1,01-08-15,18:15:08,12.5,12.5,S,Supreme,"Spinach, Red Onions, Pepperoni, Tomatoes, Artichokes, Kalamata Olives, Garlic, Asiago Cheese",The Spinach Supreme Pizza
1116,487,hawaiian_s,1,01-08-15,18:30:16,10.5,10.5,S,Classic,"Sliced Ham, Pineapple, Mozzarella Cheese",The Hawaiian Pizza
1117,487,sicilian_l,1,01-08-15,18:30:16,20.25,20.25,L,Supreme,"Coarse Sicilian Salami, Tomatoes, Green Olives, Luganega Sausage, Onions, Garlic",The Sicilian Pizza
1118,487,spinach_fet_l,1,01-08-15,18:30:16,20.25,20.25,L,Veggie,"Spinach, Mushrooms, Red Onions, Feta Cheese, Garlic",The Spinach and Feta Pizza
1119,488,veggie_veg_m,1,01-08-15,18:46:02,16,16,M,Veggie,"Mushrooms, Tomatoes, Red Peppers, Green Peppers, Red Onions, Zucchini, Spinach, Garlic",The Vegetables + Vegetables Pizza
1120,489,peppr_salami_l,1,01-08-15,18:48:43,20.75,20.75,L,Supreme,"Genoa Salami, Capocollo, Pepperoni, Tomatoes, Asiago Cheese, Garlic",The Pepper Salami Pizza
1121,490,big_meat_s,1,01-08-15,18:49:24,12,12,S,Classic,"Bacon, Pepperoni, Italian Sausage, Chorizo Sausage",The Big Meat Pizza
1122,490,classic_dlx_m,1,01-08-15,18:49:24,16,16,M,Classic,"Pepperoni, Mushrooms, Red Onions, Red Peppers, Bacon",The Classic Deluxe Pizza
1123,490,napolitana_m,1,01-08-15,18:49:24,16,16,M,Classic,"Tomatoes, Anchovies, Green Olives, Red Onions, Garlic",The Napolitana Pizza
1124,491,napolitana_s,1,01-08-15,19:01:12,12,12,S,Classic,"Tomatoes, Anchovies, Green Olives, Red Onions, Garlic",The Napolitana Pizza
1125,491,pepperoni_l,1,01-08-15,19:01:12,15.25,15.25,L,Classic,"Mozzarella Cheese, Pepperoni",The Pepperoni Pizza
1126,491,peppr_salami_l,1,01-08-15,19:01:12,20.75,20.75,L,Supreme,"Genoa Salami, Capocollo, Pepperoni, Tomatoes, Asiago Cheese, Garlic",The Pepper Salami Pizza
1127,491,prsc_argla_m,1,01-08-15,19:01:12,16.5,16.5,M,Supreme,"Prosciutto di San Daniele, Arugula, Mozzarella Cheese",The Prosciutto and Arugula Pizza
1128,492,ckn_pesto_l,1,01-08-15,19:06:21,20.75,20.75,L,Chicken,"Chicken, Tomatoes, Red Peppers, Spinach, Garlic, Pesto Sauce",The Chicken Pesto Pizza
1129,492,sicilian_m,1,01-08-15,19:06:21,16.25,16.25,M,Supreme,"Coarse Sicilian Salami, Tomatoes, Green Olives, Luganega Sausage, Onions, Garlic",The Sicilian Pizza
1130,492,spinach_fet_m,1,01-08-15,19:06:21,16,16,M,Veggie,"Spinach, Mushrooms, Red Onions, Feta Cheese, Garlic",The Spinach and Feta Pizza
1131,493,ital_supr_l,1,01-08-15,19:31:47,20.75,20.75,L,Supreme,"Calabrese Salami, Capocollo, Tomatoes, Red Onions, Green Olives, Garlic",The Italian Supreme Pizza
1132,494,five_cheese_l,1,01-08-15,19:38:40,18.5,18.5,L,Veggie,"Mozzarella Cheese, Provolone Cheese, Smoked Gouda Cheese, Romano Cheese, Blue Cheese, Garlic",The Five Cheese Pizza
1133,494,four_cheese_l,1,01-08-15,19:38:40,17.95,17.95,L,Veggie,"Ricotta Cheese, Gorgonzola Piccante Cheese, Mozzarella Cheese, Parmigiano Reggiano Cheese, Garlic",The Four Cheese Pizza
1134,494,mexicana_l,1,01-08-15,19:38:40,20.25,20.25,L,Veggie,"Tomatoes, Red Peppers, Jalapeno Peppers, Red Onions, Cilantro, Corn, Chipotle Sauce, Garlic",The Mexicana Pizza
1135,494,southw_ckn_l,1,01-08-15,19:38:40,20.75,20.75,L,Chicken,"Chicken, Tomatoes, Red Peppers, Red Onions, Jalapeno Peppers, Corn, Cilantro, Chipotle Sauce",The Southwest Chicken Pizza
1136,495,ital_supr_m,1,01-08-15,19:42:52,16.5,16.5,M,Supreme,"Calabrese Salami, Capocollo, Tomatoes, Red Onions, Green Olives, Garlic",The Italian Supreme Pizza
1137,495,sicilian_l,1,01-08-15,19:42:52,20.25,20.25,L,Supreme,"Coarse Sicilian Salami, Tomatoes, Green Olives, Luganega Sausage, Onions, Garlic",The Sicilian Pizza
1138,496,hawaiian_l,1,01-08-15,19:46:18,16.5,16.5,L,Classic,"Sliced Ham, Pineapple, Mozzarella Cheese",The Hawaiian Pizza
1139,496,soppressata_s,1,01-08-15,19:46:18,12.5,12.5,S,Supreme,"Soppressata Salami, Fontina Cheese, Mozzarella Cheese, Mushrooms, Garlic",The Soppressata Pizza
1140,497,veggie_veg_s,1,01-08-15,19:49:26,12,12,S,Veggie,"Mushrooms, Tomatoes, Red Peppers, Green Peppers, Red Onions, Zucchini, Spinach, Garlic",The Vegetables + Vegetables Pizza
1141,498,ital_supr_m,1,01-08-15,20:02:25,16.5,16.5,M,Supreme,"Calabrese Salami, Capocollo, Tomatoes, Red Onions, Green Olives, Garlic",The Italian Supreme Pizza
1142,499,calabrese_s,1,01-08-15,21:10:46,12.25,12.25,S,Supreme,"æ…›duja Salami, Pancetta, Tomatoes, Red Onions, Friggitello Peppers, Garlic",The Calabrese Pizza
1143,499,four_cheese_l,1,01-08-15,21:10:46,17.95,17.95,L,Veggie,"Ricotta Cheese, Gorgonzola Piccante Cheese, Mozzarella Cheese, Parmigiano Reggiano Cheese, Garlic",The Four Cheese Pizza
1144,499,mexicana_m,1,01-08-15,21:10:46,16,16,M,Veggie,"Tomatoes, Red Peppers, Jalapeno Peppers, Red Onions, Cilantro, Corn, Chipotle Sauce, Garlic",The Mexicana Pizza
1145,499,pep_msh_pep_m,1,01-08-15,21:10:46,14.5,14.5,M,Classic,"Pepperoni, Mushrooms, Green Peppers","The Pepperoni, Mushroom, and Peppers Pizza"
1146,500,mediterraneo_m,1,01-08-15,21:46:49,16,16,M,Veggie,"Spinach, Artichokes, Kalamata Olives, Sun-dried Tomatoes, Feta Cheese, Plum Tomatoes, Red Onions",The Mediterranean Pizza
1147,501,cali_ckn_s,1,01-08-15,21:51:31,12.75,12.75,S,Chicken,"Chicken, Artichoke, Spinach, Garlic, Jalapeno Peppers, Fontina Cheese, Gouda Cheese",The California Chicken Pizza
1148,501,hawaiian_s,1,01-08-15,21:51:31,10.5,10.5,S,Classic,"Sliced Ham, Pineapple, Mozzarella Cheese",The Hawaiian Pizza
1149,501,southw_ckn_l,1,01-08-15,21:51:31,20.75,20.75,L,Chicken,"Chicken, Tomatoes, Red Peppers, Red Onions, Jalapeno Peppers, Corn, Cilantro, Chipotle Sauce",The Southwest Chicken Pizza
1150,502,ital_veggie_m,1,01-08-15,22:26:08,16.75,16.75,M,Veggie,"Eggplant, Artichokes, Tomatoes, Zucchini, Red Peppers, Garlic, Pesto Sauce",The Italian Vegetables Pizza
1151,503,pepperoni_l,1,01-09-15,11:16:21,15.25,15.25,L,Classic,"Mozzarella Cheese, Pepperoni",The Pepperoni Pizza
1152,503,sicilian_m,1,01-09-15,11:16:21,16.25,16.25,M,Supreme,"Coarse Sicilian Salami, Tomatoes, Green Olives, Luganega Sausage, Onions, Garlic",The Sicilian Pizza
1153,504,the_greek_l,1,01-09-15,11:48:18,20.5,20.5,L,Classic,"Kalamata Olives, Feta Cheese, Tomatoes, Garlic, Beef Chuck Roast, Red Onions",The Greek Pizza
1154,505,pepperoni_m,1,01-09-15,11:55:10,12.5,12.5,M,Classic,"Mozzarella Cheese, Pepperoni",The Pepperoni Pizza
1155,505,the_greek_xl,1,01-09-15,11:55:10,25.5,25.5,XL,Classic,"Kalamata Olives, Feta Cheese, Tomatoes, Garlic, Beef Chuck Roast, Red Onions",The Greek Pizza
1156,506,spinach_fet_m,1,01-09-15,12:02:09,16,16,M,Veggie,"Spinach, Mushrooms, Red Onions, Feta Cheese, Garlic",The Spinach and Feta Pizza
1157,507,ckn_pesto_s,1,01-09-15,12:06:03,12.75,12.75,S,Chicken,"Chicken, Tomatoes, Red Peppers, Spinach, Garlic, Pesto Sauce",The Chicken Pesto Pizza
1158,508,cali_ckn_m,1,01-09-15,12:13:32,16.75,16.75,M,Chicken,"Chicken, Artichoke, Spinach, Garlic, Jalapeno Peppers, Fontina Cheese, Gouda Cheese",The California Chicken Pizza
1159,508,cali_ckn_s,1,01-09-15,12:13:32,12.75,12.75,S,Chicken,"Chicken, Artichoke, Spinach, Garlic, Jalapeno Peppers, Fontina Cheese, Gouda Cheese",The California Chicken Pizza
1160,508,pepperoni_m,1,01-09-15,12:13:32,12.5,12.5,M,Classic,"Mozzarella Cheese, Pepperoni",The Pepperoni Pizza
1161,509,spicy_ital_l,1,01-09-15,12:13:58,20.75,20.75,L,Supreme,"Capocollo, Tomatoes, Goat Cheese, Artichokes, Peperoncini verdi, Garlic",The Spicy Italian Pizza
1162,510,classic_dlx_m,1,01-09-15,12:15:03,16,16,M,Classic,"Pepperoni, Mushrooms, Red Onions, Red Peppers, Bacon",The Classic Deluxe Pizza
1163,510,classic_dlx_s,1,01-09-15,12:15:03,12,12,S,Classic,"Pepperoni, Mushrooms, Red Onions, Red Peppers, Bacon",The Classic Deluxe Pizza
1164,510,ital_supr_l,1,01-09-15,12:15:03,20.75,20.75,L,Supreme,"Calabrese Salami, Capocollo, Tomatoes, Red Onions, Green Olives, Garlic",The Italian Supreme Pizza
1165,510,spicy_ital_l,1,01-09-15,12:15:03,20.75,20.75,L,Supreme,"Capocollo, Tomatoes, Goat Cheese, Artichokes, Peperoncini verdi, Garlic",The Spicy Italian Pizza
1166,511,five_cheese_l,1,01-09-15,12:18:21,18.5,18.5,L,Veggie,"Mozzarella Cheese, Provolone Cheese, Smoked Gouda Cheese, Romano Cheese, Blue Cheese, Garlic",The Five Cheese Pizza
1167,512,ital_veggie_m,1,01-09-15,12:19:24,16.75,16.75,M,Veggie,"Eggplant, Artichokes, Tomatoes, Zucchini, Red Peppers, Garlic, Pesto Sauce",The Italian Vegetables Pizza
1168,513,four_cheese_l,1,01-09-15,12:22:48,17.95,17.95,L,Veggie,"Ricotta Cheese, Gorgonzola Piccante Cheese, Mozzarella Cheese, Parmigiano Reggiano Cheese, Garlic",The Four Cheese Pizza
1169,513,ital_veggie_m,1,01-09-15,12:22:48,16.75,16.75,M,Veggie,"Eggplant, Artichokes, Tomatoes, Zucchini, Red Peppers, Garlic, Pesto Sauce",The Italian Vegetables Pizza
1170,513,pepperoni_l,1,01-09-15,12:22:48,15.25,15.25,L,Classic,"Mozzarella Cheese, Pepperoni",The Pepperoni Pizza
1171,513,thai_ckn_l,1,01-09-15,12:22:48,20.75,20.75,L,Chicken,"Chicken, Pineapple, Tomatoes, Red Peppers, Thai Sweet Chilli Sauce",The Thai Chicken Pizza
1172,514,classic_dlx_s,1,01-09-15,12:26:47,12,12,S,Classic,"Pepperoni, Mushrooms, Red Onions, Red Peppers, Bacon",The Classic Deluxe Pizza
1173,515,ckn_pesto_l,1,01-09-15,13:07:37,20.75,20.75,L,Chicken,"Chicken, Tomatoes, Red Peppers, Spinach, Garlic, Pesto Sauce",The Chicken Pesto Pizza
1174,515,mediterraneo_l,1,01-09-15,13:07:37,20.25,20.25,L,Veggie,"Spinach, Artichokes, Kalamata Olives, Sun-dried Tomatoes, Feta Cheese, Plum Tomatoes, Red Onions",The Mediterranean Pizza
1175,516,napolitana_l,1,01-09-15,13:09:09,20.5,20.5,L,Classic,"Tomatoes, Anchovies, Green Olives, Red Onions, Garlic",The Napolitana Pizza
1176,516,veggie_veg_l,1,01-09-15,13:09:09,20.25,20.25,L,Veggie,"Mushrooms, Tomatoes, Red Peppers, Green Peppers, Red Onions, Zucchini, Spinach, Garlic",The Vegetables + Vegetables Pizza
1177,517,mexicana_m,1,01-09-15,13:09:11,16,16,M,Veggie,"Tomatoes, Red Peppers, Jalapeno Peppers, Red Onions, Cilantro, Corn, Chipotle Sauce, Garlic",The Mexicana Pizza
1178,518,big_meat_s,1,01-09-15,13:11:25,12,12,S,Classic,"Bacon, Pepperoni, Italian Sausage, Chorizo Sausage",The Big Meat Pizza
1179,518,prsc_argla_l,1,01-09-15,13:11:25,20.75,20.75,L,Supreme,"Prosciutto di San Daniele, Arugula, Mozzarella Cheese",The Prosciutto and Arugula Pizza
1180,518,sicilian_s,1,01-09-15,13:11:25,12.25,12.25,S,Supreme,"Coarse Sicilian Salami, Tomatoes, Green Olives, Luganega Sausage, Onions, Garlic",The Sicilian Pizza
1181,519,prsc_argla_s,1,01-09-15,13:15:20,12.5,12.5,S,Supreme,"Prosciutto di San Daniele, Arugula, Mozzarella Cheese",The Prosciutto and Arugula Pizza
1182,520,spin_pesto_l,1,01-09-15,13:22:33,20.75,20.75,L,Veggie,"Spinach, Artichokes, Tomatoes, Sun-dried Tomatoes, Garlic, Pesto Sauce",The Spinach Pesto Pizza
1183,521,thai_ckn_s,1,01-09-15,13:43:07,12.75,12.75,S,Chicken,"Chicken, Pineapple, Tomatoes, Red Peppers, Thai Sweet Chilli Sauce",The Thai Chicken Pizza
1184,522,bbq_ckn_s,1,01-09-15,14:09:33,12.75,12.75,S,Chicken,"Barbecued Chicken, Red Peppers, Green Peppers, Tomatoes, Red Onions, Barbecue Sauce",The Barbecue Chicken Pizza
1185,522,big_meat_s,1,01-09-15,14:09:33,12,12,S,Classic,"Bacon, Pepperoni, Italian Sausage, Chorizo Sausage",The Big Meat Pizza
1186,522,classic_dlx_s,1,01-09-15,14:09:33,12,12,S,Classic,"Pepperoni, Mushrooms, Red Onions, Red Peppers, Bacon",The Classic Deluxe Pizza
1187,522,five_cheese_l,1,01-09-15,14:09:33,18.5,18.5,L,Veggie,"Mozzarella Cheese, Provolone Cheese, Smoked Gouda Cheese, Romano Cheese, Blue Cheese, Garlic",The Five Cheese Pizza
1188,522,four_cheese_l,2,01-09-15,14:09:33,17.95,35.9,L,Veggie,"Ricotta Cheese, Gorgonzola Piccante Cheese, Mozzarella Cheese, Parmigiano Reggiano Cheese, Garlic",The Four Cheese Pizza
1189,522,green_garden_s,1,01-09-15,14:09:33,12,12,S,Veggie,"Spinach, Mushrooms, Tomatoes, Green Olives, Feta Cheese",The Green Garden Pizza
1190,522,ital_cpcllo_m,2,01-09-15,14:09:33,16,32,M,Classic,"Capocollo, Red Peppers, Tomatoes, Goat Cheese, Garlic, Oregano",The Italian Capocollo Pizza
1191,522,ital_veggie_l,1,01-09-15,14:09:33,21,21,L,Veggie,"Eggplant, Artichokes, Tomatoes, Zucchini, Red Peppers, Garlic, Pesto Sauce",The Italian Vegetables Pizza
1192,522,sicilian_l,1,01-09-15,14:09:33,20.25,20.25,L,Supreme,"Coarse Sicilian Salami, Tomatoes, Green Olives, Luganega Sausage, Onions, Garlic",The Sicilian Pizza
1193,522,the_greek_l,1,01-09-15,14:09:33,20.5,20.5,L,Classic,"Kalamata Olives, Feta Cheese, Tomatoes, Garlic, Beef Chuck Roast, Red Onions",The Greek Pizza
1194,522,the_greek_m,1,01-09-15,14:09:33,16,16,M,Classic,"Kalamata Olives, Feta Cheese, Tomatoes, Garlic, Beef Chuck Roast, Red Onions",The Greek Pizza
1195,523,prsc_argla_m,1,01-09-15,14:42:14,16.5,16.5,M,Supreme,"Prosciutto di San Daniele, Arugula, Mozzarella Cheese",The Prosciutto and Arugula Pizza
1196,524,sicilian_s,1,01-09-15,14:51:35,12.25,12.25,S,Supreme,"Coarse Sicilian Salami, Tomatoes, Green Olives, Luganega Sausage, Onions, Garlic",The Sicilian Pizza
1197,524,thai_ckn_m,1,01-09-15,14:51:35,16.75,16.75,M,Chicken,"Chicken, Pineapple, Tomatoes, Red Peppers, Thai Sweet Chilli Sauce",The Thai Chicken Pizza
1198,525,pepperoni_l,1,01-09-15,15:08:46,15.25,15.25,L,Classic,"Mozzarella Cheese, Pepperoni",The Pepperoni Pizza
1199,526,cali_ckn_l,1,01-09-15,15:10:13,20.75,20.75,L,Chicken,"Chicken, Artichoke, Spinach, Garlic, Jalapeno Peppers, Fontina Cheese, Gouda Cheese",The California Chicken Pizza
1200,526,five_cheese_l,1,01-09-15,15:10:13,18.5,18.5,L,Veggie,"Mozzarella Cheese, Provolone Cheese, Smoked Gouda Cheese, Romano Cheese, Blue Cheese, Garlic",The Five Cheese Pizza
1201,527,four_cheese_l,1,01-09-15,15:23:37,17.95,17.95,L,Veggie,"Ricotta Cheese, Gorgonzola Piccante Cheese, Mozzarella Cheese, Parmigiano Reggiano Cheese, Garlic",The Four Cheese Pizza
1202,527,southw_ckn_l,1,01-09-15,15:23:37,20.75,20.75,L,Chicken,"Chicken, Tomatoes, Red Peppers, Red Onions, Jalapeno Peppers, Corn, Cilantro, Chipotle Sauce",The Southwest Chicken Pizza
1203,528,ital_cpcllo_m,1,01-09-15,15:27:21,16,16,M,Classic,"Capocollo, Red Peppers, Tomatoes, Goat Cheese, Garlic, Oregano",The Italian Capocollo Pizza
1204,529,calabrese_m,1,01-09-15,15:31:01,16.25,16.25,M,Supreme,"æ…›duja Salami, Pancetta, Tomatoes, Red Onions, Friggitello Peppers, Garlic",The Calabrese Pizza
1205,529,cali_ckn_m,2,01-09-15,15:31:01,16.75,33.5,M,Chicken,"Chicken, Artichoke, Spinach, Garlic, Jalapeno Peppers, Fontina Cheese, Gouda Cheese",The California Chicken Pizza
1206,529,hawaiian_s,1,01-09-15,15:31:01,10.5,10.5,S,Classic,"Sliced Ham, Pineapple, Mozzarella Cheese",The Hawaiian Pizza
1207,530,classic_dlx_l,1,01-09-15,15:43:01,20.5,20.5,L,Classic,"Pepperoni, Mushrooms, Red Onions, Red Peppers, Bacon",The Classic Deluxe Pizza
1208,530,ital_supr_m,1,01-09-15,15:43:01,16.5,16.5,M,Supreme,"Calabrese Salami, Capocollo, Tomatoes, Red Onions, Green Olives, Garlic",The Italian Supreme Pizza
1209,531,peppr_salami_m,2,01-09-15,15:58:10,16.5,33,M,Supreme,"Genoa Salami, Capocollo, Pepperoni, Tomatoes, Asiago Cheese, Garlic",The Pepper Salami Pizza
1210,532,peppr_salami_l,1,01-09-15,16:14:28,20.75,20.75,L,Supreme,"Genoa Salami, Capocollo, Pepperoni, Tomatoes, Asiago Cheese, Garlic",The Pepper Salami Pizza
1211,532,soppressata_s,1,01-09-15,16:14:28,12.5,12.5,S,Supreme,"Soppressata Salami, Fontina Cheese, Mozzarella Cheese, Mushrooms, Garlic",The Soppressata Pizza
1212,533,five_cheese_l,1,01-09-15,16:28:43,18.5,18.5,L,Veggie,"Mozzarella Cheese, Provolone Cheese, Smoked Gouda Cheese, Romano Cheese, Blue Cheese, Garlic",The Five Cheese Pizza
1213,533,spicy_ital_l,1,01-09-15,16:28:43,20.75,20.75,L,Supreme,"Capocollo, Tomatoes, Goat Cheese, Artichokes, Peperoncini verdi, Garlic",The Spicy Italian Pizza
1214,533,the_greek_xl,1,01-09-15,16:28:43,25.5,25.5,XL,Classic,"Kalamata Olives, Feta Cheese, Tomatoes, Garlic, Beef Chuck Roast, Red Onions",The Greek Pizza
1215,534,prsc_argla_l,1,01-09-15,16:43:32,20.75,20.75,L,Supreme,"Prosciutto di San Daniele, Arugula, Mozzarella Cheese",The Prosciutto and Arugula Pizza
1216,534,southw_ckn_l,1,01-09-15,16:43:32,20.75,20.75,L,Chicken,"Chicken, Tomatoes, Red Peppers, Red Onions, Jalapeno Peppers, Corn, Cilantro, Chipotle Sauce",The Southwest Chicken Pizza
1217,535,classic_dlx_m,1,01-09-15,17:08:47,16,16,M,Classic,"Pepperoni, Mushrooms, Red Onions, Red Peppers, Bacon",The Classic Deluxe Pizza
1218,536,brie_carre_s,1,01-09-15,17:18:50,23.65,23.65,S,Supreme,"Brie Carre Cheese, Prosciutto, Caramelized Onions, Pears, Thyme, Garlic",The Brie Carre Pizza
1219,536,peppr_salami_l,1,01-09-15,17:18:50,20.75,20.75,L,Supreme,"Genoa Salami, Capocollo, Pepperoni, Tomatoes, Asiago Cheese, Garlic",The Pepper Salami Pizza
1220,537,classic_dlx_s,1,01-09-15,17:23:52,12,12,S,Classic,"Pepperoni, Mushrooms, Red Onions, Red Peppers, Bacon",The Classic Deluxe Pizza
1221,537,hawaiian_s,1,01-09-15,17:23:52,10.5,10.5,S,Classic,"Sliced Ham, Pineapple, Mozzarella Cheese",The Hawaiian Pizza
1222,537,ital_supr_l,1,01-09-15,17:23:52,20.75,20.75,L,Supreme,"Calabrese Salami, Capocollo, Tomatoes, Red Onions, Green Olives, Garlic",The Italian Supreme Pizza
1223,538,spinach_supr_l,1,01-09-15,17:44:04,20.75,20.75,L,Supreme,"Spinach, Red Onions, Pepperoni, Tomatoes, Artichokes, Kalamata Olives, Garlic, Asiago Cheese",The Spinach Supreme Pizza
1224,539,five_cheese_l,1,01-09-15,17:51:34,18.5,18.5,L,Veggie,"Mozzarella Cheese, Provolone Cheese, Smoked Gouda Cheese, Romano Cheese, Blue Cheese, Garlic",The Five Cheese Pizza
1225,539,ital_veggie_l,1,01-09-15,17:51:34,21,21,L,Veggie,"Eggplant, Artichokes, Tomatoes, Zucchini, Red Peppers, Garlic, Pesto Sauce",The Italian Vegetables Pizza
1226,539,spinach_fet_m,1,01-09-15,17:51:34,16,16,M,Veggie,"Spinach, Mushrooms, Red Onions, Feta Cheese, Garlic",The Spinach and Feta Pizza
1227,540,spinach_supr_l,1,01-09-15,17:52:41,20.75,20.75,L,Supreme,"Spinach, Red Onions, Pepperoni, Tomatoes, Artichokes, Kalamata Olives, Garlic, Asiago Cheese",The Spinach Supreme Pizza
1228,541,big_meat_s,1,01-09-15,18:07:47,12,12,S,Classic,"Bacon, Pepperoni, Italian Sausage, Chorizo Sausage",The Big Meat Pizza
1229,542,bbq_ckn_l,1,01-09-15,18:08:06,20.75,20.75,L,Chicken,"Barbecued Chicken, Red Peppers, Green Peppers, Tomatoes, Red Onions, Barbecue Sauce",The Barbecue Chicken Pizza
1230,542,prsc_argla_m,1,01-09-15,18:08:06,16.5,16.5,M,Supreme,"Prosciutto di San Daniele, Arugula, Mozzarella Cheese",The Prosciutto and Arugula Pizza
1231,543,ckn_pesto_l,1,01-09-15,18:23:59,20.75,20.75,L,Chicken,"Chicken, Tomatoes, Red Peppers, Spinach, Garlic, Pesto Sauce",The Chicken Pesto Pizza
1232,543,classic_dlx_m,1,01-09-15,18:23:59,16,16,M,Classic,"Pepperoni, Mushrooms, Red Onions, Red Peppers, Bacon",The Classic Deluxe Pizza
1233,543,mediterraneo_m,1,01-09-15,18:23:59,16,16,M,Veggie,"Spinach, Artichokes, Kalamata Olives, Sun-dried Tomatoes, Feta Cheese, Plum Tomatoes, Red Onions",The Mediterranean Pizza
1234,544,napolitana_m,1,01-09-15,18:31:04,16,16,M,Classic,"Tomatoes, Anchovies, Green Olives, Red Onions, Garlic",The Napolitana Pizza
1235,544,sicilian_m,1,01-09-15,18:31:04,16.25,16.25,M,Supreme,"Coarse Sicilian Salami, Tomatoes, Green Olives, Luganega Sausage, Onions, Garlic",The Sicilian Pizza
1236,545,pepperoni_l,1,01-09-15,18:46:28,15.25,15.25,L,Classic,"Mozzarella Cheese, Pepperoni",The Pepperoni Pizza
1237,545,pepperoni_s,1,01-09-15,18:46:28,9.75,9.75,S,Classic,"Mozzarella Cheese, Pepperoni",The Pepperoni Pizza
1238,545,peppr_salami_l,1,01-09-15,18:46:28,20.75,20.75,L,Supreme,"Genoa Salami, Capocollo, Pepperoni, Tomatoes, Asiago Cheese, Garlic",The Pepper Salami Pizza
1239,545,soppressata_l,1,01-09-15,18:46:28,20.75,20.75,L,Supreme,"Soppressata Salami, Fontina Cheese, Mozzarella Cheese, Mushrooms, Garlic",The Soppressata Pizza
1240,546,green_garden_s,1,01-09-15,18:47:27,12,12,S,Veggie,"Spinach, Mushrooms, Tomatoes, Green Olives, Feta Cheese",The Green Garden Pizza
1241,547,big_meat_s,1,01-09-15,18:49:23,12,12,S,Classic,"Bacon, Pepperoni, Italian Sausage, Chorizo Sausage",The Big Meat Pizza
1242,548,hawaiian_l,1,01-09-15,19:06:09,16.5,16.5,L,Classic,"Sliced Ham, Pineapple, Mozzarella Cheese",The Hawaiian Pizza
1243,549,big_meat_s,1,01-09-15,19:06:34,12,12,S,Classic,"Bacon, Pepperoni, Italian Sausage, Chorizo Sausage",The Big Meat Pizza
1244,549,thai_ckn_l,1,01-09-15,19:06:34,20.75,20.75,L,Chicken,"Chicken, Pineapple, Tomatoes, Red Peppers, Thai Sweet Chilli Sauce",The Thai Chicken Pizza
1245,550,spinach_fet_m,1,01-09-15,19:12:59,16,16,M,Veggie,"Spinach, Mushrooms, Red Onions, Feta Cheese, Garlic",The Spinach and Feta Pizza
1246,550,the_greek_m,1,01-09-15,19:12:59,16,16,M,Classic,"Kalamata Olives, Feta Cheese, Tomatoes, Garlic, Beef Chuck Roast, Red Onions",The Greek Pizza
1247,551,four_cheese_l,1,01-09-15,19:26:24,17.95,17.95,L,Veggie,"Ricotta Cheese, Gorgonzola Piccante Cheese, Mozzarella Cheese, Parmigiano Reggiano Cheese, Garlic",The Four Cheese Pizza
1248,551,soppressata_m,1,01-09-15,19:26:24,16.5,16.5,M,Supreme,"Soppressata Salami, Fontina Cheese, Mozzarella Cheese, Mushrooms, Garlic",The Soppressata Pizza
1249,551,thai_ckn_l,1,01-09-15,19:26:24,20.75,20.75,L,Chicken,"Chicken, Pineapple, Tomatoes, Red Peppers, Thai Sweet Chilli Sauce",The Thai Chicken Pizza
1250,551,the_greek_m,1,01-09-15,19:26:24,16,16,M,Classic,"Kalamata Olives, Feta Cheese, Tomatoes, Garlic, Beef Chuck Roast, Red Onions",The Greek Pizza
1251,552,ckn_alfredo_m,1,01-09-15,19:31:25,16.75,16.75,M,Chicken,"Chicken, Red Onions, Red Peppers, Mushrooms, Asiago Cheese, Alfredo Sauce",The Chicken Alfredo Pizza
1252,552,green_garden_s,1,01-09-15,19:31:25,12,12,S,Veggie,"Spinach, Mushrooms, Tomatoes, Green Olives, Feta Cheese",The Green Garden Pizza
1253,552,ital_supr_l,1,01-09-15,19:31:25,20.75,20.75,L,Supreme,"Calabrese Salami, Capocollo, Tomatoes, Red Onions, Green Olives, Garlic",The Italian Supreme Pizza
1254,553,mexicana_l,1,01-09-15,20:14:47,20.25,20.25,L,Veggie,"Tomatoes, Red Peppers, Jalapeno Peppers, Red Onions, Cilantro, Corn, Chipotle Sauce, Garlic",The Mexicana Pizza
1255,554,ckn_alfredo_m,1,01-09-15,20:15:51,16.75,16.75,M,Chicken,"Chicken, Red Onions, Red Peppers, Mushrooms, Asiago Cheese, Alfredo Sauce",The Chicken Alfredo Pizza
1256,554,green_garden_s,1,01-09-15,20:15:51,12,12,S,Veggie,"Spinach, Mushrooms, Tomatoes, Green Olives, Feta Cheese",The Green Garden Pizza
1257,555,bbq_ckn_s,1,01-09-15,20:18:25,12.75,12.75,S,Chicken,"Barbecued Chicken, Red Peppers, Green Peppers, Tomatoes, Red Onions, Barbecue Sauce",The Barbecue Chicken Pizza
1258,555,hawaiian_s,1,01-09-15,20:18:25,10.5,10.5,S,Classic,"Sliced Ham, Pineapple, Mozzarella Cheese",The Hawaiian Pizza
1259,556,four_cheese_l,1,01-09-15,20:23:12,17.95,17.95,L,Veggie,"Ricotta Cheese, Gorgonzola Piccante Cheese, Mozzarella Cheese, Parmigiano Reggiano Cheese, Garlic",The Four Cheese Pizza
1260,556,the_greek_xl,1,01-09-15,20:23:12,25.5,25.5,XL,Classic,"Kalamata Olives, Feta Cheese, Tomatoes, Garlic, Beef Chuck Roast, Red Onions",The Greek Pizza
1261,557,sicilian_s,1,01-09-15,20:30:06,12.25,12.25,S,Supreme,"Coarse Sicilian Salami, Tomatoes, Green Olives, Luganega Sausage, Onions, Garlic",The Sicilian Pizza
1262,557,spicy_ital_s,1,01-09-15,20:30:06,12.5,12.5,S,Supreme,"Capocollo, Tomatoes, Goat Cheese, Artichokes, Peperoncini verdi, Garlic",The Spicy Italian Pizza
1263,558,hawaiian_m,1,01-09-15,20:51:10,13.25,13.25,M,Classic,"Sliced Ham, Pineapple, Mozzarella Cheese",The Hawaiian Pizza
1264,559,classic_dlx_s,1,01-09-15,21:10:16,12,12,S,Classic,"Pepperoni, Mushrooms, Red Onions, Red Peppers, Bacon",The Classic Deluxe Pizza
1265,560,green_garden_m,1,01-09-15,21:13:48,16,16,M,Veggie,"Spinach, Mushrooms, Tomatoes, Green Olives, Feta Cheese",The Green Garden Pizza
1266,560,spicy_ital_m,1,01-09-15,21:13:48,16.5,16.5,M,Supreme,"Capocollo, Tomatoes, Goat Cheese, Artichokes, Peperoncini verdi, Garlic",The Spicy Italian Pizza
1267,561,spinach_supr_s,1,01-09-15,21:47:56,12.5,12.5,S,Supreme,"Spinach, Red Onions, Pepperoni, Tomatoes, Artichokes, Kalamata Olives, Garlic, Asiago Cheese",The Spinach Supreme Pizza
1268,562,ckn_alfredo_m,1,01-09-15,22:04:05,16.75,16.75,M,Chicken,"Chicken, Red Onions, Red Peppers, Mushrooms, Asiago Cheese, Alfredo Sauce",The Chicken Alfredo Pizza
1269,563,mexicana_l,1,01-09-15,22:19:03,20.25,20.25,L,Veggie,"Tomatoes, Red Peppers, Jalapeno Peppers, Red Onions, Cilantro, Corn, Chipotle Sauce, Garlic",The Mexicana Pizza
1270,563,veggie_veg_s,1,01-09-15,22:19:03,12,12,S,Veggie,"Mushrooms, Tomatoes, Red Peppers, Green Peppers, Red Onions, Zucchini, Spinach, Garlic",The Vegetables + Vegetables Pizza
1271,564,mediterraneo_s,1,01-09-15,22:32:32,12,12,S,Veggie,"Spinach, Artichokes, Kalamata Olives, Sun-dried Tomatoes, Feta Cheese, Plum Tomatoes, Red Onions",The Mediterranean Pizza
1272,564,pepperoni_m,1,01-09-15,22:32:32,12.5,12.5,M,Classic,"Mozzarella Cheese, Pepperoni",The Pepperoni Pizza
1273,564,spinach_supr_l,1,01-09-15,22:32:32,20.75,20.75,L,Supreme,"Spinach, Red Onions, Pepperoni, Tomatoes, Artichokes, Kalamata Olives, Garlic, Asiago Cheese",The Spinach Supreme Pizza
1274,565,ital_veggie_s,1,01-10-15,12:11:19,12.75,12.75,S,Veggie,"Eggplant, Artichokes, Tomatoes, Zucchini, Red Peppers, Garlic, Pesto Sauce",The Italian Vegetables Pizza
1275,566,spinach_supr_l,1,01-10-15,12:21:19,20.75,20.75,L,Supreme,"Spinach, Red Onions, Pepperoni, Tomatoes, Artichokes, Kalamata Olives, Garlic, Asiago Cheese",The Spinach Supreme Pizza
1276,567,bbq_ckn_l,1,01-10-15,12:27:47,20.75,20.75,L,Chicken,"Barbecued Chicken, Red Peppers, Green Peppers, Tomatoes, Red Onions, Barbecue Sauce",The Barbecue Chicken Pizza
1277,567,five_cheese_l,2,01-10-15,12:27:47,18.5,37,L,Veggie,"Mozzarella Cheese, Provolone Cheese, Smoked Gouda Cheese, Romano Cheese, Blue Cheese, Garlic",The Five Cheese Pizza
1278,567,four_cheese_m,1,01-10-15,12:27:47,14.75,14.75,M,Veggie,"Ricotta Cheese, Gorgonzola Piccante Cheese, Mozzarella Cheese, Parmigiano Reggiano Cheese, Garlic",The Four Cheese Pizza
1279,567,pepperoni_m,1,01-10-15,12:27:47,12.5,12.5,M,Classic,"Mozzarella Cheese, Pepperoni",The Pepperoni Pizza
1280,567,sicilian_m,1,01-10-15,12:27:47,16.25,16.25,M,Supreme,"Coarse Sicilian Salami, Tomatoes, Green Olives, Luganega Sausage, Onions, Garlic",The Sicilian Pizza
1281,567,sicilian_s,1,01-10-15,12:27:47,12.25,12.25,S,Supreme,"Coarse Sicilian Salami, Tomatoes, Green Olives, Luganega Sausage, Onions, Garlic",The Sicilian Pizza
1282,567,soppressata_l,1,01-10-15,12:27:47,20.75,20.75,L,Supreme,"Soppressata Salami, Fontina Cheese, Mozzarella Cheese, Mushrooms, Garlic",The Soppressata Pizza
1283,567,spicy_ital_l,1,01-10-15,12:27:47,20.75,20.75,L,Supreme,"Capocollo, Tomatoes, Goat Cheese, Artichokes, Peperoncini verdi, Garlic",The Spicy Italian Pizza
1284,567,spinach_supr_m,1,01-10-15,12:27:47,16.5,16.5,M,Supreme,"Spinach, Red Onions, Pepperoni, Tomatoes, Artichokes, Kalamata Olives, Garlic, Asiago Cheese",The Spinach Supreme Pizza
1285,567,thai_ckn_s,1,01-10-15,12:27:47,12.75,12.75,S,Chicken,"Chicken, Pineapple, Tomatoes, Red Peppers, Thai Sweet Chilli Sauce",The Thai Chicken Pizza
1286,568,mexicana_l,1,01-10-15,12:28:53,20.25,20.25,L,Veggie,"Tomatoes, Red Peppers, Jalapeno Peppers, Red Onions, Cilantro, Corn, Chipotle Sauce, Garlic",The Mexicana Pizza
1287,569,bbq_ckn_s,1,01-10-15,12:37:10,12.75,12.75,S,Chicken,"Barbecued Chicken, Red Peppers, Green Peppers, Tomatoes, Red Onions, Barbecue Sauce",The Barbecue Chicken Pizza
1288,569,ckn_alfredo_m,1,01-10-15,12:37:10,16.75,16.75,M,Chicken,"Chicken, Red Onions, Red Peppers, Mushrooms, Asiago Cheese, Alfredo Sauce",The Chicken Alfredo Pizza
1289,569,classic_dlx_s,1,01-10-15,12:37:10,12,12,S,Classic,"Pepperoni, Mushrooms, Red Onions, Red Peppers, Bacon",The Classic Deluxe Pizza
1290,570,green_garden_m,1,01-10-15,13:13:59,16,16,M,Veggie,"Spinach, Mushrooms, Tomatoes, Green Olives, Feta Cheese",The Green Garden Pizza
1291,570,southw_ckn_l,1,01-10-15,13:13:59,20.75,20.75,L,Chicken,"Chicken, Tomatoes, Red Peppers, Red Onions, Jalapeno Peppers, Corn, Cilantro, Chipotle Sauce",The Southwest Chicken Pizza
1292,571,big_meat_s,1,01-10-15,13:14:47,12,12,S,Classic,"Bacon, Pepperoni, Italian Sausage, Chorizo Sausage",The Big Meat Pizza
1293,572,southw_ckn_m,1,01-10-15,13:15:32,16.75,16.75,M,Chicken,"Chicken, Tomatoes, Red Peppers, Red Onions, Jalapeno Peppers, Corn, Cilantro, Chipotle Sauce",The Southwest Chicken Pizza
1294,573,classic_dlx_m,1,01-10-15,13:39:33,16,16,M,Classic,"Pepperoni, Mushrooms, Red Onions, Red Peppers, Bacon",The Classic Deluxe Pizza
1295,573,five_cheese_l,1,01-10-15,13:39:33,18.5,18.5,L,Veggie,"Mozzarella Cheese, Provolone Cheese, Smoked Gouda Cheese, Romano Cheese, Blue Cheese, Garlic",The Five Cheese Pizza
1296,574,ital_veggie_m,1,01-10-15,13:40:54,16.75,16.75,M,Veggie,"Eggplant, Artichokes, Tomatoes, Zucchini, Red Peppers, Garlic, Pesto Sauce",The Italian Vegetables Pizza
1297,575,classic_dlx_l,1,01-10-15,13:41:04,20.5,20.5,L,Classic,"Pepperoni, Mushrooms, Red Onions, Red Peppers, Bacon",The Classic Deluxe Pizza
1298,575,napolitana_l,1,01-10-15,13:41:04,20.5,20.5,L,Classic,"Tomatoes, Anchovies, Green Olives, Red Onions, Garlic",The Napolitana Pizza
1299,575,pepperoni_l,1,01-10-15,13:41:04,15.25,15.25,L,Classic,"Mozzarella Cheese, Pepperoni",The Pepperoni Pizza
1300,575,spinach_fet_m,1,01-10-15,13:41:04,16,16,M,Veggie,"Spinach, Mushrooms, Red Onions, Feta Cheese, Garlic",The Spinach and Feta Pizza
1301,576,big_meat_s,1,01-10-15,13:44:22,12,12,S,Classic,"Bacon, Pepperoni, Italian Sausage, Chorizo Sausage",The Big Meat Pizza
1302,576,ckn_alfredo_m,1,01-10-15,13:44:22,16.75,16.75,M,Chicken,"Chicken, Red Onions, Red Peppers, Mushrooms, Asiago Cheese, Alfredo Sauce",The Chicken Alfredo Pizza
1303,576,spinach_fet_s,1,01-10-15,13:44:22,12,12,S,Veggie,"Spinach, Mushrooms, Red Onions, Feta Cheese, Garlic",The Spinach and Feta Pizza
1304,577,spinach_fet_m,1,01-10-15,13:45:00,16,16,M,Veggie,"Spinach, Mushrooms, Red Onions, Feta Cheese, Garlic",The Spinach and Feta Pizza
1305,577,veggie_veg_l,1,01-10-15,13:45:00,20.25,20.25,L,Veggie,"Mushrooms, Tomatoes, Red Peppers, Green Peppers, Red Onions, Zucchini, Spinach, Garlic",The Vegetables + Vegetables Pizza
1306,578,bbq_ckn_s,1,01-10-15,13:48:49,12.75,12.75,S,Chicken,"Barbecued Chicken, Red Peppers, Green Peppers, Tomatoes, Red Onions, Barbecue Sauce",The Barbecue Chicken Pizza
1307,578,calabrese_m,1,01-10-15,13:48:49,16.25,16.25,M,Supreme,"æ…›duja Salami, Pancetta, Tomatoes, Red Onions, Friggitello Peppers, Garlic",The Calabrese Pizza
1308,578,pepperoni_l,1,01-10-15,13:48:49,15.25,15.25,L,Classic,"Mozzarella Cheese, Pepperoni",The Pepperoni Pizza
1309,578,peppr_salami_m,1,01-10-15,13:48:49,16.5,16.5,M,Supreme,"Genoa Salami, Capocollo, Pepperoni, Tomatoes, Asiago Cheese, Garlic",The Pepper Salami Pizza
1310,578,the_greek_xl,1,01-10-15,13:48:49,25.5,25.5,XL,Classic,"Kalamata Olives, Feta Cheese, Tomatoes, Garlic, Beef Chuck Roast, Red Onions",The Greek Pizza
1311,579,green_garden_s,1,01-10-15,13:51:19,12,12,S,Veggie,"Spinach, Mushrooms, Tomatoes, Green Olives, Feta Cheese",The Green Garden Pizza
1312,580,hawaiian_m,1,01-10-15,13:56:01,13.25,13.25,M,Classic,"Sliced Ham, Pineapple, Mozzarella Cheese",The Hawaiian Pizza
1313,580,southw_ckn_m,1,01-10-15,13:56:01,16.75,16.75,M,Chicken,"Chicken, Tomatoes, Red Peppers, Red Onions, Jalapeno Peppers, Corn, Cilantro, Chipotle Sauce",The Southwest Chicken Pizza
1314,581,mexicana_l,1,01-10-15,14:13:01,20.25,20.25,L,Veggie,"Tomatoes, Red Peppers, Jalapeno Peppers, Red Onions, Cilantro, Corn, Chipotle Sauce, Garlic",The Mexicana Pizza
1315,582,mediterraneo_l,1,01-10-15,14:24:14,20.25,20.25,L,Veggie,"Spinach, Artichokes, Kalamata Olives, Sun-dried Tomatoes, Feta Cheese, Plum Tomatoes, Red Onions",The Mediterranean Pizza
1316,583,ital_supr_l,1,01-10-15,14:33:19,20.75,20.75,L,Supreme,"Calabrese Salami, Capocollo, Tomatoes, Red Onions, Green Olives, Garlic",The Italian Supreme Pizza
1317,584,sicilian_s,1,01-10-15,15:05:29,12.25,12.25,S,Supreme,"Coarse Sicilian Salami, Tomatoes, Green Olives, Luganega Sausage, Onions, Garlic",The Sicilian Pizza
1318,584,soppressata_s,1,01-10-15,15:05:29,12.5,12.5,S,Supreme,"Soppressata Salami, Fontina Cheese, Mozzarella Cheese, Mushrooms, Garlic",The Soppressata Pizza
1319,585,brie_carre_s,1,01-10-15,15:58:42,23.65,23.65,S,Supreme,"Brie Carre Cheese, Prosciutto, Caramelized Onions, Pears, Thyme, Garlic",The Brie Carre Pizza
1320,585,mexicana_l,1,01-10-15,15:58:42,20.25,20.25,L,Veggie,"Tomatoes, Red Peppers, Jalapeno Peppers, Red Onions, Cilantro, Corn, Chipotle Sauce, Garlic",The Mexicana Pizza
1321,586,ital_cpcllo_m,1,01-10-15,16:09:57,16,16,M,Classic,"Capocollo, Red Peppers, Tomatoes, Goat Cheese, Garlic, Oregano",The Italian Capocollo Pizza
1322,586,southw_ckn_m,1,01-10-15,16:09:57,16.75,16.75,M,Chicken,"Chicken, Tomatoes, Red Peppers, Red Onions, Jalapeno Peppers, Corn, Cilantro, Chipotle Sauce",The Southwest Chicken Pizza
1323,587,peppr_salami_l,1,01-10-15,16:32:36,20.75,20.75,L,Supreme,"Genoa Salami, Capocollo, Pepperoni, Tomatoes, Asiago Cheese, Garlic",The Pepper Salami Pizza
1324,587,peppr_salami_s,1,01-10-15,16:32:36,12.5,12.5,S,Supreme,"Genoa Salami, Capocollo, Pepperoni, Tomatoes, Asiago Cheese, Garlic",The Pepper Salami Pizza
1325,588,cali_ckn_s,1,01-10-15,16:33:36,12.75,12.75,S,Chicken,"Chicken, Artichoke, Spinach, Garlic, Jalapeno Peppers, Fontina Cheese, Gouda Cheese",The California Chicken Pizza
1326,589,ital_supr_s,1,01-10-15,17:12:39,12.5,12.5,S,Supreme,"Calabrese Salami, Capocollo, Tomatoes, Red Onions, Green Olives, Garlic",The Italian Supreme Pizza
1327,589,mediterraneo_m,1,01-10-15,17:12:39,16,16,M,Veggie,"Spinach, Artichokes, Kalamata Olives, Sun-dried Tomatoes, Feta Cheese, Plum Tomatoes, Red Onions",The Mediterranean Pizza
1328,589,veggie_veg_s,1,01-10-15,17:12:39,12,12,S,Veggie,"Mushrooms, Tomatoes, Red Peppers, Green Peppers, Red Onions, Zucchini, Spinach, Garlic",The Vegetables + Vegetables Pizza
1329,590,five_cheese_l,1,01-10-15,17:23:39,18.5,18.5,L,Veggie,"Mozzarella Cheese, Provolone Cheese, Smoked Gouda Cheese, Romano Cheese, Blue Cheese, Garlic",The Five Cheese Pizza
1330,591,four_cheese_l,1,01-10-15,17:32:54,17.95,17.95,L,Veggie,"Ricotta Cheese, Gorgonzola Piccante Cheese, Mozzarella Cheese, Parmigiano Reggiano Cheese, Garlic",The Four Cheese Pizza
1331,591,southw_ckn_s,1,01-10-15,17:32:54,12.75,12.75,S,Chicken,"Chicken, Tomatoes, Red Peppers, Red Onions, Jalapeno Peppers, Corn, Cilantro, Chipotle Sauce",The Southwest Chicken Pizza
1332,591,spin_pesto_l,1,01-10-15,17:32:54,20.75,20.75,L,Veggie,"Spinach, Artichokes, Tomatoes, Sun-dried Tomatoes, Garlic, Pesto Sauce",The Spinach Pesto Pizza
1333,592,ital_veggie_s,1,01-10-15,17:41:55,12.75,12.75,S,Veggie,"Eggplant, Artichokes, Tomatoes, Zucchini, Red Peppers, Garlic, Pesto Sauce",The Italian Vegetables Pizza
1334,592,pep_msh_pep_m,1,01-10-15,17:41:55,14.5,14.5,M,Classic,"Pepperoni, Mushrooms, Green Peppers","The Pepperoni, Mushroom, and Peppers Pizza"
1335,592,thai_ckn_l,1,01-10-15,17:41:55,20.75,20.75,L,Chicken,"Chicken, Pineapple, Tomatoes, Red Peppers, Thai Sweet Chilli Sauce",The Thai Chicken Pizza
1336,593,cali_ckn_l,1,01-10-15,17:48:57,20.75,20.75,L,Chicken,"Chicken, Artichoke, Spinach, Garlic, Jalapeno Peppers, Fontina Cheese, Gouda Cheese",The California Chicken Pizza
1337,593,spicy_ital_l,1,01-10-15,17:48:57,20.75,20.75,L,Supreme,"Capocollo, Tomatoes, Goat Cheese, Artichokes, Peperoncini verdi, Garlic",The Spicy Italian Pizza
1338,594,calabrese_l,1,01-10-15,17:50:19,20.25,20.25,L,Supreme,"æ…›duja Salami, Pancetta, Tomatoes, Red Onions, Friggitello Peppers, Garlic",The Calabrese Pizza
1339,595,classic_dlx_l,1,01-10-15,18:12:28,20.5,20.5,L,Classic,"Pepperoni, Mushrooms, Red Onions, Red Peppers, Bacon",The Classic Deluxe Pizza
1340,595,prsc_argla_m,1,01-10-15,18:12:28,16.5,16.5,M,Supreme,"Prosciutto di San Daniele, Arugula, Mozzarella Cheese",The Prosciutto and Arugula Pizza
1341,596,pep_msh_pep_s,1,01-10-15,18:24:07,11,11,S,Classic,"Pepperoni, Mushrooms, Green Peppers","The Pepperoni, Mushroom, and Peppers Pizza"
1342,596,soppressata_s,1,01-10-15,18:24:07,12.5,12.5,S,Supreme,"Soppressata Salami, Fontina Cheese, Mozzarella Cheese, Mushrooms, Garlic",The Soppressata Pizza
1343,597,cali_ckn_l,1,01-10-15,18:32:36,20.75,20.75,L,Chicken,"Chicken, Artichoke, Spinach, Garlic, Jalapeno Peppers, Fontina Cheese, Gouda Cheese",The California Chicken Pizza
1344,597,prsc_argla_m,1,01-10-15,18:32:36,16.5,16.5,M,Supreme,"Prosciutto di San Daniele, Arugula, Mozzarella Cheese",The Prosciutto and Arugula Pizza
1345,597,spicy_ital_m,1,01-10-15,18:32:36,16.5,16.5,M,Supreme,"Capocollo, Tomatoes, Goat Cheese, Artichokes, Peperoncini verdi, Garlic",The Spicy Italian Pizza
1346,598,prsc_argla_l,1,01-10-15,18:34:14,20.75,20.75,L,Supreme,"Prosciutto di San Daniele, Arugula, Mozzarella Cheese",The Prosciutto and Arugula Pizza
1347,599,peppr_salami_l,1,01-10-15,18:34:27,20.75,20.75,L,Supreme,"Genoa Salami, Capocollo, Pepperoni, Tomatoes, Asiago Cheese, Garlic",The Pepper Salami Pizza
1348,600,classic_dlx_s,1,01-10-15,18:53:52,12,12,S,Classic,"Pepperoni, Mushrooms, Red Onions, Red Peppers, Bacon",The Classic Deluxe Pizza
1349,600,four_cheese_l,1,01-10-15,18:53:52,17.95,17.95,L,Veggie,"Ricotta Cheese, Gorgonzola Piccante Cheese, Mozzarella Cheese, Parmigiano Reggiano Cheese, Garlic",The Four Cheese Pizza
1350,600,mediterraneo_m,1,01-10-15,18:53:52,16,16,M,Veggie,"Spinach, Artichokes, Kalamata Olives, Sun-dried Tomatoes, Feta Cheese, Plum Tomatoes, Red Onions",The Mediterranean Pizza
1351,600,mexicana_m,1,01-10-15,18:53:52,16,16,M,Veggie,"Tomatoes, Red Peppers, Jalapeno Peppers, Red Onions, Cilantro, Corn, Chipotle Sauce, Garlic",The Mexicana Pizza
1352,601,bbq_ckn_l,1,01-10-15,18:58:19,20.75,20.75,L,Chicken,"Barbecued Chicken, Red Peppers, Green Peppers, Tomatoes, Red Onions, Barbecue Sauce",The Barbecue Chicken Pizza
1353,601,classic_dlx_s,1,01-10-15,18:58:19,12,12,S,Classic,"Pepperoni, Mushrooms, Red Onions, Red Peppers, Bacon",The Classic Deluxe Pizza
1354,601,spin_pesto_m,1,01-10-15,18:58:19,16.5,16.5,M,Veggie,"Spinach, Artichokes, Tomatoes, Sun-dried Tomatoes, Garlic, Pesto Sauce",The Spinach Pesto Pizza
1355,602,peppr_salami_l,1,01-10-15,19:02:27,20.75,20.75,L,Supreme,"Genoa Salami, Capocollo, Pepperoni, Tomatoes, Asiago Cheese, Garlic",The Pepper Salami Pizza
1356,603,mexicana_m,1,01-10-15,19:03:11,16,16,M,Veggie,"Tomatoes, Red Peppers, Jalapeno Peppers, Red Onions, Cilantro, Corn, Chipotle Sauce, Garlic",The Mexicana Pizza
1357,604,soppressata_s,1,01-10-15,19:13:29,12.5,12.5,S,Supreme,"Soppressata Salami, Fontina Cheese, Mozzarella Cheese, Mushrooms, Garlic",The Soppressata Pizza
1358,604,spinach_supr_m,1,01-10-15,19:13:29,16.5,16.5,M,Supreme,"Spinach, Red Onions, Pepperoni, Tomatoes, Artichokes, Kalamata Olives, Garlic, Asiago Cheese",The Spinach Supreme Pizza
1359,605,pepperoni_m,1,01-10-15,19:23:51,12.5,12.5,M,Classic,"Mozzarella Cheese, Pepperoni",The Pepperoni Pizza
1360,605,the_greek_xl,1,01-10-15,19:23:51,25.5,25.5,XL,Classic,"Kalamata Olives, Feta Cheese, Tomatoes, Garlic, Beef Chuck Roast, Red Onions",The Greek Pizza
1361,606,pepperoni_l,1,01-10-15,19:27:18,15.25,15.25,L,Classic,"Mozzarella Cheese, Pepperoni",The Pepperoni Pizza
1362,607,bbq_ckn_m,1,01-10-15,19:36:16,16.75,16.75,M,Chicken,"Barbecued Chicken, Red Peppers, Green Peppers, Tomatoes, Red Onions, Barbecue Sauce",The Barbecue Chicken Pizza
1363,607,ital_supr_m,1,01-10-15,19:36:16,16.5,16.5,M,Supreme,"Calabrese Salami, Capocollo, Tomatoes, Red Onions, Green Olives, Garlic",The Italian Supreme Pizza
1364,607,spinach_supr_l,1,01-10-15,19:36:16,20.75,20.75,L,Supreme,"Spinach, Red Onions, Pepperoni, Tomatoes, Artichokes, Kalamata Olives, Garlic, Asiago Cheese",The Spinach Supreme Pizza
1365,608,hawaiian_l,1,01-10-15,19:36:33,16.5,16.5,L,Classic,"Sliced Ham, Pineapple, Mozzarella Cheese",The Hawaiian Pizza
1366,608,pepperoni_m,1,01-10-15,19:36:33,12.5,12.5,M,Classic,"Mozzarella Cheese, Pepperoni",The Pepperoni Pizza
1367,608,thai_ckn_l,1,01-10-15,19:36:33,20.75,20.75,L,Chicken,"Chicken, Pineapple, Tomatoes, Red Peppers, Thai Sweet Chilli Sauce",The Thai Chicken Pizza
1368,608,thai_ckn_s,1,01-10-15,19:36:33,12.75,12.75,S,Chicken,"Chicken, Pineapple, Tomatoes, Red Peppers, Thai Sweet Chilli Sauce",The Thai Chicken Pizza
1369,609,four_cheese_l,1,01-10-15,19:39:32,17.95,17.95,L,Veggie,"Ricotta Cheese, Gorgonzola Piccante Cheese, Mozzarella Cheese, Parmigiano Reggiano Cheese, Garlic",The Four Cheese Pizza
1370,610,big_meat_s,1,01-10-15,19:51:02,12,12,S,Classic,"Bacon, Pepperoni, Italian Sausage, Chorizo Sausage",The Big Meat Pizza
1371,610,pepperoni_l,1,01-10-15,19:51:02,15.25,15.25,L,Classic,"Mozzarella Cheese, Pepperoni",The Pepperoni Pizza
1372,611,five_cheese_l,1,01-10-15,19:58:10,18.5,18.5,L,Veggie,"Mozzarella Cheese, Provolone Cheese, Smoked Gouda Cheese, Romano Cheese, Blue Cheese, Garlic",The Five Cheese Pizza
1373,611,mexicana_s,1,01-10-15,19:58:10,12,12,S,Veggie,"Tomatoes, Red Peppers, Jalapeno Peppers, Red Onions, Cilantro, Corn, Chipotle Sauce, Garlic",The Mexicana Pizza
1374,611,southw_ckn_m,1,01-10-15,19:58:10,16.75,16.75,M,Chicken,"Chicken, Tomatoes, Red Peppers, Red Onions, Jalapeno Peppers, Corn, Cilantro, Chipotle Sauce",The Southwest Chicken Pizza
1375,611,the_greek_xl,1,01-10-15,19:58:10,25.5,25.5,XL,Classic,"Kalamata Olives, Feta Cheese, Tomatoes, Garlic, Beef Chuck Roast, Red Onions",The Greek Pizza
1376,612,big_meat_s,1,01-10-15,19:58:15,12,12,S,Classic,"Bacon, Pepperoni, Italian Sausage, Chorizo Sausage",The Big Meat Pizza
1377,612,ital_supr_l,1,01-10-15,19:58:15,20.75,20.75,L,Supreme,"Calabrese Salami, Capocollo, Tomatoes, Red Onions, Green Olives, Garlic",The Italian Supreme Pizza
1378,612,mexicana_l,1,01-10-15,19:58:15,20.25,20.25,L,Veggie,"Tomatoes, Red Peppers, Jalapeno Peppers, Red Onions, Cilantro, Corn, Chipotle Sauce, Garlic",The Mexicana Pizza
1379,612,soppressata_s,1,01-10-15,19:58:15,12.5,12.5,S,Supreme,"Soppressata Salami, Fontina Cheese, Mozzarella Cheese, Mushrooms, Garlic",The Soppressata Pizza
1380,613,napolitana_s,1,01-10-15,20:10:44,12,12,S,Classic,"Tomatoes, Anchovies, Green Olives, Red Onions, Garlic",The Napolitana Pizza
1381,614,peppr_salami_l,1,01-10-15,20:12:33,20.75,20.75,L,Supreme,"Genoa Salami, Capocollo, Pepperoni, Tomatoes, Asiago Cheese, Garlic",The Pepper Salami Pizza
1382,615,cali_ckn_l,1,01-10-15,20:14:03,20.75,20.75,L,Chicken,"Chicken, Artichoke, Spinach, Garlic, Jalapeno Peppers, Fontina Cheese, Gouda Cheese",The California Chicken Pizza
1383,615,pep_msh_pep_m,1,01-10-15,20:14:03,14.5,14.5,M,Classic,"Pepperoni, Mushrooms, Green Peppers","The Pepperoni, Mushroom, and Peppers Pizza"
1384,616,prsc_argla_l,1,01-10-15,20:20:10,20.75,20.75,L,Supreme,"Prosciutto di San Daniele, Arugula, Mozzarella Cheese",The Prosciutto and Arugula Pizza
1385,616,veggie_veg_m,1,01-10-15,20:20:10,16,16,M,Veggie,"Mushrooms, Tomatoes, Red Peppers, Green Peppers, Red Onions, Zucchini, Spinach, Garlic",The Vegetables + Vegetables Pizza
1386,617,ckn_pesto_l,1,01-10-15,20:27:26,20.75,20.75,L,Chicken,"Chicken, Tomatoes, Red Peppers, Spinach, Garlic, Pesto Sauce",The Chicken Pesto Pizza
1387,617,southw_ckn_m,1,01-10-15,20:27:26,16.75,16.75,M,Chicken,"Chicken, Tomatoes, Red Peppers, Red Onions, Jalapeno Peppers, Corn, Cilantro, Chipotle Sauce",The Southwest Chicken Pizza
1388,618,prsc_argla_m,1,01-10-15,20:31:14,16.5,16.5,M,Supreme,"Prosciutto di San Daniele, Arugula, Mozzarella Cheese",The Prosciutto and Arugula Pizza
1389,618,spin_pesto_m,1,01-10-15,20:31:14,16.5,16.5,M,Veggie,"Spinach, Artichokes, Tomatoes, Sun-dried Tomatoes, Garlic, Pesto Sauce",The Spinach Pesto Pizza
1390,619,ital_cpcllo_l,1,01-10-15,20:41:58,20.5,20.5,L,Classic,"Capocollo, Red Peppers, Tomatoes, Goat Cheese, Garlic, Oregano",The Italian Capocollo Pizza
1391,620,bbq_ckn_l,1,01-10-15,20:45:45,20.75,20.75,L,Chicken,"Barbecued Chicken, Red Peppers, Green Peppers, Tomatoes, Red Onions, Barbecue Sauce",The Barbecue Chicken Pizza
1392,620,cali_ckn_m,1,01-10-15,20:45:45,16.75,16.75,M,Chicken,"Chicken, Artichoke, Spinach, Garlic, Jalapeno Peppers, Fontina Cheese, Gouda Cheese",The California Chicken Pizza
1393,620,peppr_salami_m,1,01-10-15,20:45:45,16.5,16.5,M,Supreme,"Genoa Salami, Capocollo, Pepperoni, Tomatoes, Asiago Cheese, Garlic",The Pepper Salami Pizza
1394,620,the_greek_s,1,01-10-15,20:45:45,12,12,S,Classic,"Kalamata Olives, Feta Cheese, Tomatoes, Garlic, Beef Chuck Roast, Red Onions",The Greek Pizza
1395,621,calabrese_m,1,01-10-15,20:49:29,16.25,16.25,M,Supreme,"æ…›duja Salami, Pancetta, Tomatoes, Red Onions, Friggitello Peppers, Garlic",The Calabrese Pizza
1396,621,four_cheese_l,1,01-10-15,20:49:29,17.95,17.95,L,Veggie,"Ricotta Cheese, Gorgonzola Piccante Cheese, Mozzarella Cheese, Parmigiano Reggiano Cheese, Garlic",The Four Cheese Pizza
1397,621,mexicana_l,1,01-10-15,20:49:29,20.25,20.25,L,Veggie,"Tomatoes, Red Peppers, Jalapeno Peppers, Red Onions, Cilantro, Corn, Chipotle Sauce, Garlic",The Mexicana Pizza
1398,621,spicy_ital_l,1,01-10-15,20:49:29,20.75,20.75,L,Supreme,"Capocollo, Tomatoes, Goat Cheese, Artichokes, Peperoncini verdi, Garlic",The Spicy Italian Pizza
1399,622,ital_supr_m,1,01-10-15,20:57:41,16.5,16.5,M,Supreme,"Calabrese Salami, Capocollo, Tomatoes, Red Onions, Green Olives, Garlic",The Italian Supreme Pizza
1400,622,spicy_ital_l,1,01-10-15,20:57:41,20.75,20.75,L,Supreme,"Capocollo, Tomatoes, Goat Cheese, Artichokes, Peperoncini verdi, Garlic",The Spicy Italian Pizza
1401,623,cali_ckn_l,1,01-10-15,21:21:21,20.75,20.75,L,Chicken,"Chicken, Artichoke, Spinach, Garlic, Jalapeno Peppers, Fontina Cheese, Gouda Cheese",The California Chicken Pizza
1402,623,hawaiian_l,1,01-10-15,21:21:21,16.5,16.5,L,Classic,"Sliced Ham, Pineapple, Mozzarella Cheese",The Hawaiian Pizza
1403,624,cali_ckn_m,1,01-10-15,21:22:44,16.75,16.75,M,Chicken,"Chicken, Artichoke, Spinach, Garlic, Jalapeno Peppers, Fontina Cheese, Gouda Cheese",The California Chicken Pizza
1404,624,veggie_veg_m,1,01-10-15,21:22:44,16,16,M,Veggie,"Mushrooms, Tomatoes, Red Peppers, Green Peppers, Red Onions, Zucchini, Spinach, Garlic",The Vegetables + Vegetables Pizza
1405,625,spinach_fet_l,1,01-10-15,21:50:23,20.25,20.25,L,Veggie,"Spinach, Mushrooms, Red Onions, Feta Cheese, Garlic",The Spinach and Feta Pizza
1406,625,spinach_supr_m,1,01-10-15,21:50:23,16.5,16.5,M,Supreme,"Spinach, Red Onions, Pepperoni, Tomatoes, Artichokes, Kalamata Olives, Garlic, Asiago Cheese",The Spinach Supreme Pizza
1407,626,classic_dlx_m,1,01-10-15,21:55:12,16,16,M,Classic,"Pepperoni, Mushrooms, Red Onions, Red Peppers, Bacon",The Classic Deluxe Pizza
1408,626,four_cheese_m,1,01-10-15,21:55:12,14.75,14.75,M,Veggie,"Ricotta Cheese, Gorgonzola Piccante Cheese, Mozzarella Cheese, Parmigiano Reggiano Cheese, Garlic",The Four Cheese Pizza
1409,627,the_greek_l,1,01-10-15,22:18:35,20.5,20.5,L,Classic,"Kalamata Olives, Feta Cheese, Tomatoes, Garlic, Beef Chuck Roast, Red Onions",The Greek Pizza
1410,627,the_greek_m,1,01-10-15,22:18:35,16,16,M,Classic,"Kalamata Olives, Feta Cheese, Tomatoes, Garlic, Beef Chuck Roast, Red Onions",The Greek Pizza
1411,628,classic_dlx_l,1,01-10-15,22:47:17,20.5,20.5,L,Classic,"Pepperoni, Mushrooms, Red Onions, Red Peppers, Bacon",The Classic Deluxe Pizza
1412,628,ital_veggie_s,1,01-10-15,22:47:17,12.75,12.75,S,Veggie,"Eggplant, Artichokes, Tomatoes, Zucchini, Red Peppers, Garlic, Pesto Sauce",The Italian Vegetables Pizza
1413,628,the_greek_s,1,01-10-15,22:47:17,12,12,S,Classic,"Kalamata Olives, Feta Cheese, Tomatoes, Garlic, Beef Chuck Roast, Red Onions",The Greek Pizza
1414,628,veggie_veg_s,1,01-10-15,22:47:17,12,12,S,Veggie,"Mushrooms, Tomatoes, Red Peppers, Green Peppers, Red Onions, Zucchini, Spinach, Garlic",The Vegetables + Vegetables Pizza
1415,629,calabrese_m,1,01-10-15,22:48:39,16.25,16.25,M,Supreme,"æ…›duja Salami, Pancetta, Tomatoes, Red Onions, Friggitello Peppers, Garlic",The Calabrese Pizza
1416,629,five_cheese_l,1,01-10-15,22:48:39,18.5,18.5,L,Veggie,"Mozzarella Cheese, Provolone Cheese, Smoked Gouda Cheese, Romano Cheese, Blue Cheese, Garlic",The Five Cheese Pizza
1417,629,pep_msh_pep_m,1,01-10-15,22:48:39,14.5,14.5,M,Classic,"Pepperoni, Mushrooms, Green Peppers","The Pepperoni, Mushroom, and Peppers Pizza"
1418,629,spin_pesto_l,1,01-10-15,22:48:39,20.75,20.75,L,Veggie,"Spinach, Artichokes, Tomatoes, Sun-dried Tomatoes, Garlic, Pesto Sauce",The Spinach Pesto Pizza
1419,630,sicilian_s,1,01-11-15,11:42:08,12.25,12.25,S,Supreme,"Coarse Sicilian Salami, Tomatoes, Green Olives, Luganega Sausage, Onions, Garlic",The Sicilian Pizza
1420,631,pepperoni_l,1,01-11-15,11:44:36,15.25,15.25,L,Classic,"Mozzarella Cheese, Pepperoni",The Pepperoni Pizza
1421,632,classic_dlx_s,1,01-11-15,11:44:52,12,12,S,Classic,"Pepperoni, Mushrooms, Red Onions, Red Peppers, Bacon",The Classic Deluxe Pizza
1422,633,mediterraneo_l,1,01-11-15,11:51:45,20.25,20.25,L,Veggie,"Spinach, Artichokes, Kalamata Olives, Sun-dried Tomatoes, Feta Cheese, Plum Tomatoes, Red Onions",The Mediterranean Pizza
1423,633,pepperoni_l,1,01-11-15,11:51:45,15.25,15.25,L,Classic,"Mozzarella Cheese, Pepperoni",The Pepperoni Pizza
1424,633,peppr_salami_l,1,01-11-15,11:51:45,20.75,20.75,L,Supreme,"Genoa Salami, Capocollo, Pepperoni, Tomatoes, Asiago Cheese, Garlic",The Pepper Salami Pizza
1425,634,pepperoni_l,1,01-11-15,12:14:15,15.25,15.25,L,Classic,"Mozzarella Cheese, Pepperoni",The Pepperoni Pizza
1426,635,calabrese_l,1,01-11-15,12:18:31,20.25,20.25,L,Supreme,"æ…›duja Salami, Pancetta, Tomatoes, Red Onions, Friggitello Peppers, Garlic",The Calabrese Pizza
1427,635,cali_ckn_s,2,01-11-15,12:18:31,12.75,25.5,S,Chicken,"Chicken, Artichoke, Spinach, Garlic, Jalapeno Peppers, Fontina Cheese, Gouda Cheese",The California Chicken Pizza
1428,635,hawaiian_s,1,01-11-15,12:18:31,10.5,10.5,S,Classic,"Sliced Ham, Pineapple, Mozzarella Cheese",The Hawaiian Pizza
1429,635,mexicana_l,1,01-11-15,12:18:31,20.25,20.25,L,Veggie,"Tomatoes, Red Peppers, Jalapeno Peppers, Red Onions, Cilantro, Corn, Chipotle Sauce, Garlic",The Mexicana Pizza
1430,635,pepperoni_m,1,01-11-15,12:18:31,12.5,12.5,M,Classic,"Mozzarella Cheese, Pepperoni",The Pepperoni Pizza
1431,635,pepperoni_s,1,01-11-15,12:18:31,9.75,9.75,S,Classic,"Mozzarella Cheese, Pepperoni",The Pepperoni Pizza
1432,635,peppr_salami_s,1,01-11-15,12:18:31,12.5,12.5,S,Supreme,"Genoa Salami, Capocollo, Pepperoni, Tomatoes, Asiago Cheese, Garlic",The Pepper Salami Pizza
1433,635,sicilian_s,1,01-11-15,12:18:31,12.25,12.25,S,Supreme,"Coarse Sicilian Salami, Tomatoes, Green Olives, Luganega Sausage, Onions, Garlic",The Sicilian Pizza
1434,635,spinach_fet_l,1,01-11-15,12:18:31,20.25,20.25,L,Veggie,"Spinach, Mushrooms, Red Onions, Feta Cheese, Garlic",The Spinach and Feta Pizza
1435,635,spinach_fet_s,1,01-11-15,12:18:31,12,12,S,Veggie,"Spinach, Mushrooms, Red Onions, Feta Cheese, Garlic",The Spinach and Feta Pizza
1436,636,classic_dlx_m,1,01-11-15,12:34:44,16,16,M,Classic,"Pepperoni, Mushrooms, Red Onions, Red Peppers, Bacon",The Classic Deluxe Pizza
1437,637,the_greek_l,1,01-11-15,12:44:10,20.5,20.5,L,Classic,"Kalamata Olives, Feta Cheese, Tomatoes, Garlic, Beef Chuck Roast, Red Onions",The Greek Pizza
1438,637,veggie_veg_m,1,01-11-15,12:44:10,16,16,M,Veggie,"Mushrooms, Tomatoes, Red Peppers, Green Peppers, Red Onions, Zucchini, Spinach, Garlic",The Vegetables + Vegetables Pizza
1439,638,mexicana_l,1,01-11-15,12:49:26,20.25,20.25,L,Veggie,"Tomatoes, Red Peppers, Jalapeno Peppers, Red Onions, Cilantro, Corn, Chipotle Sauce, Garlic",The Mexicana Pizza
1440,639,pep_msh_pep_m,1,01-11-15,13:23:21,14.5,14.5,M,Classic,"Pepperoni, Mushrooms, Green Peppers","The Pepperoni, Mushroom, and Peppers Pizza"
1441,640,cali_ckn_s,1,01-11-15,13:28:08,12.75,12.75,S,Chicken,"Chicken, Artichoke, Spinach, Garlic, Jalapeno Peppers, Fontina Cheese, Gouda Cheese",The California Chicken Pizza
1442,640,ckn_pesto_l,1,01-11-15,13:28:08,20.75,20.75,L,Chicken,"Chicken, Tomatoes, Red Peppers, Spinach, Garlic, Pesto Sauce",The Chicken Pesto Pizza
1443,640,napolitana_s,1,01-11-15,13:28:08,12,12,S,Classic,"Tomatoes, Anchovies, Green Olives, Red Onions, Garlic",The Napolitana Pizza
1444,641,pepperoni_m,1,01-11-15,13:37:46,12.5,12.5,M,Classic,"Mozzarella Cheese, Pepperoni",The Pepperoni Pizza
1445,641,southw_ckn_l,1,01-11-15,13:37:46,20.75,20.75,L,Chicken,"Chicken, Tomatoes, Red Peppers, Red Onions, Jalapeno Peppers, Corn, Cilantro, Chipotle Sauce",The Southwest Chicken Pizza
1446,641,spin_pesto_m,1,01-11-15,13:37:46,16.5,16.5,M,Veggie,"Spinach, Artichokes, Tomatoes, Sun-dried Tomatoes, Garlic, Pesto Sauce",The Spinach Pesto Pizza
1447,641,spinach_fet_s,1,01-11-15,13:37:46,12,12,S,Veggie,"Spinach, Mushrooms, Red Onions, Feta Cheese, Garlic",The Spinach and Feta Pizza
1448,642,calabrese_m,1,01-11-15,13:40:00,16.25,16.25,M,Supreme,"æ…›duja Salami, Pancetta, Tomatoes, Red Onions, Friggitello Peppers, Garlic",The Calabrese Pizza
1449,642,cali_ckn_l,1,01-11-15,13:40:00,20.75,20.75,L,Chicken,"Chicken, Artichoke, Spinach, Garlic, Jalapeno Peppers, Fontina Cheese, Gouda Cheese",The California Chicken Pizza
1450,642,ital_supr_l,1,01-11-15,13:40:00,20.75,20.75,L,Supreme,"Calabrese Salami, Capocollo, Tomatoes, Red Onions, Green Olives, Garlic",The Italian Supreme Pizza
1451,642,soppressata_l,1,01-11-15,13:40:00,20.75,20.75,L,Supreme,"Soppressata Salami, Fontina Cheese, Mozzarella Cheese, Mushrooms, Garlic",The Soppressata Pizza
1452,643,spinach_fet_m,1,01-11-15,13:43:19,16,16,M,Veggie,"Spinach, Mushrooms, Red Onions, Feta Cheese, Garlic",The Spinach and Feta Pizza
1453,644,ital_supr_l,1,01-11-15,13:52:52,20.75,20.75,L,Supreme,"Calabrese Salami, Capocollo, Tomatoes, Red Onions, Green Olives, Garlic",The Italian Supreme Pizza
1454,644,peppr_salami_m,1,01-11-15,13:52:52,16.5,16.5,M,Supreme,"Genoa Salami, Capocollo, Pepperoni, Tomatoes, Asiago Cheese, Garlic",The Pepper Salami Pizza
1455,645,bbq_ckn_m,1,01-11-15,14:03:45,16.75,16.75,M,Chicken,"Barbecued Chicken, Red Peppers, Green Peppers, Tomatoes, Red Onions, Barbecue Sauce",The Barbecue Chicken Pizza
1456,645,big_meat_s,1,01-11-15,14:03:45,12,12,S,Classic,"Bacon, Pepperoni, Italian Sausage, Chorizo Sausage",The Big Meat Pizza
1457,646,hawaiian_s,1,01-11-15,14:07:26,10.5,10.5,S,Classic,"Sliced Ham, Pineapple, Mozzarella Cheese",The Hawaiian Pizza
1458,646,thai_ckn_l,1,01-11-15,14:07:26,20.75,20.75,L,Chicken,"Chicken, Pineapple, Tomatoes, Red Peppers, Thai Sweet Chilli Sauce",The Thai Chicken Pizza
1459,647,hawaiian_s,1,01-11-15,14:07:35,10.5,10.5,S,Classic,"Sliced Ham, Pineapple, Mozzarella Cheese",The Hawaiian Pizza
1460,648,four_cheese_l,1,01-11-15,14:17:17,17.95,17.95,L,Veggie,"Ricotta Cheese, Gorgonzola Piccante Cheese, Mozzarella Cheese, Parmigiano Reggiano Cheese, Garlic",The Four Cheese Pizza
1461,648,pepperoni_m,1,01-11-15,14:17:17,12.5,12.5,M,Classic,"Mozzarella Cheese, Pepperoni",The Pepperoni Pizza
1462,649,cali_ckn_s,1,01-11-15,14:29:23,12.75,12.75,S,Chicken,"Chicken, Artichoke, Spinach, Garlic, Jalapeno Peppers, Fontina Cheese, Gouda Cheese",The California Chicken Pizza
1463,649,pepperoni_m,1,01-11-15,14:29:23,12.5,12.5,M,Classic,"Mozzarella Cheese, Pepperoni",The Pepperoni Pizza
1464,649,peppr_salami_m,1,01-11-15,14:29:23,16.5,16.5,M,Supreme,"Genoa Salami, Capocollo, Pepperoni, Tomatoes, Asiago Cheese, Garlic",The Pepper Salami Pizza
1465,649,sicilian_s,1,01-11-15,14:29:23,12.25,12.25,S,Supreme,"Coarse Sicilian Salami, Tomatoes, Green Olives, Luganega Sausage, Onions, Garlic",The Sicilian Pizza
1466,650,pepperoni_m,1,01-11-15,14:34:05,12.5,12.5,M,Classic,"Mozzarella Cheese, Pepperoni",The Pepperoni Pizza
1467,651,bbq_ckn_s,1,01-11-15,14:49:35,12.75,12.75,S,Chicken,"Barbecued Chicken, Red Peppers, Green Peppers, Tomatoes, Red Onions, Barbecue Sauce",The Barbecue Chicken Pizza
1468,651,calabrese_m,1,01-11-15,14:49:35,16.25,16.25,M,Supreme,"æ…›duja Salami, Pancetta, Tomatoes, Red Onions, Friggitello Peppers, Garlic",The Calabrese Pizza
1469,651,pepperoni_m,1,01-11-15,14:49:35,12.5,12.5,M,Classic,"Mozzarella Cheese, Pepperoni",The Pepperoni Pizza
1470,652,big_meat_s,1,01-11-15,16:03:38,12,12,S,Classic,"Bacon, Pepperoni, Italian Sausage, Chorizo Sausage",The Big Meat Pizza
1471,652,ckn_alfredo_m,1,01-11-15,16:03:38,16.75,16.75,M,Chicken,"Chicken, Red Onions, Red Peppers, Mushrooms, Asiago Cheese, Alfredo Sauce",The Chicken Alfredo Pizza
1472,652,ckn_pesto_s,1,01-11-15,16:03:38,12.75,12.75,S,Chicken,"Chicken, Tomatoes, Red Peppers, Spinach, Garlic, Pesto Sauce",The Chicken Pesto Pizza
1473,652,prsc_argla_s,1,01-11-15,16:03:38,12.5,12.5,S,Supreme,"Prosciutto di San Daniele, Arugula, Mozzarella Cheese",The Prosciutto and Arugula Pizza
1474,653,thai_ckn_s,1,01-11-15,16:18:23,12.75,12.75,S,Chicken,"Chicken, Pineapple, Tomatoes, Red Peppers, Thai Sweet Chilli Sauce",The Thai Chicken Pizza
1475,654,mexicana_l,1,01-11-15,16:34:07,20.25,20.25,L,Veggie,"Tomatoes, Red Peppers, Jalapeno Peppers, Red Onions, Cilantro, Corn, Chipotle Sauce, Garlic",The Mexicana Pizza
1476,654,sicilian_l,1,01-11-15,16:34:07,20.25,20.25,L,Supreme,"Coarse Sicilian Salami, Tomatoes, Green Olives, Luganega Sausage, Onions, Garlic",The Sicilian Pizza
1477,654,spin_pesto_m,1,01-11-15,16:34:07,16.5,16.5,M,Veggie,"Spinach, Artichokes, Tomatoes, Sun-dried Tomatoes, Garlic, Pesto Sauce",The Spinach Pesto Pizza
1478,655,ital_supr_m,1,01-11-15,16:43:33,16.5,16.5,M,Supreme,"Calabrese Salami, Capocollo, Tomatoes, Red Onions, Green Olives, Garlic",The Italian Supreme Pizza
1479,656,thai_ckn_l,1,01-11-15,16:44:49,20.75,20.75,L,Chicken,"Chicken, Pineapple, Tomatoes, Red Peppers, Thai Sweet Chilli Sauce",The Thai Chicken Pizza
1480,656,veggie_veg_l,1,01-11-15,16:44:49,20.25,20.25,L,Veggie,"Mushrooms, Tomatoes, Red Peppers, Green Peppers, Red Onions, Zucchini, Spinach, Garlic",The Vegetables + Vegetables Pizza
1481,657,bbq_ckn_m,1,01-11-15,16:45:47,16.75,16.75,M,Chicken,"Barbecued Chicken, Red Peppers, Green Peppers, Tomatoes, Red Onions, Barbecue Sauce",The Barbecue Chicken Pizza
1482,657,classic_dlx_m,1,01-11-15,16:45:47,16,16,M,Classic,"Pepperoni, Mushrooms, Red Onions, Red Peppers, Bacon",The Classic Deluxe Pizza
1483,658,napolitana_m,1,01-11-15,16:55:24,16,16,M,Classic,"Tomatoes, Anchovies, Green Olives, Red Onions, Garlic",The Napolitana Pizza
1484,658,peppr_salami_s,1,01-11-15,16:55:24,12.5,12.5,S,Supreme,"Genoa Salami, Capocollo, Pepperoni, Tomatoes, Asiago Cheese, Garlic",The Pepper Salami Pizza
1485,658,veggie_veg_m,1,01-11-15,16:55:24,16,16,M,Veggie,"Mushrooms, Tomatoes, Red Peppers, Green Peppers, Red Onions, Zucchini, Spinach, Garlic",The Vegetables + Vegetables Pizza
1486,659,ital_supr_m,1,01-11-15,16:56:39,16.5,16.5,M,Supreme,"Calabrese Salami, Capocollo, Tomatoes, Red Onions, Green Olives, Garlic",The Italian Supreme Pizza
1487,659,sicilian_l,1,01-11-15,16:56:39,20.25,20.25,L,Supreme,"Coarse Sicilian Salami, Tomatoes, Green Olives, Luganega Sausage, Onions, Garlic",The Sicilian Pizza
1488,660,bbq_ckn_s,1,01-11-15,17:09:36,12.75,12.75,S,Chicken,"Barbecued Chicken, Red Peppers, Green Peppers, Tomatoes, Red Onions, Barbecue Sauce",The Barbecue Chicken Pizza
1489,660,ital_supr_m,1,01-11-15,17:09:36,16.5,16.5,M,Supreme,"Calabrese Salami, Capocollo, Tomatoes, Red Onions, Green Olives, Garlic",The Italian Supreme Pizza
1490,661,napolitana_s,1,01-11-15,17:18:14,12,12,S,Classic,"Tomatoes, Anchovies, Green Olives, Red Onions, Garlic",The Napolitana Pizza
1491,662,bbq_ckn_l,1,01-11-15,17:21:49,20.75,20.75,L,Chicken,"Barbecued Chicken, Red Peppers, Green Peppers, Tomatoes, Red Onions, Barbecue Sauce",The Barbecue Chicken Pizza
1492,662,prsc_argla_s,1,01-11-15,17:21:49,12.5,12.5,S,Supreme,"Prosciutto di San Daniele, Arugula, Mozzarella Cheese",The Prosciutto and Arugula Pizza
1493,663,four_cheese_l,1,01-11-15,17:29:14,17.95,17.95,L,Veggie,"Ricotta Cheese, Gorgonzola Piccante Cheese, Mozzarella Cheese, Parmigiano Reggiano Cheese, Garlic",The Four Cheese Pizza
1494,664,calabrese_m,1,01-11-15,17:35:14,16.25,16.25,M,Supreme,"æ…›duja Salami, Pancetta, Tomatoes, Red Onions, Friggitello Peppers, Garlic",The Calabrese Pizza
1495,664,ital_supr_l,1,01-11-15,17:35:14,20.75,20.75,L,Supreme,"Calabrese Salami, Capocollo, Tomatoes, Red Onions, Green Olives, Garlic",The Italian Supreme Pizza
1496,664,pepperoni_l,1,01-11-15,17:35:14,15.25,15.25,L,Classic,"Mozzarella Cheese, Pepperoni",The Pepperoni Pizza
1497,665,bbq_ckn_m,1,01-11-15,17:42:23,16.75,16.75,M,Chicken,"Barbecued Chicken, Red Peppers, Green Peppers, Tomatoes, Red Onions, Barbecue Sauce",The Barbecue Chicken Pizza
1498,665,mediterraneo_s,1,01-11-15,17:42:23,12,12,S,Veggie,"Spinach, Artichokes, Kalamata Olives, Sun-dried Tomatoes, Feta Cheese, Plum Tomatoes, Red Onions",The Mediterranean Pizza
1499,666,hawaiian_l,1,01-11-15,17:42:25,16.5,16.5,L,Classic,"Sliced Ham, Pineapple, Mozzarella Cheese",The Hawaiian Pizza
1500,667,big_meat_s,1,01-11-15,18:13:08,12,12,S,Classic,"Bacon, Pepperoni, Italian Sausage, Chorizo Sausage",The Big Meat Pizza
1501,667,pepperoni_s,1,01-11-15,18:13:08,9.75,9.75,S,Classic,"Mozzarella Cheese, Pepperoni",The Pepperoni Pizza
1502,668,ital_supr_m,1,01-11-15,18:13:12,16.5,16.5,M,Supreme,"Calabrese Salami, Capocollo, Tomatoes, Red Onions, Green Olives, Garlic",The Italian Supreme Pizza
1503,668,mexicana_l,1,01-11-15,18:13:12,20.25,20.25,L,Veggie,"Tomatoes, Red Peppers, Jalapeno Peppers, Red Onions, Cilantro, Corn, Chipotle Sauce, Garlic",The Mexicana Pizza
1504,668,peppr_salami_l,1,01-11-15,18:13:12,20.75,20.75,L,Supreme,"Genoa Salami, Capocollo, Pepperoni, Tomatoes, Asiago Cheese, Garlic",The Pepper Salami Pizza
1505,668,spicy_ital_m,1,01-11-15,18:13:12,16.5,16.5,M,Supreme,"Capocollo, Tomatoes, Goat Cheese, Artichokes, Peperoncini verdi, Garlic",The Spicy Italian Pizza
1506,669,ital_cpcllo_l,1,01-11-15,18:40:44,20.5,20.5,L,Classic,"Capocollo, Red Peppers, Tomatoes, Goat Cheese, Garlic, Oregano",The Italian Capocollo Pizza
1507,669,mexicana_l,1,01-11-15,18:40:44,20.25,20.25,L,Veggie,"Tomatoes, Red Peppers, Jalapeno Peppers, Red Onions, Cilantro, Corn, Chipotle Sauce, Garlic",The Mexicana Pizza
1508,670,ital_cpcllo_s,1,01-11-15,18:46:25,12,12,S,Classic,"Capocollo, Red Peppers, Tomatoes, Goat Cheese, Garlic, Oregano",The Italian Capocollo Pizza
1509,670,soppressata_m,1,01-11-15,18:46:25,16.5,16.5,M,Supreme,"Soppressata Salami, Fontina Cheese, Mozzarella Cheese, Mushrooms, Garlic",The Soppressata Pizza
1510,671,ckn_pesto_s,1,01-11-15,19:18:42,12.75,12.75,S,Chicken,"Chicken, Tomatoes, Red Peppers, Spinach, Garlic, Pesto Sauce",The Chicken Pesto Pizza
1511,672,green_garden_m,1,01-11-15,19:18:46,16,16,M,Veggie,"Spinach, Mushrooms, Tomatoes, Green Olives, Feta Cheese",The Green Garden Pizza
1512,672,spicy_ital_l,1,01-11-15,19:18:46,20.75,20.75,L,Supreme,"Capocollo, Tomatoes, Goat Cheese, Artichokes, Peperoncini verdi, Garlic",The Spicy Italian Pizza
1513,673,soppressata_l,1,01-11-15,19:28:13,20.75,20.75,L,Supreme,"Soppressata Salami, Fontina Cheese, Mozzarella Cheese, Mushrooms, Garlic",The Soppressata Pizza
1514,673,thai_ckn_m,1,01-11-15,19:28:13,16.75,16.75,M,Chicken,"Chicken, Pineapple, Tomatoes, Red Peppers, Thai Sweet Chilli Sauce",The Thai Chicken Pizza
1515,674,ckn_pesto_m,1,01-11-15,19:33:05,16.75,16.75,M,Chicken,"Chicken, Tomatoes, Red Peppers, Spinach, Garlic, Pesto Sauce",The Chicken Pesto Pizza
1516,674,mexicana_l,1,01-11-15,19:33:05,20.25,20.25,L,Veggie,"Tomatoes, Red Peppers, Jalapeno Peppers, Red Onions, Cilantro, Corn, Chipotle Sauce, Garlic",The Mexicana Pizza
1517,674,prsc_argla_s,1,01-11-15,19:33:05,12.5,12.5,S,Supreme,"Prosciutto di San Daniele, Arugula, Mozzarella Cheese",The Prosciutto and Arugula Pizza
1518,674,spinach_fet_m,1,01-11-15,19:33:05,16,16,M,Veggie,"Spinach, Mushrooms, Red Onions, Feta Cheese, Garlic",The Spinach and Feta Pizza
1519,675,napolitana_l,1,01-11-15,19:33:19,20.5,20.5,L,Classic,"Tomatoes, Anchovies, Green Olives, Red Onions, Garlic",The Napolitana Pizza
1520,676,mexicana_l,1,01-11-15,19:44:57,20.25,20.25,L,Veggie,"Tomatoes, Red Peppers, Jalapeno Peppers, Red Onions, Cilantro, Corn, Chipotle Sauce, Garlic",The Mexicana Pizza
1521,676,veggie_veg_m,1,01-11-15,19:44:57,16,16,M,Veggie,"Mushrooms, Tomatoes, Red Peppers, Green Peppers, Red Onions, Zucchini, Spinach, Garlic",The Vegetables + Vegetables Pizza
1522,677,peppr_salami_l,1,01-11-15,19:51:09,20.75,20.75,L,Supreme,"Genoa Salami, Capocollo, Pepperoni, Tomatoes, Asiago Cheese, Garlic",The Pepper Salami Pizza
1523,678,mexicana_s,1,01-11-15,19:52:49,12,12,S,Veggie,"Tomatoes, Red Peppers, Jalapeno Peppers, Red Onions, Cilantro, Corn, Chipotle Sauce, Garlic",The Mexicana Pizza
1524,678,napolitana_m,1,01-11-15,19:52:49,16,16,M,Classic,"Tomatoes, Anchovies, Green Olives, Red Onions, Garlic",The Napolitana Pizza
1525,678,spicy_ital_m,2,01-11-15,19:52:49,16.5,33,M,Supreme,"Capocollo, Tomatoes, Goat Cheese, Artichokes, Peperoncini verdi, Garlic",The Spicy Italian Pizza
1526,679,brie_carre_s,1,01-11-15,20:31:02,23.65,23.65,S,Supreme,"Brie Carre Cheese, Prosciutto, Caramelized Onions, Pears, Thyme, Garlic",The Brie Carre Pizza
1527,679,four_cheese_m,1,01-11-15,20:31:02,14.75,14.75,M,Veggie,"Ricotta Cheese, Gorgonzola Piccante Cheese, Mozzarella Cheese, Parmigiano Reggiano Cheese, Garlic",The Four Cheese Pizza
1528,679,ital_supr_l,1,01-11-15,20:31:02,20.75,20.75,L,Supreme,"Calabrese Salami, Capocollo, Tomatoes, Red Onions, Green Olives, Garlic",The Italian Supreme Pizza
1529,679,mediterraneo_l,1,01-11-15,20:31:02,20.25,20.25,L,Veggie,"Spinach, Artichokes, Kalamata Olives, Sun-dried Tomatoes, Feta Cheese, Plum Tomatoes, Red Onions",The Mediterranean Pizza
1530,680,ckn_pesto_s,1,01-11-15,21:07:30,12.75,12.75,S,Chicken,"Chicken, Tomatoes, Red Peppers, Spinach, Garlic, Pesto Sauce",The Chicken Pesto Pizza
1531,680,sicilian_m,1,01-11-15,21:07:30,16.25,16.25,M,Supreme,"Coarse Sicilian Salami, Tomatoes, Green Olives, Luganega Sausage, Onions, Garlic",The Sicilian Pizza
1532,681,peppr_salami_l,1,01-11-15,21:29:50,20.75,20.75,L,Supreme,"Genoa Salami, Capocollo, Pepperoni, Tomatoes, Asiago Cheese, Garlic",The Pepper Salami Pizza
1533,682,ital_supr_l,1,01-12-15,11:38:15,20.75,20.75,L,Supreme,"Calabrese Salami, Capocollo, Tomatoes, Red Onions, Green Olives, Garlic",The Italian Supreme Pizza
1534,683,ckn_pesto_l,1,01-12-15,11:39:08,20.75,20.75,L,Chicken,"Chicken, Tomatoes, Red Peppers, Spinach, Garlic, Pesto Sauce",The Chicken Pesto Pizza
1535,683,ital_veggie_s,1,01-12-15,11:39:08,12.75,12.75,S,Veggie,"Eggplant, Artichokes, Tomatoes, Zucchini, Red Peppers, Garlic, Pesto Sauce",The Italian Vegetables Pizza
1536,683,peppr_salami_m,1,01-12-15,11:39:08,16.5,16.5,M,Supreme,"Genoa Salami, Capocollo, Pepperoni, Tomatoes, Asiago Cheese, Garlic",The Pepper Salami Pizza
1537,684,four_cheese_l,1,01-12-15,12:01:23,17.95,17.95,L,Veggie,"Ricotta Cheese, Gorgonzola Piccante Cheese, Mozzarella Cheese, Parmigiano Reggiano Cheese, Garlic",The Four Cheese Pizza
1538,685,soppressata_l,1,01-12-15,12:11:46,20.75,20.75,L,Supreme,"Soppressata Salami, Fontina Cheese, Mozzarella Cheese, Mushrooms, Garlic",The Soppressata Pizza
1539,686,big_meat_s,1,01-12-15,12:13:07,12,12,S,Classic,"Bacon, Pepperoni, Italian Sausage, Chorizo Sausage",The Big Meat Pizza
1540,687,ital_veggie_m,1,01-12-15,12:21:09,16.75,16.75,M,Veggie,"Eggplant, Artichokes, Tomatoes, Zucchini, Red Peppers, Garlic, Pesto Sauce",The Italian Vegetables Pizza
1541,688,spicy_ital_l,1,01-12-15,12:26:41,20.75,20.75,L,Supreme,"Capocollo, Tomatoes, Goat Cheese, Artichokes, Peperoncini verdi, Garlic",The Spicy Italian Pizza
1542,688,spinach_supr_m,1,01-12-15,12:26:41,16.5,16.5,M,Supreme,"Spinach, Red Onions, Pepperoni, Tomatoes, Artichokes, Kalamata Olives, Garlic, Asiago Cheese",The Spinach Supreme Pizza
1543,689,thai_ckn_l,1,01-12-15,12:33:22,20.75,20.75,L,Chicken,"Chicken, Pineapple, Tomatoes, Red Peppers, Thai Sweet Chilli Sauce",The Thai Chicken Pizza
1544,689,thai_ckn_m,1,01-12-15,12:33:22,16.75,16.75,M,Chicken,"Chicken, Pineapple, Tomatoes, Red Peppers, Thai Sweet Chilli Sauce",The Thai Chicken Pizza
1545,690,pepperoni_m,1,01-12-15,12:42:10,12.5,12.5,M,Classic,"Mozzarella Cheese, Pepperoni",The Pepperoni Pizza
1546,691,bbq_ckn_l,1,01-12-15,12:45:53,20.75,20.75,L,Chicken,"Barbecued Chicken, Red Peppers, Green Peppers, Tomatoes, Red Onions, Barbecue Sauce",The Barbecue Chicken Pizza
1547,692,cali_ckn_m,1,01-12-15,12:53:37,16.75,16.75,M,Chicken,"Chicken, Artichoke, Spinach, Garlic, Jalapeno Peppers, Fontina Cheese, Gouda Cheese",The California Chicken Pizza
1548,692,ital_veggie_m,1,01-12-15,12:53:37,16.75,16.75,M,Veggie,"Eggplant, Artichokes, Tomatoes, Zucchini, Red Peppers, Garlic, Pesto Sauce",The Italian Vegetables Pizza
1549,693,bbq_ckn_l,1,01-12-15,13:04:24,20.75,20.75,L,Chicken,"Barbecued Chicken, Red Peppers, Green Peppers, Tomatoes, Red Onions, Barbecue Sauce",The Barbecue Chicken Pizza
1550,693,big_meat_s,1,01-12-15,13:04:24,12,12,S,Classic,"Bacon, Pepperoni, Italian Sausage, Chorizo Sausage",The Big Meat Pizza
1551,693,green_garden_m,1,01-12-15,13:04:24,16,16,M,Veggie,"Spinach, Mushrooms, Tomatoes, Green Olives, Feta Cheese",The Green Garden Pizza
1552,693,ital_cpcllo_s,1,01-12-15,13:04:24,12,12,S,Classic,"Capocollo, Red Peppers, Tomatoes, Goat Cheese, Garlic, Oregano",The Italian Capocollo Pizza
1553,694,ital_veggie_l,1,01-12-15,13:30:47,21,21,L,Veggie,"Eggplant, Artichokes, Tomatoes, Zucchini, Red Peppers, Garlic, Pesto Sauce",The Italian Vegetables Pizza
1554,694,pep_msh_pep_m,1,01-12-15,13:30:47,14.5,14.5,M,Classic,"Pepperoni, Mushrooms, Green Peppers","The Pepperoni, Mushroom, and Peppers Pizza"
1555,694,pepperoni_l,1,01-12-15,13:30:47,15.25,15.25,L,Classic,"Mozzarella Cheese, Pepperoni",The Pepperoni Pizza
1556,695,southw_ckn_s,1,01-12-15,13:33:06,12.75,12.75,S,Chicken,"Chicken, Tomatoes, Red Peppers, Red Onions, Jalapeno Peppers, Corn, Cilantro, Chipotle Sauce",The Southwest Chicken Pizza
1557,696,prsc_argla_m,1,01-12-15,13:49:40,16.5,16.5,M,Supreme,"Prosciutto di San Daniele, Arugula, Mozzarella Cheese",The Prosciutto and Arugula Pizza
1558,696,spicy_ital_s,1,01-12-15,13:49:40,12.5,12.5,S,Supreme,"Capocollo, Tomatoes, Goat Cheese, Artichokes, Peperoncini verdi, Garlic",The Spicy Italian Pizza
1559,697,classic_dlx_m,1,01-12-15,13:58:56,16,16,M,Classic,"Pepperoni, Mushrooms, Red Onions, Red Peppers, Bacon",The Classic Deluxe Pizza
1560,697,spin_pesto_s,1,01-12-15,13:58:56,12.5,12.5,S,Veggie,"Spinach, Artichokes, Tomatoes, Sun-dried Tomatoes, Garlic, Pesto Sauce",The Spinach Pesto Pizza
1561,698,big_meat_s,1,01-12-15,14:08:16,12,12,S,Classic,"Bacon, Pepperoni, Italian Sausage, Chorizo Sausage",The Big Meat Pizza
1562,698,pep_msh_pep_l,1,01-12-15,14:08:16,17.5,17.5,L,Classic,"Pepperoni, Mushrooms, Green Peppers","The Pepperoni, Mushroom, and Peppers Pizza"
1563,698,thai_ckn_l,1,01-12-15,14:08:16,20.75,20.75,L,Chicken,"Chicken, Pineapple, Tomatoes, Red Peppers, Thai Sweet Chilli Sauce",The Thai Chicken Pizza
1564,699,pepperoni_s,1,01-12-15,14:27:03,9.75,9.75,S,Classic,"Mozzarella Cheese, Pepperoni",The Pepperoni Pizza
1565,700,brie_carre_s,1,01-12-15,14:31:13,23.65,23.65,S,Supreme,"Brie Carre Cheese, Prosciutto, Caramelized Onions, Pears, Thyme, Garlic",The Brie Carre Pizza
1566,700,ckn_pesto_s,1,01-12-15,14:31:13,12.75,12.75,S,Chicken,"Chicken, Tomatoes, Red Peppers, Spinach, Garlic, Pesto Sauce",The Chicken Pesto Pizza
1567,700,ital_cpcllo_l,1,01-12-15,14:31:13,20.5,20.5,L,Classic,"Capocollo, Red Peppers, Tomatoes, Goat Cheese, Garlic, Oregano",The Italian Capocollo Pizza
1568,700,peppr_salami_s,1,01-12-15,14:31:13,12.5,12.5,S,Supreme,"Genoa Salami, Capocollo, Pepperoni, Tomatoes, Asiago Cheese, Garlic",The Pepper Salami Pizza
1569,700,sicilian_s,1,01-12-15,14:31:13,12.25,12.25,S,Supreme,"Coarse Sicilian Salami, Tomatoes, Green Olives, Luganega Sausage, Onions, Garlic",The Sicilian Pizza
1570,701,hawaiian_s,1,01-12-15,14:33:39,10.5,10.5,S,Classic,"Sliced Ham, Pineapple, Mozzarella Cheese",The Hawaiian Pizza
1571,701,prsc_argla_s,1,01-12-15,14:33:39,12.5,12.5,S,Supreme,"Prosciutto di San Daniele, Arugula, Mozzarella Cheese",The Prosciutto and Arugula Pizza
1572,702,bbq_ckn_s,1,01-12-15,14:38:35,12.75,12.75,S,Chicken,"Barbecued Chicken, Red Peppers, Green Peppers, Tomatoes, Red Onions, Barbecue Sauce",The Barbecue Chicken Pizza
1573,702,sicilian_s,1,01-12-15,14:38:35,12.25,12.25,S,Supreme,"Coarse Sicilian Salami, Tomatoes, Green Olives, Luganega Sausage, Onions, Garlic",The Sicilian Pizza
1574,703,peppr_salami_s,1,01-12-15,15:08:01,12.5,12.5,S,Supreme,"Genoa Salami, Capocollo, Pepperoni, Tomatoes, Asiago Cheese, Garlic",The Pepper Salami Pizza
1575,704,calabrese_m,1,01-12-15,15:28:25,16.25,16.25,M,Supreme,"æ…›duja Salami, Pancetta, Tomatoes, Red Onions, Friggitello Peppers, Garlic",The Calabrese Pizza
1576,704,mediterraneo_l,1,01-12-15,15:28:25,20.25,20.25,L,Veggie,"Spinach, Artichokes, Kalamata Olives, Sun-dried Tomatoes, Feta Cheese, Plum Tomatoes, Red Onions",The Mediterranean Pizza
1577,705,green_garden_s,1,01-12-15,15:31:00,12,12,S,Veggie,"Spinach, Mushrooms, Tomatoes, Green Olives, Feta Cheese",The Green Garden Pizza
1578,705,ital_supr_m,1,01-12-15,15:31:00,16.5,16.5,M,Supreme,"Calabrese Salami, Capocollo, Tomatoes, Red Onions, Green Olives, Garlic",The Italian Supreme Pizza
1579,705,southw_ckn_m,1,01-12-15,15:31:00,16.75,16.75,M,Chicken,"Chicken, Tomatoes, Red Peppers, Red Onions, Jalapeno Peppers, Corn, Cilantro, Chipotle Sauce",The Southwest Chicken Pizza
1580,706,cali_ckn_s,1,01-12-15,15:39:04,12.75,12.75,S,Chicken,"Chicken, Artichoke, Spinach, Garlic, Jalapeno Peppers, Fontina Cheese, Gouda Cheese",The California Chicken Pizza
1581,706,napolitana_l,1,01-12-15,15:39:04,20.5,20.5,L,Classic,"Tomatoes, Anchovies, Green Olives, Red Onions, Garlic",The Napolitana Pizza
1582,707,bbq_ckn_m,1,01-12-15,15:41:32,16.75,16.75,M,Chicken,"Barbecued Chicken, Red Peppers, Green Peppers, Tomatoes, Red Onions, Barbecue Sauce",The Barbecue Chicken Pizza
1583,707,peppr_salami_l,1,01-12-15,15:41:32,20.75,20.75,L,Supreme,"Genoa Salami, Capocollo, Pepperoni, Tomatoes, Asiago Cheese, Garlic",The Pepper Salami Pizza
1584,707,southw_ckn_l,1,01-12-15,15:41:32,20.75,20.75,L,Chicken,"Chicken, Tomatoes, Red Peppers, Red Onions, Jalapeno Peppers, Corn, Cilantro, Chipotle Sauce",The Southwest Chicken Pizza
1585,708,four_cheese_l,1,01-12-15,15:52:44,17.95,17.95,L,Veggie,"Ricotta Cheese, Gorgonzola Piccante Cheese, Mozzarella Cheese, Parmigiano Reggiano Cheese, Garlic",The Four Cheese Pizza
1586,709,bbq_ckn_s,1,01-12-15,15:53:56,12.75,12.75,S,Chicken,"Barbecued Chicken, Red Peppers, Green Peppers, Tomatoes, Red Onions, Barbecue Sauce",The Barbecue Chicken Pizza
1587,710,hawaiian_l,1,01-12-15,15:59:52,16.5,16.5,L,Classic,"Sliced Ham, Pineapple, Mozzarella Cheese",The Hawaiian Pizza
1588,710,southw_ckn_l,1,01-12-15,15:59:52,20.75,20.75,L,Chicken,"Chicken, Tomatoes, Red Peppers, Red Onions, Jalapeno Peppers, Corn, Cilantro, Chipotle Sauce",The Southwest Chicken Pizza
1589,710,the_greek_s,1,01-12-15,15:59:52,12,12,S,Classic,"Kalamata Olives, Feta Cheese, Tomatoes, Garlic, Beef Chuck Roast, Red Onions",The Greek Pizza
1590,710,the_greek_xl,1,01-12-15,15:59:52,25.5,25.5,XL,Classic,"Kalamata Olives, Feta Cheese, Tomatoes, Garlic, Beef Chuck Roast, Red Onions",The Greek Pizza
1591,711,ckn_alfredo_m,1,01-12-15,16:21:10,16.75,16.75,M,Chicken,"Chicken, Red Onions, Red Peppers, Mushrooms, Asiago Cheese, Alfredo Sauce",The Chicken Alfredo Pizza
1592,711,mexicana_l,1,01-12-15,16:21:10,20.25,20.25,L,Veggie,"Tomatoes, Red Peppers, Jalapeno Peppers, Red Onions, Cilantro, Corn, Chipotle Sauce, Garlic",The Mexicana Pizza
1593,711,pep_msh_pep_m,1,01-12-15,16:21:10,14.5,14.5,M,Classic,"Pepperoni, Mushrooms, Green Peppers","The Pepperoni, Mushroom, and Peppers Pizza"
1594,711,sicilian_l,1,01-12-15,16:21:10,20.25,20.25,L,Supreme,"Coarse Sicilian Salami, Tomatoes, Green Olives, Luganega Sausage, Onions, Garlic",The Sicilian Pizza
1595,712,ital_veggie_l,1,01-12-15,16:22:18,21,21,L,Veggie,"Eggplant, Artichokes, Tomatoes, Zucchini, Red Peppers, Garlic, Pesto Sauce",The Italian Vegetables Pizza
1596,713,five_cheese_l,1,01-12-15,16:31:56,18.5,18.5,L,Veggie,"Mozzarella Cheese, Provolone Cheese, Smoked Gouda Cheese, Romano Cheese, Blue Cheese, Garlic",The Five Cheese Pizza
1597,713,mediterraneo_s,1,01-12-15,16:31:56,12,12,S,Veggie,"Spinach, Artichokes, Kalamata Olives, Sun-dried Tomatoes, Feta Cheese, Plum Tomatoes, Red Onions",The Mediterranean Pizza
1598,714,classic_dlx_m,1,01-12-15,16:55:08,16,16,M,Classic,"Pepperoni, Mushrooms, Red Onions, Red Peppers, Bacon",The Classic Deluxe Pizza
1599,714,hawaiian_l,1,01-12-15,16:55:08,16.5,16.5,L,Classic,"Sliced Ham, Pineapple, Mozzarella Cheese",The Hawaiian Pizza
1600,714,hawaiian_s,1,01-12-15,16:55:08,10.5,10.5,S,Classic,"Sliced Ham, Pineapple, Mozzarella Cheese",The Hawaiian Pizza
1601,714,ital_cpcllo_l,1,01-12-15,16:55:08,20.5,20.5,L,Classic,"Capocollo, Red Peppers, Tomatoes, Goat Cheese, Garlic, Oregano",The Italian Capocollo Pizza
1602,715,pepperoni_m,1,01-12-15,17:05:33,12.5,12.5,M,Classic,"Mozzarella Cheese, Pepperoni",The Pepperoni Pizza
1603,715,peppr_salami_m,1,01-12-15,17:05:33,16.5,16.5,M,Supreme,"Genoa Salami, Capocollo, Pepperoni, Tomatoes, Asiago Cheese, Garlic",The Pepper Salami Pizza
1604,715,spinach_fet_m,1,01-12-15,17:05:33,16,16,M,Veggie,"Spinach, Mushrooms, Red Onions, Feta Cheese, Garlic",The Spinach and Feta Pizza
1605,716,big_meat_s,1,01-12-15,17:06:05,12,12,S,Classic,"Bacon, Pepperoni, Italian Sausage, Chorizo Sausage",The Big Meat Pizza
1606,717,bbq_ckn_m,1,01-12-15,17:24:44,16.75,16.75,M,Chicken,"Barbecued Chicken, Red Peppers, Green Peppers, Tomatoes, Red Onions, Barbecue Sauce",The Barbecue Chicken Pizza
1607,717,southw_ckn_l,1,01-12-15,17:24:44,20.75,20.75,L,Chicken,"Chicken, Tomatoes, Red Peppers, Red Onions, Jalapeno Peppers, Corn, Cilantro, Chipotle Sauce",The Southwest Chicken Pizza
1608,718,cali_ckn_m,1,01-12-15,17:46:30,16.75,16.75,M,Chicken,"Chicken, Artichoke, Spinach, Garlic, Jalapeno Peppers, Fontina Cheese, Gouda Cheese",The California Chicken Pizza
1609,718,southw_ckn_l,1,01-12-15,17:46:30,20.75,20.75,L,Chicken,"Chicken, Tomatoes, Red Peppers, Red Onions, Jalapeno Peppers, Corn, Cilantro, Chipotle Sauce",The Southwest Chicken Pizza
1610,719,bbq_ckn_l,1,01-12-15,17:52:27,20.75,20.75,L,Chicken,"Barbecued Chicken, Red Peppers, Green Peppers, Tomatoes, Red Onions, Barbecue Sauce",The Barbecue Chicken Pizza
1611,719,mexicana_s,1,01-12-15,17:52:27,12,12,S,Veggie,"Tomatoes, Red Peppers, Jalapeno Peppers, Red Onions, Cilantro, Corn, Chipotle Sauce, Garlic",The Mexicana Pizza
1612,720,green_garden_m,1,01-12-15,17:53:59,16,16,M,Veggie,"Spinach, Mushrooms, Tomatoes, Green Olives, Feta Cheese",The Green Garden Pizza
1613,720,napolitana_l,1,01-12-15,17:53:59,20.5,20.5,L,Classic,"Tomatoes, Anchovies, Green Olives, Red Onions, Garlic",The Napolitana Pizza
1614,720,pep_msh_pep_m,1,01-12-15,17:53:59,14.5,14.5,M,Classic,"Pepperoni, Mushrooms, Green Peppers","The Pepperoni, Mushroom, and Peppers Pizza"
1615,720,sicilian_m,1,01-12-15,17:53:59,16.25,16.25,M,Supreme,"Coarse Sicilian Salami, Tomatoes, Green Olives, Luganega Sausage, Onions, Garlic",The Sicilian Pizza
1616,721,classic_dlx_s,1,01-12-15,18:17:15,12,12,S,Classic,"Pepperoni, Mushrooms, Red Onions, Red Peppers, Bacon",The Classic Deluxe Pizza
1617,721,spicy_ital_l,1,01-12-15,18:17:15,20.75,20.75,L,Supreme,"Capocollo, Tomatoes, Goat Cheese, Artichokes, Peperoncini verdi, Garlic",The Spicy Italian Pizza
1618,722,napolitana_l,1,01-12-15,18:20:58,20.5,20.5,L,Classic,"Tomatoes, Anchovies, Green Olives, Red Onions, Garlic",The Napolitana Pizza
1619,722,spin_pesto_s,1,01-12-15,18:20:58,12.5,12.5,S,Veggie,"Spinach, Artichokes, Tomatoes, Sun-dried Tomatoes, Garlic, Pesto Sauce",The Spinach Pesto Pizza
1620,723,bbq_ckn_l,1,01-12-15,18:21:04,20.75,20.75,L,Chicken,"Barbecued Chicken, Red Peppers, Green Peppers, Tomatoes, Red Onions, Barbecue Sauce",The Barbecue Chicken Pizza
1621,723,pepperoni_s,1,01-12-15,18:21:04,9.75,9.75,S,Classic,"Mozzarella Cheese, Pepperoni",The Pepperoni Pizza
1622,724,big_meat_s,1,01-12-15,18:24:47,12,12,S,Classic,"Bacon, Pepperoni, Italian Sausage, Chorizo Sausage",The Big Meat Pizza
1623,724,green_garden_m,1,01-12-15,18:24:47,16,16,M,Veggie,"Spinach, Mushrooms, Tomatoes, Green Olives, Feta Cheese",The Green Garden Pizza
1624,724,southw_ckn_l,2,01-12-15,18:24:47,20.75,41.5,L,Chicken,"Chicken, Tomatoes, Red Peppers, Red Onions, Jalapeno Peppers, Corn, Cilantro, Chipotle Sauce",The Southwest Chicken Pizza
1625,725,big_meat_s,1,01-12-15,18:33:14,12,12,S,Classic,"Bacon, Pepperoni, Italian Sausage, Chorizo Sausage",The Big Meat Pizza
1626,725,mexicana_s,1,01-12-15,18:33:14,12,12,S,Veggie,"Tomatoes, Red Peppers, Jalapeno Peppers, Red Onions, Cilantro, Corn, Chipotle Sauce, Garlic",The Mexicana Pizza
1627,725,thai_ckn_l,1,01-12-15,18:33:14,20.75,20.75,L,Chicken,"Chicken, Pineapple, Tomatoes, Red Peppers, Thai Sweet Chilli Sauce",The Thai Chicken Pizza
1628,725,the_greek_xl,1,01-12-15,18:33:14,25.5,25.5,XL,Classic,"Kalamata Olives, Feta Cheese, Tomatoes, Garlic, Beef Chuck Roast, Red Onions",The Greek Pizza
1629,726,sicilian_s,1,01-12-15,18:34:25,12.25,12.25,S,Supreme,"Coarse Sicilian Salami, Tomatoes, Green Olives, Luganega Sausage, Onions, Garlic",The Sicilian Pizza
1630,727,sicilian_s,1,01-12-15,18:44:57,12.25,12.25,S,Supreme,"Coarse Sicilian Salami, Tomatoes, Green Olives, Luganega Sausage, Onions, Garlic",The Sicilian Pizza
1631,728,southw_ckn_m,1,01-12-15,18:53:17,16.75,16.75,M,Chicken,"Chicken, Tomatoes, Red Peppers, Red Onions, Jalapeno Peppers, Corn, Cilantro, Chipotle Sauce",The Southwest Chicken Pizza
1632,728,thai_ckn_s,1,01-12-15,18:53:17,12.75,12.75,S,Chicken,"Chicken, Pineapple, Tomatoes, Red Peppers, Thai Sweet Chilli Sauce",The Thai Chicken Pizza
1633,728,the_greek_m,1,01-12-15,18:53:17,16,16,M,Classic,"Kalamata Olives, Feta Cheese, Tomatoes, Garlic, Beef Chuck Roast, Red Onions",The Greek Pizza
1634,729,classic_dlx_m,1,01-12-15,19:20:41,16,16,M,Classic,"Pepperoni, Mushrooms, Red Onions, Red Peppers, Bacon",The Classic Deluxe Pizza
1635,729,hawaiian_l,1,01-12-15,19:20:41,16.5,16.5,L,Classic,"Sliced Ham, Pineapple, Mozzarella Cheese",The Hawaiian Pizza
1636,729,sicilian_s,1,01-12-15,19:20:41,12.25,12.25,S,Supreme,"Coarse Sicilian Salami, Tomatoes, Green Olives, Luganega Sausage, Onions, Garlic",The Sicilian Pizza
1637,730,ital_supr_m,1,01-12-15,19:22:00,16.5,16.5,M,Supreme,"Calabrese Salami, Capocollo, Tomatoes, Red Onions, Green Olives, Garlic",The Italian Supreme Pizza
1638,731,sicilian_m,1,01-12-15,19:27:47,16.25,16.25,M,Supreme,"Coarse Sicilian Salami, Tomatoes, Green Olives, Luganega Sausage, Onions, Garlic",The Sicilian Pizza
1639,731,veggie_veg_s,1,01-12-15,19:27:47,12,12,S,Veggie,"Mushrooms, Tomatoes, Red Peppers, Green Peppers, Red Onions, Zucchini, Spinach, Garlic",The Vegetables + Vegetables Pizza
1640,732,spinach_fet_l,1,01-12-15,19:30:17,20.25,20.25,L,Veggie,"Spinach, Mushrooms, Red Onions, Feta Cheese, Garlic",The Spinach and Feta Pizza
1641,733,cali_ckn_s,1,01-12-15,19:57:36,12.75,12.75,S,Chicken,"Chicken, Artichoke, Spinach, Garlic, Jalapeno Peppers, Fontina Cheese, Gouda Cheese",The California Chicken Pizza
1642,733,ital_cpcllo_l,1,01-12-15,19:57:36,20.5,20.5,L,Classic,"Capocollo, Red Peppers, Tomatoes, Goat Cheese, Garlic, Oregano",The Italian Capocollo Pizza
1643,733,pepperoni_s,1,01-12-15,19:57:36,9.75,9.75,S,Classic,"Mozzarella Cheese, Pepperoni",The Pepperoni Pizza
1644,733,thai_ckn_l,1,01-12-15,19:57:36,20.75,20.75,L,Chicken,"Chicken, Pineapple, Tomatoes, Red Peppers, Thai Sweet Chilli Sauce",The Thai Chicken Pizza
1645,734,pepperoni_s,1,01-12-15,20:00:30,9.75,9.75,S,Classic,"Mozzarella Cheese, Pepperoni",The Pepperoni Pizza
1646,735,ckn_pesto_s,1,01-12-15,20:35:34,12.75,12.75,S,Chicken,"Chicken, Tomatoes, Red Peppers, Spinach, Garlic, Pesto Sauce",The Chicken Pesto Pizza
1647,735,pep_msh_pep_m,1,01-12-15,20:35:34,14.5,14.5,M,Classic,"Pepperoni, Mushrooms, Green Peppers","The Pepperoni, Mushroom, and Peppers Pizza"
1648,735,pep_msh_pep_s,1,01-12-15,20:35:34,11,11,S,Classic,"Pepperoni, Mushrooms, Green Peppers","The Pepperoni, Mushroom, and Peppers Pizza"
1649,736,five_cheese_l,1,01-12-15,21:35:14,18.5,18.5,L,Veggie,"Mozzarella Cheese, Provolone Cheese, Smoked Gouda Cheese, Romano Cheese, Blue Cheese, Garlic",The Five Cheese Pizza
1650,736,veggie_veg_s,1,01-12-15,21:35:14,12,12,S,Veggie,"Mushrooms, Tomatoes, Red Peppers, Green Peppers, Red Onions, Zucchini, Spinach, Garlic",The Vegetables + Vegetables Pizza
1651,737,bbq_ckn_m,1,1/13/2015,11:31:34,16.75,16.75,M,Chicken,"Barbecued Chicken, Red Peppers, Green Peppers, Tomatoes, Red Onions, Barbecue Sauce",The Barbecue Chicken Pizza
1652,737,thai_ckn_m,1,1/13/2015,11:31:34,16.75,16.75,M,Chicken,"Chicken, Pineapple, Tomatoes, Red Peppers, Thai Sweet Chilli Sauce",The Thai Chicken Pizza
1653,738,southw_ckn_m,1,1/13/2015,12:16:47,16.75,16.75,M,Chicken,"Chicken, Tomatoes, Red Peppers, Red Onions, Jalapeno Peppers, Corn, Cilantro, Chipotle Sauce",The Southwest Chicken Pizza
1654,739,big_meat_s,1,1/13/2015,12:19:38,12,12,S,Classic,"Bacon, Pepperoni, Italian Sausage, Chorizo Sausage",The Big Meat Pizza
1655,740,cali_ckn_m,1,1/13/2015,12:29:51,16.75,16.75,M,Chicken,"Chicken, Artichoke, Spinach, Garlic, Jalapeno Peppers, Fontina Cheese, Gouda Cheese",The California Chicken Pizza
1656,740,ckn_pesto_l,1,1/13/2015,12:29:51,20.75,20.75,L,Chicken,"Chicken, Tomatoes, Red Peppers, Spinach, Garlic, Pesto Sauce",The Chicken Pesto Pizza
1657,740,five_cheese_l,2,1/13/2015,12:29:51,18.5,37,L,Veggie,"Mozzarella Cheese, Provolone Cheese, Smoked Gouda Cheese, Romano Cheese, Blue Cheese, Garlic",The Five Cheese Pizza
1658,740,four_cheese_l,1,1/13/2015,12:29:51,17.95,17.95,L,Veggie,"Ricotta Cheese, Gorgonzola Piccante Cheese, Mozzarella Cheese, Parmigiano Reggiano Cheese, Garlic",The Four Cheese Pizza
1659,740,ital_cpcllo_l,2,1/13/2015,12:29:51,20.5,41,L,Classic,"Capocollo, Red Peppers, Tomatoes, Goat Cheese, Garlic, Oregano",The Italian Capocollo Pizza
1660,740,ital_supr_m,1,1/13/2015,12:29:51,16.5,16.5,M,Supreme,"Calabrese Salami, Capocollo, Tomatoes, Red Onions, Green Olives, Garlic",The Italian Supreme Pizza
1661,740,napolitana_l,1,1/13/2015,12:29:51,20.5,20.5,L,Classic,"Tomatoes, Anchovies, Green Olives, Red Onions, Garlic",The Napolitana Pizza
1662,740,prsc_argla_m,1,1/13/2015,12:29:51,16.5,16.5,M,Supreme,"Prosciutto di San Daniele, Arugula, Mozzarella Cheese",The Prosciutto and Arugula Pizza
1663,740,sicilian_l,1,1/13/2015,12:29:51,20.25,20.25,L,Supreme,"Coarse Sicilian Salami, Tomatoes, Green Olives, Luganega Sausage, Onions, Garlic",The Sicilian Pizza
1664,740,spinach_fet_l,1,1/13/2015,12:29:51,20.25,20.25,L,Veggie,"Spinach, Mushrooms, Red Onions, Feta Cheese, Garlic",The Spinach and Feta Pizza
1665,740,spinach_fet_m,1,1/13/2015,12:29:51,16,16,M,Veggie,"Spinach, Mushrooms, Red Onions, Feta Cheese, Garlic",The Spinach and Feta Pizza
1666,740,spinach_fet_s,1,1/13/2015,12:29:51,12,12,S,Veggie,"Spinach, Mushrooms, Red Onions, Feta Cheese, Garlic",The Spinach and Feta Pizza
1667,740,the_greek_xl,1,1/13/2015,12:29:51,25.5,25.5,XL,Classic,"Kalamata Olives, Feta Cheese, Tomatoes, Garlic, Beef Chuck Roast, Red Onions",The Greek Pizza
1668,741,napolitana_m,1,1/13/2015,12:49:09,16,16,M,Classic,"Tomatoes, Anchovies, Green Olives, Red Onions, Garlic",The Napolitana Pizza
1669,742,bbq_ckn_l,1,1/13/2015,12:53:01,20.75,20.75,L,Chicken,"Barbecued Chicken, Red Peppers, Green Peppers, Tomatoes, Red Onions, Barbecue Sauce",The Barbecue Chicken Pizza
1670,743,napolitana_l,1,1/13/2015,13:08:32,20.5,20.5,L,Classic,"Tomatoes, Anchovies, Green Olives, Red Onions, Garlic",The Napolitana Pizza
1671,744,peppr_salami_m,1,1/13/2015,13:34:48,16.5,16.5,M,Supreme,"Genoa Salami, Capocollo, Pepperoni, Tomatoes, Asiago Cheese, Garlic",The Pepper Salami Pizza
1672,745,bbq_ckn_l,1,1/13/2015,13:36:53,20.75,20.75,L,Chicken,"Barbecued Chicken, Red Peppers, Green Peppers, Tomatoes, Red Onions, Barbecue Sauce",The Barbecue Chicken Pizza
1673,745,cali_ckn_m,1,1/13/2015,13:36:53,16.75,16.75,M,Chicken,"Chicken, Artichoke, Spinach, Garlic, Jalapeno Peppers, Fontina Cheese, Gouda Cheese",The California Chicken Pizza
1674,745,classic_dlx_m,1,1/13/2015,13:36:53,16,16,M,Classic,"Pepperoni, Mushrooms, Red Onions, Red Peppers, Bacon",The Classic Deluxe Pizza
1675,745,four_cheese_m,1,1/13/2015,13:36:53,14.75,14.75,M,Veggie,"Ricotta Cheese, Gorgonzola Piccante Cheese, Mozzarella Cheese, Parmigiano Reggiano Cheese, Garlic",The Four Cheese Pizza
1676,745,mediterraneo_m,1,1/13/2015,13:36:53,16,16,M,Veggie,"Spinach, Artichokes, Kalamata Olives, Sun-dried Tomatoes, Feta Cheese, Plum Tomatoes, Red Onions",The Mediterranean Pizza
1677,745,napolitana_l,1,1/13/2015,13:36:53,20.5,20.5,L,Classic,"Tomatoes, Anchovies, Green Olives, Red Onions, Garlic",The Napolitana Pizza
1678,745,the_greek_m,1,1/13/2015,13:36:53,16,16,M,Classic,"Kalamata Olives, Feta Cheese, Tomatoes, Garlic, Beef Chuck Roast, Red Onions",The Greek Pizza
1679,746,spicy_ital_l,1,1/13/2015,13:41:13,20.75,20.75,L,Supreme,"Capocollo, Tomatoes, Goat Cheese, Artichokes, Peperoncini verdi, Garlic",The Spicy Italian Pizza
1680,746,veggie_veg_m,1,1/13/2015,13:41:13,16,16,M,Veggie,"Mushrooms, Tomatoes, Red Peppers, Green Peppers, Red Onions, Zucchini, Spinach, Garlic",The Vegetables + Vegetables Pizza
1681,747,mexicana_l,1,1/13/2015,14:15:02,20.25,20.25,L,Veggie,"Tomatoes, Red Peppers, Jalapeno Peppers, Red Onions, Cilantro, Corn, Chipotle Sauce, Garlic",The Mexicana Pizza
1682,747,sicilian_s,1,1/13/2015,14:15:02,12.25,12.25,S,Supreme,"Coarse Sicilian Salami, Tomatoes, Green Olives, Luganega Sausage, Onions, Garlic",The Sicilian Pizza
1683,747,spicy_ital_l,1,1/13/2015,14:15:02,20.75,20.75,L,Supreme,"Capocollo, Tomatoes, Goat Cheese, Artichokes, Peperoncini verdi, Garlic",The Spicy Italian Pizza
1684,748,five_cheese_l,1,1/13/2015,14:27:31,18.5,18.5,L,Veggie,"Mozzarella Cheese, Provolone Cheese, Smoked Gouda Cheese, Romano Cheese, Blue Cheese, Garlic",The Five Cheese Pizza
1685,749,pepperoni_m,1,1/13/2015,14:29:23,12.5,12.5,M,Classic,"Mozzarella Cheese, Pepperoni",The Pepperoni Pizza
1686,750,pep_msh_pep_m,1,1/13/2015,14:48:09,14.5,14.5,M,Classic,"Pepperoni, Mushrooms, Green Peppers","The Pepperoni, Mushroom, and Peppers Pizza"
1687,751,calabrese_l,1,1/13/2015,15:07:35,20.25,20.25,L,Supreme,"æ…›duja Salami, Pancetta, Tomatoes, Red Onions, Friggitello Peppers, Garlic",The Calabrese Pizza
1688,751,hawaiian_s,1,1/13/2015,15:07:35,10.5,10.5,S,Classic,"Sliced Ham, Pineapple, Mozzarella Cheese",The Hawaiian Pizza
1689,751,napolitana_s,1,1/13/2015,15:07:35,12,12,S,Classic,"Tomatoes, Anchovies, Green Olives, Red Onions, Garlic",The Napolitana Pizza
1690,751,veggie_veg_m,1,1/13/2015,15:07:35,16,16,M,Veggie,"Mushrooms, Tomatoes, Red Peppers, Green Peppers, Red Onions, Zucchini, Spinach, Garlic",The Vegetables + Vegetables Pizza
1691,752,hawaiian_s,1,1/13/2015,15:19:25,10.5,10.5,S,Classic,"Sliced Ham, Pineapple, Mozzarella Cheese",The Hawaiian Pizza
1692,752,soppressata_s,1,1/13/2015,15:19:25,12.5,12.5,S,Supreme,"Soppressata Salami, Fontina Cheese, Mozzarella Cheese, Mushrooms, Garlic",The Soppressata Pizza
1693,753,green_garden_s,1,1/13/2015,15:22:11,12,12,S,Veggie,"Spinach, Mushrooms, Tomatoes, Green Olives, Feta Cheese",The Green Garden Pizza
1694,753,hawaiian_s,1,1/13/2015,15:22:11,10.5,10.5,S,Classic,"Sliced Ham, Pineapple, Mozzarella Cheese",The Hawaiian Pizza
1695,753,ital_supr_m,1,1/13/2015,15:22:11,16.5,16.5,M,Supreme,"Calabrese Salami, Capocollo, Tomatoes, Red Onions, Green Olives, Garlic",The Italian Supreme Pizza
1696,753,prsc_argla_l,1,1/13/2015,15:22:11,20.75,20.75,L,Supreme,"Prosciutto di San Daniele, Arugula, Mozzarella Cheese",The Prosciutto and Arugula Pizza
1697,754,pep_msh_pep_m,1,1/13/2015,15:47:56,14.5,14.5,M,Classic,"Pepperoni, Mushrooms, Green Peppers","The Pepperoni, Mushroom, and Peppers Pizza"
1698,754,southw_ckn_l,1,1/13/2015,15:47:56,20.75,20.75,L,Chicken,"Chicken, Tomatoes, Red Peppers, Red Onions, Jalapeno Peppers, Corn, Cilantro, Chipotle Sauce",The Southwest Chicken Pizza
1699,755,bbq_ckn_m,1,1/13/2015,15:50:49,16.75,16.75,M,Chicken,"Barbecued Chicken, Red Peppers, Green Peppers, Tomatoes, Red Onions, Barbecue Sauce",The Barbecue Chicken Pizza
1700,755,four_cheese_m,1,1/13/2015,15:50:49,14.75,14.75,M,Veggie,"Ricotta Cheese, Gorgonzola Piccante Cheese, Mozzarella Cheese, Parmigiano Reggiano Cheese, Garlic",The Four Cheese Pizza
1701,756,ckn_pesto_s,1,1/13/2015,15:55:11,12.75,12.75,S,Chicken,"Chicken, Tomatoes, Red Peppers, Spinach, Garlic, Pesto Sauce",The Chicken Pesto Pizza
1702,756,spin_pesto_m,1,1/13/2015,15:55:11,16.5,16.5,M,Veggie,"Spinach, Artichokes, Tomatoes, Sun-dried Tomatoes, Garlic, Pesto Sauce",The Spinach Pesto Pizza
1703,756,veggie_veg_s,1,1/13/2015,15:55:11,12,12,S,Veggie,"Mushrooms, Tomatoes, Red Peppers, Green Peppers, Red Onions, Zucchini, Spinach, Garlic",The Vegetables + Vegetables Pizza
1704,757,napolitana_l,1,1/13/2015,16:10:34,20.5,20.5,L,Classic,"Tomatoes, Anchovies, Green Olives, Red Onions, Garlic",The Napolitana Pizza
1705,757,pepperoni_m,1,1/13/2015,16:10:34,12.5,12.5,M,Classic,"Mozzarella Cheese, Pepperoni",The Pepperoni Pizza
1706,757,spicy_ital_l,1,1/13/2015,16:10:34,20.75,20.75,L,Supreme,"Capocollo, Tomatoes, Goat Cheese, Artichokes, Peperoncini verdi, Garlic",The Spicy Italian Pizza
1707,757,veggie_veg_m,1,1/13/2015,16:10:34,16,16,M,Veggie,"Mushrooms, Tomatoes, Red Peppers, Green Peppers, Red Onions, Zucchini, Spinach, Garlic",The Vegetables + Vegetables Pizza
1708,758,four_cheese_m,1,1/13/2015,16:14:43,14.75,14.75,M,Veggie,"Ricotta Cheese, Gorgonzola Piccante Cheese, Mozzarella Cheese, Parmigiano Reggiano Cheese, Garlic",The Four Cheese Pizza
1709,758,prsc_argla_s,1,1/13/2015,16:14:43,12.5,12.5,S,Supreme,"Prosciutto di San Daniele, Arugula, Mozzarella Cheese",The Prosciutto and Arugula Pizza
1710,759,calabrese_l,1,1/13/2015,16:14:56,20.25,20.25,L,Supreme,"æ…›duja Salami, Pancetta, Tomatoes, Red Onions, Friggitello Peppers, Garlic",The Calabrese Pizza
1711,760,cali_ckn_s,1,1/13/2015,16:27:40,12.75,12.75,S,Chicken,"Chicken, Artichoke, Spinach, Garlic, Jalapeno Peppers, Fontina Cheese, Gouda Cheese",The California Chicken Pizza
1712,761,sicilian_s,1,1/13/2015,16:30:20,12.25,12.25,S,Supreme,"Coarse Sicilian Salami, Tomatoes, Green Olives, Luganega Sausage, Onions, Garlic",The Sicilian Pizza
1713,761,soppressata_m,1,1/13/2015,16:30:20,16.5,16.5,M,Supreme,"Soppressata Salami, Fontina Cheese, Mozzarella Cheese, Mushrooms, Garlic",The Soppressata Pizza
1714,762,ital_cpcllo_l,1,1/13/2015,16:36:36,20.5,20.5,L,Classic,"Capocollo, Red Peppers, Tomatoes, Goat Cheese, Garlic, Oregano",The Italian Capocollo Pizza
1715,762,soppressata_l,1,1/13/2015,16:36:36,20.75,20.75,L,Supreme,"Soppressata Salami, Fontina Cheese, Mozzarella Cheese, Mushrooms, Garlic",The Soppressata Pizza
1716,762,thai_ckn_l,1,1/13/2015,16:36:36,20.75,20.75,L,Chicken,"Chicken, Pineapple, Tomatoes, Red Peppers, Thai Sweet Chilli Sauce",The Thai Chicken Pizza
1717,762,the_greek_xl,1,1/13/2015,16:36:36,25.5,25.5,XL,Classic,"Kalamata Olives, Feta Cheese, Tomatoes, Garlic, Beef Chuck Roast, Red Onions",The Greek Pizza
1718,763,classic_dlx_m,1,1/13/2015,16:38:57,16,16,M,Classic,"Pepperoni, Mushrooms, Red Onions, Red Peppers, Bacon",The Classic Deluxe Pizza
1719,764,ital_supr_m,1,1/13/2015,16:39:39,16.5,16.5,M,Supreme,"Calabrese Salami, Capocollo, Tomatoes, Red Onions, Green Olives, Garlic",The Italian Supreme Pizza
1720,764,the_greek_xl,1,1/13/2015,16:39:39,25.5,25.5,XL,Classic,"Kalamata Olives, Feta Cheese, Tomatoes, Garlic, Beef Chuck Roast, Red Onions",The Greek Pizza
1721,765,cali_ckn_s,1,1/13/2015,17:11:41,12.75,12.75,S,Chicken,"Chicken, Artichoke, Spinach, Garlic, Jalapeno Peppers, Fontina Cheese, Gouda Cheese",The California Chicken Pizza
1722,765,ital_cpcllo_l,1,1/13/2015,17:11:41,20.5,20.5,L,Classic,"Capocollo, Red Peppers, Tomatoes, Goat Cheese, Garlic, Oregano",The Italian Capocollo Pizza
1723,765,peppr_salami_s,1,1/13/2015,17:11:41,12.5,12.5,S,Supreme,"Genoa Salami, Capocollo, Pepperoni, Tomatoes, Asiago Cheese, Garlic",The Pepper Salami Pizza
1724,765,sicilian_s,1,1/13/2015,17:11:41,12.25,12.25,S,Supreme,"Coarse Sicilian Salami, Tomatoes, Green Olives, Luganega Sausage, Onions, Garlic",The Sicilian Pizza
1725,766,ital_veggie_s,1,1/13/2015,17:21:45,12.75,12.75,S,Veggie,"Eggplant, Artichokes, Tomatoes, Zucchini, Red Peppers, Garlic, Pesto Sauce",The Italian Vegetables Pizza
1726,766,mexicana_m,1,1/13/2015,17:21:45,16,16,M,Veggie,"Tomatoes, Red Peppers, Jalapeno Peppers, Red Onions, Cilantro, Corn, Chipotle Sauce, Garlic",The Mexicana Pizza
1727,766,southw_ckn_l,1,1/13/2015,17:21:45,20.75,20.75,L,Chicken,"Chicken, Tomatoes, Red Peppers, Red Onions, Jalapeno Peppers, Corn, Cilantro, Chipotle Sauce",The Southwest Chicken Pizza
1728,767,classic_dlx_l,1,1/13/2015,17:21:48,20.5,20.5,L,Classic,"Pepperoni, Mushrooms, Red Onions, Red Peppers, Bacon",The Classic Deluxe Pizza
1729,768,brie_carre_s,1,1/13/2015,17:23:34,23.65,23.65,S,Supreme,"Brie Carre Cheese, Prosciutto, Caramelized Onions, Pears, Thyme, Garlic",The Brie Carre Pizza
1730,769,four_cheese_m,1,1/13/2015,17:43:17,14.75,14.75,M,Veggie,"Ricotta Cheese, Gorgonzola Piccante Cheese, Mozzarella Cheese, Parmigiano Reggiano Cheese, Garlic",The Four Cheese Pizza
1731,770,peppr_salami_l,1,1/13/2015,17:44:13,20.75,20.75,L,Supreme,"Genoa Salami, Capocollo, Pepperoni, Tomatoes, Asiago Cheese, Garlic",The Pepper Salami Pizza
1732,770,sicilian_s,1,1/13/2015,17:44:13,12.25,12.25,S,Supreme,"Coarse Sicilian Salami, Tomatoes, Green Olives, Luganega Sausage, Onions, Garlic",The Sicilian Pizza
1733,771,cali_ckn_m,1,1/13/2015,17:59:32,16.75,16.75,M,Chicken,"Chicken, Artichoke, Spinach, Garlic, Jalapeno Peppers, Fontina Cheese, Gouda Cheese",The California Chicken Pizza
1734,771,sicilian_s,1,1/13/2015,17:59:32,12.25,12.25,S,Supreme,"Coarse Sicilian Salami, Tomatoes, Green Olives, Luganega Sausage, Onions, Garlic",The Sicilian Pizza
1735,772,ital_veggie_m,1,1/13/2015,18:07:59,16.75,16.75,M,Veggie,"Eggplant, Artichokes, Tomatoes, Zucchini, Red Peppers, Garlic, Pesto Sauce",The Italian Vegetables Pizza
1736,773,classic_dlx_m,1,1/13/2015,18:18:15,16,16,M,Classic,"Pepperoni, Mushrooms, Red Onions, Red Peppers, Bacon",The Classic Deluxe Pizza
1737,773,pep_msh_pep_l,1,1/13/2015,18:18:15,17.5,17.5,L,Classic,"Pepperoni, Mushrooms, Green Peppers","The Pepperoni, Mushroom, and Peppers Pizza"
1738,774,ckn_pesto_l,1,1/13/2015,18:31:07,20.75,20.75,L,Chicken,"Chicken, Tomatoes, Red Peppers, Spinach, Garlic, Pesto Sauce",The Chicken Pesto Pizza
1739,774,spinach_fet_s,1,1/13/2015,18:31:07,12,12,S,Veggie,"Spinach, Mushrooms, Red Onions, Feta Cheese, Garlic",The Spinach and Feta Pizza
1740,775,bbq_ckn_l,1,1/13/2015,18:42:12,20.75,20.75,L,Chicken,"Barbecued Chicken, Red Peppers, Green Peppers, Tomatoes, Red Onions, Barbecue Sauce",The Barbecue Chicken Pizza
1741,775,five_cheese_l,1,1/13/2015,18:42:12,18.5,18.5,L,Veggie,"Mozzarella Cheese, Provolone Cheese, Smoked Gouda Cheese, Romano Cheese, Blue Cheese, Garlic",The Five Cheese Pizza
1742,775,pep_msh_pep_s,1,1/13/2015,18:42:12,11,11,S,Classic,"Pepperoni, Mushrooms, Green Peppers","The Pepperoni, Mushroom, and Peppers Pizza"
1743,775,prsc_argla_m,1,1/13/2015,18:42:12,16.5,16.5,M,Supreme,"Prosciutto di San Daniele, Arugula, Mozzarella Cheese",The Prosciutto and Arugula Pizza
1744,776,spinach_fet_s,1,1/13/2015,18:50:43,12,12,S,Veggie,"Spinach, Mushrooms, Red Onions, Feta Cheese, Garlic",The Spinach and Feta Pizza
1745,776,thai_ckn_l,2,1/13/2015,18:50:43,20.75,41.5,L,Chicken,"Chicken, Pineapple, Tomatoes, Red Peppers, Thai Sweet Chilli Sauce",The Thai Chicken Pizza
1746,777,bbq_ckn_l,1,1/13/2015,19:10:20,20.75,20.75,L,Chicken,"Barbecued Chicken, Red Peppers, Green Peppers, Tomatoes, Red Onions, Barbecue Sauce",The Barbecue Chicken Pizza
1747,777,the_greek_m,1,1/13/2015,19:10:20,16,16,M,Classic,"Kalamata Olives, Feta Cheese, Tomatoes, Garlic, Beef Chuck Roast, Red Onions",The Greek Pizza
1748,778,four_cheese_m,1,1/13/2015,19:18:08,14.75,14.75,M,Veggie,"Ricotta Cheese, Gorgonzola Piccante Cheese, Mozzarella Cheese, Parmigiano Reggiano Cheese, Garlic",The Four Cheese Pizza
1749,778,ital_supr_m,1,1/13/2015,19:18:08,16.5,16.5,M,Supreme,"Calabrese Salami, Capocollo, Tomatoes, Red Onions, Green Olives, Garlic",The Italian Supreme Pizza
1750,778,prsc_argla_m,1,1/13/2015,19:18:08,16.5,16.5,M,Supreme,"Prosciutto di San Daniele, Arugula, Mozzarella Cheese",The Prosciutto and Arugula Pizza
1751,778,southw_ckn_m,1,1/13/2015,19:18:08,16.75,16.75,M,Chicken,"Chicken, Tomatoes, Red Peppers, Red Onions, Jalapeno Peppers, Corn, Cilantro, Chipotle Sauce",The Southwest Chicken Pizza
1752,779,classic_dlx_m,1,1/13/2015,19:19:58,16,16,M,Classic,"Pepperoni, Mushrooms, Red Onions, Red Peppers, Bacon",The Classic Deluxe Pizza
1753,779,ital_cpcllo_m,1,1/13/2015,19:19:58,16,16,M,Classic,"Capocollo, Red Peppers, Tomatoes, Goat Cheese, Garlic, Oregano",The Italian Capocollo Pizza
1754,779,ital_supr_l,1,1/13/2015,19:19:58,20.75,20.75,L,Supreme,"Calabrese Salami, Capocollo, Tomatoes, Red Onions, Green Olives, Garlic",The Italian Supreme Pizza
1755,779,ital_supr_m,1,1/13/2015,19:19:58,16.5,16.5,M,Supreme,"Calabrese Salami, Capocollo, Tomatoes, Red Onions, Green Olives, Garlic",The Italian Supreme Pizza
1756,780,big_meat_s,1,1/13/2015,20:12:49,12,12,S,Classic,"Bacon, Pepperoni, Italian Sausage, Chorizo Sausage",The Big Meat Pizza
1757,780,ital_cpcllo_l,1,1/13/2015,20:12:49,20.5,20.5,L,Classic,"Capocollo, Red Peppers, Tomatoes, Goat Cheese, Garlic, Oregano",The Italian Capocollo Pizza
1758,781,ital_cpcllo_l,1,1/13/2015,20:31:17,20.5,20.5,L,Classic,"Capocollo, Red Peppers, Tomatoes, Goat Cheese, Garlic, Oregano",The Italian Capocollo Pizza
1759,781,southw_ckn_l,1,1/13/2015,20:31:17,20.75,20.75,L,Chicken,"Chicken, Tomatoes, Red Peppers, Red Onions, Jalapeno Peppers, Corn, Cilantro, Chipotle Sauce",The Southwest Chicken Pizza
1760,781,southw_ckn_m,1,1/13/2015,20:31:17,16.75,16.75,M,Chicken,"Chicken, Tomatoes, Red Peppers, Red Onions, Jalapeno Peppers, Corn, Cilantro, Chipotle Sauce",The Southwest Chicken Pizza
1761,781,veggie_veg_l,1,1/13/2015,20:31:17,20.25,20.25,L,Veggie,"Mushrooms, Tomatoes, Red Peppers, Green Peppers, Red Onions, Zucchini, Spinach, Garlic",The Vegetables + Vegetables Pizza
1762,782,calabrese_l,1,1/13/2015,20:36:27,20.25,20.25,L,Supreme,"æ…›duja Salami, Pancetta, Tomatoes, Red Onions, Friggitello Peppers, Garlic",The Calabrese Pizza
1763,782,thai_ckn_l,1,1/13/2015,20:36:27,20.75,20.75,L,Chicken,"Chicken, Pineapple, Tomatoes, Red Peppers, Thai Sweet Chilli Sauce",The Thai Chicken Pizza
1764,783,spinach_fet_m,1,1/13/2015,21:17:08,16,16,M,Veggie,"Spinach, Mushrooms, Red Onions, Feta Cheese, Garlic",The Spinach and Feta Pizza
1765,783,thai_ckn_l,1,1/13/2015,21:17:08,20.75,20.75,L,Chicken,"Chicken, Pineapple, Tomatoes, Red Peppers, Thai Sweet Chilli Sauce",The Thai Chicken Pizza
1766,783,veggie_veg_m,1,1/13/2015,21:17:08,16,16,M,Veggie,"Mushrooms, Tomatoes, Red Peppers, Green Peppers, Red Onions, Zucchini, Spinach, Garlic",The Vegetables + Vegetables Pizza
1767,784,napolitana_m,1,1/13/2015,21:39:41,16,16,M,Classic,"Tomatoes, Anchovies, Green Olives, Red Onions, Garlic",The Napolitana Pizza
1768,785,hawaiian_l,1,1/14/2015,11:28:44,16.5,16.5,L,Classic,"Sliced Ham, Pineapple, Mozzarella Cheese",The Hawaiian Pizza
1769,785,southw_ckn_l,1,1/14/2015,11:28:44,20.75,20.75,L,Chicken,"Chicken, Tomatoes, Red Peppers, Red Onions, Jalapeno Peppers, Corn, Cilantro, Chipotle Sauce",The Southwest Chicken Pizza
1770,786,five_cheese_l,1,1/14/2015,11:35:30,18.5,18.5,L,Veggie,"Mozzarella Cheese, Provolone Cheese, Smoked Gouda Cheese, Romano Cheese, Blue Cheese, Garlic",The Five Cheese Pizza
1771,787,cali_ckn_m,1,1/14/2015,11:45:30,16.75,16.75,M,Chicken,"Chicken, Artichoke, Spinach, Garlic, Jalapeno Peppers, Fontina Cheese, Gouda Cheese",The California Chicken Pizza
1772,787,spicy_ital_l,1,1/14/2015,11:45:30,20.75,20.75,L,Supreme,"Capocollo, Tomatoes, Goat Cheese, Artichokes, Peperoncini verdi, Garlic",The Spicy Italian Pizza
1773,788,sicilian_s,1,1/14/2015,11:46:19,12.25,12.25,S,Supreme,"Coarse Sicilian Salami, Tomatoes, Green Olives, Luganega Sausage, Onions, Garlic",The Sicilian Pizza
1774,789,spinach_fet_l,1,1/14/2015,11:51:37,20.25,20.25,L,Veggie,"Spinach, Mushrooms, Red Onions, Feta Cheese, Garlic",The Spinach and Feta Pizza
1775,790,five_cheese_l,1,1/14/2015,12:07:30,18.5,18.5,L,Veggie,"Mozzarella Cheese, Provolone Cheese, Smoked Gouda Cheese, Romano Cheese, Blue Cheese, Garlic",The Five Cheese Pizza
1776,790,spinach_supr_l,1,1/14/2015,12:07:30,20.75,20.75,L,Supreme,"Spinach, Red Onions, Pepperoni, Tomatoes, Artichokes, Kalamata Olives, Garlic, Asiago Cheese",The Spinach Supreme Pizza
1777,791,pepperoni_s,1,1/14/2015,12:23:54,9.75,9.75,S,Classic,"Mozzarella Cheese, Pepperoni",The Pepperoni Pizza
1778,791,thai_ckn_m,1,1/14/2015,12:23:54,16.75,16.75,M,Chicken,"Chicken, Pineapple, Tomatoes, Red Peppers, Thai Sweet Chilli Sauce",The Thai Chicken Pizza
1779,792,ckn_alfredo_m,1,1/14/2015,12:37:48,16.75,16.75,M,Chicken,"Chicken, Red Onions, Red Peppers, Mushrooms, Asiago Cheese, Alfredo Sauce",The Chicken Alfredo Pizza
1780,792,four_cheese_l,1,1/14/2015,12:37:48,17.95,17.95,L,Veggie,"Ricotta Cheese, Gorgonzola Piccante Cheese, Mozzarella Cheese, Parmigiano Reggiano Cheese, Garlic",The Four Cheese Pizza
1781,792,ital_veggie_m,1,1/14/2015,12:37:48,16.75,16.75,M,Veggie,"Eggplant, Artichokes, Tomatoes, Zucchini, Red Peppers, Garlic, Pesto Sauce",The Italian Vegetables Pizza
1782,792,mexicana_l,1,1/14/2015,12:37:48,20.25,20.25,L,Veggie,"Tomatoes, Red Peppers, Jalapeno Peppers, Red Onions, Cilantro, Corn, Chipotle Sauce, Garlic",The Mexicana Pizza
1783,792,prsc_argla_s,1,1/14/2015,12:37:48,12.5,12.5,S,Supreme,"Prosciutto di San Daniele, Arugula, Mozzarella Cheese",The Prosciutto and Arugula Pizza
1784,792,spin_pesto_l,2,1/14/2015,12:37:48,20.75,41.5,L,Veggie,"Spinach, Artichokes, Tomatoes, Sun-dried Tomatoes, Garlic, Pesto Sauce",The Spinach Pesto Pizza
1785,792,veggie_veg_m,1,1/14/2015,12:37:48,16,16,M,Veggie,"Mushrooms, Tomatoes, Red Peppers, Green Peppers, Red Onions, Zucchini, Spinach, Garlic",The Vegetables + Vegetables Pizza
1786,793,prsc_argla_l,1,1/14/2015,12:38:27,20.75,20.75,L,Supreme,"Prosciutto di San Daniele, Arugula, Mozzarella Cheese",The Prosciutto and Arugula Pizza
1787,794,napolitana_m,1,1/14/2015,12:39:16,16,16,M,Classic,"Tomatoes, Anchovies, Green Olives, Red Onions, Garlic",The Napolitana Pizza
1788,795,five_cheese_l,1,1/14/2015,12:42:17,18.5,18.5,L,Veggie,"Mozzarella Cheese, Provolone Cheese, Smoked Gouda Cheese, Romano Cheese, Blue Cheese, Garlic",The Five Cheese Pizza
1789,796,mexicana_m,1,1/14/2015,12:43:09,16,16,M,Veggie,"Tomatoes, Red Peppers, Jalapeno Peppers, Red Onions, Cilantro, Corn, Chipotle Sauce, Garlic",The Mexicana Pizza
1790,797,peppr_salami_m,1,1/14/2015,12:50:01,16.5,16.5,M,Supreme,"Genoa Salami, Capocollo, Pepperoni, Tomatoes, Asiago Cheese, Garlic",The Pepper Salami Pizza
1791,797,prsc_argla_m,1,1/14/2015,12:50:01,16.5,16.5,M,Supreme,"Prosciutto di San Daniele, Arugula, Mozzarella Cheese",The Prosciutto and Arugula Pizza
1792,797,veggie_veg_m,1,1/14/2015,12:50:01,16,16,M,Veggie,"Mushrooms, Tomatoes, Red Peppers, Green Peppers, Red Onions, Zucchini, Spinach, Garlic",The Vegetables + Vegetables Pizza
1793,798,five_cheese_l,1,1/14/2015,12:50:30,18.5,18.5,L,Veggie,"Mozzarella Cheese, Provolone Cheese, Smoked Gouda Cheese, Romano Cheese, Blue Cheese, Garlic",The Five Cheese Pizza
1794,798,green_garden_s,1,1/14/2015,12:50:30,12,12,S,Veggie,"Spinach, Mushrooms, Tomatoes, Green Olives, Feta Cheese",The Green Garden Pizza
1795,798,soppressata_s,1,1/14/2015,12:50:30,12.5,12.5,S,Supreme,"Soppressata Salami, Fontina Cheese, Mozzarella Cheese, Mushrooms, Garlic",The Soppressata Pizza
1796,798,spinach_fet_m,1,1/14/2015,12:50:30,16,16,M,Veggie,"Spinach, Mushrooms, Red Onions, Feta Cheese, Garlic",The Spinach and Feta Pizza
1797,799,ital_supr_m,1,1/14/2015,12:51:29,16.5,16.5,M,Supreme,"Calabrese Salami, Capocollo, Tomatoes, Red Onions, Green Olives, Garlic",The Italian Supreme Pizza
1798,799,pep_msh_pep_s,1,1/14/2015,12:51:29,11,11,S,Classic,"Pepperoni, Mushrooms, Green Peppers","The Pepperoni, Mushroom, and Peppers Pizza"
1799,799,thai_ckn_m,1,1/14/2015,12:51:29,16.75,16.75,M,Chicken,"Chicken, Pineapple, Tomatoes, Red Peppers, Thai Sweet Chilli Sauce",The Thai Chicken Pizza
1800,800,calabrese_l,2,1/14/2015,12:54:35,20.25,40.5,L,Supreme,"æ…›duja Salami, Pancetta, Tomatoes, Red Onions, Friggitello Peppers, Garlic",The Calabrese Pizza
1801,800,hawaiian_s,1,1/14/2015,12:54:35,10.5,10.5,S,Classic,"Sliced Ham, Pineapple, Mozzarella Cheese",The Hawaiian Pizza
1802,800,ital_veggie_s,1,1/14/2015,12:54:35,12.75,12.75,S,Veggie,"Eggplant, Artichokes, Tomatoes, Zucchini, Red Peppers, Garlic, Pesto Sauce",The Italian Vegetables Pizza
1803,800,napolitana_s,1,1/14/2015,12:54:35,12,12,S,Classic,"Tomatoes, Anchovies, Green Olives, Red Onions, Garlic",The Napolitana Pizza
1804,800,southw_ckn_s,2,1/14/2015,12:54:35,12.75,25.5,S,Chicken,"Chicken, Tomatoes, Red Peppers, Red Onions, Jalapeno Peppers, Corn, Cilantro, Chipotle Sauce",The Southwest Chicken Pizza
1805,800,spicy_ital_l,1,1/14/2015,12:54:35,20.75,20.75,L,Supreme,"Capocollo, Tomatoes, Goat Cheese, Artichokes, Peperoncini verdi, Garlic",The Spicy Italian Pizza
1806,801,bbq_ckn_m,1,1/14/2015,13:10:53,16.75,16.75,M,Chicken,"Barbecued Chicken, Red Peppers, Green Peppers, Tomatoes, Red Onions, Barbecue Sauce",The Barbecue Chicken Pizza
1807,801,classic_dlx_l,1,1/14/2015,13:10:53,20.5,20.5,L,Classic,"Pepperoni, Mushrooms, Red Onions, Red Peppers, Bacon",The Classic Deluxe Pizza
1808,801,classic_dlx_s,1,1/14/2015,13:10:53,12,12,S,Classic,"Pepperoni, Mushrooms, Red Onions, Red Peppers, Bacon",The Classic Deluxe Pizza
1809,801,ital_supr_m,1,1/14/2015,13:10:53,16.5,16.5,M,Supreme,"Calabrese Salami, Capocollo, Tomatoes, Red Onions, Green Olives, Garlic",The Italian Supreme Pizza
1810,801,napolitana_l,1,1/14/2015,13:10:53,20.5,20.5,L,Classic,"Tomatoes, Anchovies, Green Olives, Red Onions, Garlic",The Napolitana Pizza
1811,801,sicilian_l,1,1/14/2015,13:10:53,20.25,20.25,L,Supreme,"Coarse Sicilian Salami, Tomatoes, Green Olives, Luganega Sausage, Onions, Garlic",The Sicilian Pizza
1812,801,sicilian_s,2,1/14/2015,13:10:53,12.25,24.5,S,Supreme,"Coarse Sicilian Salami, Tomatoes, Green Olives, Luganega Sausage, Onions, Garlic",The Sicilian Pizza
1813,801,southw_ckn_l,1,1/14/2015,13:10:53,20.75,20.75,L,Chicken,"Chicken, Tomatoes, Red Peppers, Red Onions, Jalapeno Peppers, Corn, Cilantro, Chipotle Sauce",The Southwest Chicken Pizza
1814,801,southw_ckn_s,1,1/14/2015,13:10:53,12.75,12.75,S,Chicken,"Chicken, Tomatoes, Red Peppers, Red Onions, Jalapeno Peppers, Corn, Cilantro, Chipotle Sauce",The Southwest Chicken Pizza
1815,801,spin_pesto_l,1,1/14/2015,13:10:53,20.75,20.75,L,Veggie,"Spinach, Artichokes, Tomatoes, Sun-dried Tomatoes, Garlic, Pesto Sauce",The Spinach Pesto Pizza
1816,801,spinach_supr_l,1,1/14/2015,13:10:53,20.75,20.75,L,Supreme,"Spinach, Red Onions, Pepperoni, Tomatoes, Artichokes, Kalamata Olives, Garlic, Asiago Cheese",The Spinach Supreme Pizza
1817,801,thai_ckn_l,1,1/14/2015,13:10:53,20.75,20.75,L,Chicken,"Chicken, Pineapple, Tomatoes, Red Peppers, Thai Sweet Chilli Sauce",The Thai Chicken Pizza
1818,802,ckn_alfredo_s,1,1/14/2015,13:23:47,12.75,12.75,S,Chicken,"Chicken, Red Onions, Red Peppers, Mushrooms, Asiago Cheese, Alfredo Sauce",The Chicken Alfredo Pizza
1819,802,hawaiian_s,1,1/14/2015,13:23:47,10.5,10.5,S,Classic,"Sliced Ham, Pineapple, Mozzarella Cheese",The Hawaiian Pizza
1820,803,ital_supr_m,1,1/14/2015,13:37:51,16.5,16.5,M,Supreme,"Calabrese Salami, Capocollo, Tomatoes, Red Onions, Green Olives, Garlic",The Italian Supreme Pizza
1821,804,prsc_argla_s,1,1/14/2015,13:42:01,12.5,12.5,S,Supreme,"Prosciutto di San Daniele, Arugula, Mozzarella Cheese",The Prosciutto and Arugula Pizza
1822,805,big_meat_s,1,1/14/2015,14:07:52,12,12,S,Classic,"Bacon, Pepperoni, Italian Sausage, Chorizo Sausage",The Big Meat Pizza
1823,805,four_cheese_m,1,1/14/2015,14:07:52,14.75,14.75,M,Veggie,"Ricotta Cheese, Gorgonzola Piccante Cheese, Mozzarella Cheese, Parmigiano Reggiano Cheese, Garlic",The Four Cheese Pizza
1824,806,bbq_ckn_l,1,1/14/2015,14:12:22,20.75,20.75,L,Chicken,"Barbecued Chicken, Red Peppers, Green Peppers, Tomatoes, Red Onions, Barbecue Sauce",The Barbecue Chicken Pizza
1825,807,big_meat_s,1,1/14/2015,14:15:29,12,12,S,Classic,"Bacon, Pepperoni, Italian Sausage, Chorizo Sausage",The Big Meat Pizza
1826,808,peppr_salami_l,2,1/14/2015,14:15:32,20.75,41.5,L,Supreme,"Genoa Salami, Capocollo, Pepperoni, Tomatoes, Asiago Cheese, Garlic",The Pepper Salami Pizza
1827,809,hawaiian_s,1,1/14/2015,14:26:17,10.5,10.5,S,Classic,"Sliced Ham, Pineapple, Mozzarella Cheese",The Hawaiian Pizza
1828,810,ital_veggie_m,1,1/14/2015,14:48:30,16.75,16.75,M,Veggie,"Eggplant, Artichokes, Tomatoes, Zucchini, Red Peppers, Garlic, Pesto Sauce",The Italian Vegetables Pizza
1829,811,veggie_veg_m,1,1/14/2015,14:48:56,16,16,M,Veggie,"Mushrooms, Tomatoes, Red Peppers, Green Peppers, Red Onions, Zucchini, Spinach, Garlic",The Vegetables + Vegetables Pizza
1830,812,calabrese_s,1,1/14/2015,15:37:45,12.25,12.25,S,Supreme,"æ…›duja Salami, Pancetta, Tomatoes, Red Onions, Friggitello Peppers, Garlic",The Calabrese Pizza
1831,812,pep_msh_pep_m,1,1/14/2015,15:37:45,14.5,14.5,M,Classic,"Pepperoni, Mushrooms, Green Peppers","The Pepperoni, Mushroom, and Peppers Pizza"
1832,813,cali_ckn_s,1,1/14/2015,16:09:29,12.75,12.75,S,Chicken,"Chicken, Artichoke, Spinach, Garlic, Jalapeno Peppers, Fontina Cheese, Gouda Cheese",The California Chicken Pizza
1833,813,southw_ckn_l,1,1/14/2015,16:09:29,20.75,20.75,L,Chicken,"Chicken, Tomatoes, Red Peppers, Red Onions, Jalapeno Peppers, Corn, Cilantro, Chipotle Sauce",The Southwest Chicken Pizza
1834,814,classic_dlx_s,1,1/14/2015,16:21:23,12,12,S,Classic,"Pepperoni, Mushrooms, Red Onions, Red Peppers, Bacon",The Classic Deluxe Pizza
1835,814,veggie_veg_l,1,1/14/2015,16:21:23,20.25,20.25,L,Veggie,"Mushrooms, Tomatoes, Red Peppers, Green Peppers, Red Onions, Zucchini, Spinach, Garlic",The Vegetables + Vegetables Pizza
1836,815,napolitana_l,1,1/14/2015,16:38:00,20.5,20.5,L,Classic,"Tomatoes, Anchovies, Green Olives, Red Onions, Garlic",The Napolitana Pizza
1837,816,southw_ckn_l,1,1/14/2015,17:04:08,20.75,20.75,L,Chicken,"Chicken, Tomatoes, Red Peppers, Red Onions, Jalapeno Peppers, Corn, Cilantro, Chipotle Sauce",The Southwest Chicken Pizza
1838,816,veggie_veg_l,1,1/14/2015,17:04:08,20.25,20.25,L,Veggie,"Mushrooms, Tomatoes, Red Peppers, Green Peppers, Red Onions, Zucchini, Spinach, Garlic",The Vegetables + Vegetables Pizza
1839,817,classic_dlx_s,1,1/14/2015,17:10:38,12,12,S,Classic,"Pepperoni, Mushrooms, Red Onions, Red Peppers, Bacon",The Classic Deluxe Pizza
1840,817,pepperoni_m,1,1/14/2015,17:10:38,12.5,12.5,M,Classic,"Mozzarella Cheese, Pepperoni",The Pepperoni Pizza
1841,817,southw_ckn_l,1,1/14/2015,17:10:38,20.75,20.75,L,Chicken,"Chicken, Tomatoes, Red Peppers, Red Onions, Jalapeno Peppers, Corn, Cilantro, Chipotle Sauce",The Southwest Chicken Pizza
1842,817,thai_ckn_l,1,1/14/2015,17:10:38,20.75,20.75,L,Chicken,"Chicken, Pineapple, Tomatoes, Red Peppers, Thai Sweet Chilli Sauce",The Thai Chicken Pizza
1843,818,pep_msh_pep_s,1,1/14/2015,17:15:50,11,11,S,Classic,"Pepperoni, Mushrooms, Green Peppers","The Pepperoni, Mushroom, and Peppers Pizza"
1844,818,sicilian_l,1,1/14/2015,17:15:50,20.25,20.25,L,Supreme,"Coarse Sicilian Salami, Tomatoes, Green Olives, Luganega Sausage, Onions, Garlic",The Sicilian Pizza
1845,818,sicilian_s,1,1/14/2015,17:15:50,12.25,12.25,S,Supreme,"Coarse Sicilian Salami, Tomatoes, Green Olives, Luganega Sausage, Onions, Garlic",The Sicilian Pizza
1846,819,bbq_ckn_m,1,1/14/2015,17:21:39,16.75,16.75,M,Chicken,"Barbecued Chicken, Red Peppers, Green Peppers, Tomatoes, Red Onions, Barbecue Sauce",The Barbecue Chicken Pizza
1847,819,sicilian_s,1,1/14/2015,17:21:39,12.25,12.25,S,Supreme,"Coarse Sicilian Salami, Tomatoes, Green Olives, Luganega Sausage, Onions, Garlic",The Sicilian Pizza
1848,820,southw_ckn_l,1,1/14/2015,17:24:09,20.75,20.75,L,Chicken,"Chicken, Tomatoes, Red Peppers, Red Onions, Jalapeno Peppers, Corn, Cilantro, Chipotle Sauce",The Southwest Chicken Pizza
1849,820,spinach_supr_l,1,1/14/2015,17:24:09,20.75,20.75,L,Supreme,"Spinach, Red Onions, Pepperoni, Tomatoes, Artichokes, Kalamata Olives, Garlic, Asiago Cheese",The Spinach Supreme Pizza
1850,821,five_cheese_l,1,1/14/2015,17:37:26,18.5,18.5,L,Veggie,"Mozzarella Cheese, Provolone Cheese, Smoked Gouda Cheese, Romano Cheese, Blue Cheese, Garlic",The Five Cheese Pizza
1851,822,the_greek_xl,1,1/14/2015,17:38:53,25.5,25.5,XL,Classic,"Kalamata Olives, Feta Cheese, Tomatoes, Garlic, Beef Chuck Roast, Red Onions",The Greek Pizza
1852,823,bbq_ckn_m,1,1/14/2015,17:42:17,16.75,16.75,M,Chicken,"Barbecued Chicken, Red Peppers, Green Peppers, Tomatoes, Red Onions, Barbecue Sauce",The Barbecue Chicken Pizza
1853,823,cali_ckn_m,1,1/14/2015,17:42:17,16.75,16.75,M,Chicken,"Chicken, Artichoke, Spinach, Garlic, Jalapeno Peppers, Fontina Cheese, Gouda Cheese",The California Chicken Pizza
1854,823,the_greek_l,1,1/14/2015,17:42:17,20.5,20.5,L,Classic,"Kalamata Olives, Feta Cheese, Tomatoes, Garlic, Beef Chuck Roast, Red Onions",The Greek Pizza
1855,824,cali_ckn_l,1,1/14/2015,17:53:41,20.75,20.75,L,Chicken,"Chicken, Artichoke, Spinach, Garlic, Jalapeno Peppers, Fontina Cheese, Gouda Cheese",The California Chicken Pizza
1856,824,classic_dlx_l,1,1/14/2015,17:53:41,20.5,20.5,L,Classic,"Pepperoni, Mushrooms, Red Onions, Red Peppers, Bacon",The Classic Deluxe Pizza
1857,824,ital_supr_s,1,1/14/2015,17:53:41,12.5,12.5,S,Supreme,"Calabrese Salami, Capocollo, Tomatoes, Red Onions, Green Olives, Garlic",The Italian Supreme Pizza
1858,824,sicilian_l,1,1/14/2015,17:53:41,20.25,20.25,L,Supreme,"Coarse Sicilian Salami, Tomatoes, Green Olives, Luganega Sausage, Onions, Garlic",The Sicilian Pizza
1859,825,five_cheese_l,1,1/14/2015,18:06:06,18.5,18.5,L,Veggie,"Mozzarella Cheese, Provolone Cheese, Smoked Gouda Cheese, Romano Cheese, Blue Cheese, Garlic",The Five Cheese Pizza
1860,825,sicilian_s,1,1/14/2015,18:06:06,12.25,12.25,S,Supreme,"Coarse Sicilian Salami, Tomatoes, Green Olives, Luganega Sausage, Onions, Garlic",The Sicilian Pizza
1861,826,ckn_pesto_l,1,1/14/2015,18:06:14,20.75,20.75,L,Chicken,"Chicken, Tomatoes, Red Peppers, Spinach, Garlic, Pesto Sauce",The Chicken Pesto Pizza
1862,826,ital_supr_l,1,1/14/2015,18:06:14,20.75,20.75,L,Supreme,"Calabrese Salami, Capocollo, Tomatoes, Red Onions, Green Olives, Garlic",The Italian Supreme Pizza
1863,826,pepperoni_l,1,1/14/2015,18:06:14,15.25,15.25,L,Classic,"Mozzarella Cheese, Pepperoni",The Pepperoni Pizza
1864,827,ckn_alfredo_m,1,1/14/2015,18:09:48,16.75,16.75,M,Chicken,"Chicken, Red Onions, Red Peppers, Mushrooms, Asiago Cheese, Alfredo Sauce",The Chicken Alfredo Pizza
1865,827,napolitana_l,1,1/14/2015,18:09:48,20.5,20.5,L,Classic,"Tomatoes, Anchovies, Green Olives, Red Onions, Garlic",The Napolitana Pizza
1866,828,ckn_pesto_l,1,1/14/2015,18:23:55,20.75,20.75,L,Chicken,"Chicken, Tomatoes, Red Peppers, Spinach, Garlic, Pesto Sauce",The Chicken Pesto Pizza
1867,828,peppr_salami_l,1,1/14/2015,18:23:55,20.75,20.75,L,Supreme,"Genoa Salami, Capocollo, Pepperoni, Tomatoes, Asiago Cheese, Garlic",The Pepper Salami Pizza
1868,829,napolitana_m,1,1/14/2015,18:27:42,16,16,M,Classic,"Tomatoes, Anchovies, Green Olives, Red Onions, Garlic",The Napolitana Pizza
1869,829,peppr_salami_m,1,1/14/2015,18:27:42,16.5,16.5,M,Supreme,"Genoa Salami, Capocollo, Pepperoni, Tomatoes, Asiago Cheese, Garlic",The Pepper Salami Pizza
1870,829,spicy_ital_s,1,1/14/2015,18:27:42,12.5,12.5,S,Supreme,"Capocollo, Tomatoes, Goat Cheese, Artichokes, Peperoncini verdi, Garlic",The Spicy Italian Pizza
1871,829,spinach_supr_s,1,1/14/2015,18:27:42,12.5,12.5,S,Supreme,"Spinach, Red Onions, Pepperoni, Tomatoes, Artichokes, Kalamata Olives, Garlic, Asiago Cheese",The Spinach Supreme Pizza
1872,830,hawaiian_m,1,1/14/2015,18:38:17,13.25,13.25,M,Classic,"Sliced Ham, Pineapple, Mozzarella Cheese",The Hawaiian Pizza
1873,830,ital_supr_m,1,1/14/2015,18:38:17,16.5,16.5,M,Supreme,"Calabrese Salami, Capocollo, Tomatoes, Red Onions, Green Olives, Garlic",The Italian Supreme Pizza
1874,830,pepperoni_m,1,1/14/2015,18:38:17,12.5,12.5,M,Classic,"Mozzarella Cheese, Pepperoni",The Pepperoni Pizza
1875,831,calabrese_l,1,1/14/2015,18:38:20,20.25,20.25,L,Supreme,"æ…›duja Salami, Pancetta, Tomatoes, Red Onions, Friggitello Peppers, Garlic",The Calabrese Pizza
1876,831,ckn_pesto_l,1,1/14/2015,18:38:20,20.75,20.75,L,Chicken,"Chicken, Tomatoes, Red Peppers, Spinach, Garlic, Pesto Sauce",The Chicken Pesto Pizza
1877,831,ckn_pesto_m,1,1/14/2015,18:38:20,16.75,16.75,M,Chicken,"Chicken, Tomatoes, Red Peppers, Spinach, Garlic, Pesto Sauce",The Chicken Pesto Pizza
1878,831,classic_dlx_m,1,1/14/2015,18:38:20,16,16,M,Classic,"Pepperoni, Mushrooms, Red Onions, Red Peppers, Bacon",The Classic Deluxe Pizza
1879,832,hawaiian_l,1,1/14/2015,18:47:06,16.5,16.5,L,Classic,"Sliced Ham, Pineapple, Mozzarella Cheese",The Hawaiian Pizza
1880,833,big_meat_s,1,1/14/2015,19:07:45,12,12,S,Classic,"Bacon, Pepperoni, Italian Sausage, Chorizo Sausage",The Big Meat Pizza
1881,833,napolitana_s,1,1/14/2015,19:07:45,12,12,S,Classic,"Tomatoes, Anchovies, Green Olives, Red Onions, Garlic",The Napolitana Pizza
1882,834,ckn_pesto_l,1,1/14/2015,19:25:16,20.75,20.75,L,Chicken,"Chicken, Tomatoes, Red Peppers, Spinach, Garlic, Pesto Sauce",The Chicken Pesto Pizza
1883,834,pepperoni_s,1,1/14/2015,19:25:16,9.75,9.75,S,Classic,"Mozzarella Cheese, Pepperoni",The Pepperoni Pizza
1884,834,prsc_argla_s,1,1/14/2015,19:25:16,12.5,12.5,S,Supreme,"Prosciutto di San Daniele, Arugula, Mozzarella Cheese",The Prosciutto and Arugula Pizza
1885,834,spinach_fet_l,1,1/14/2015,19:25:16,20.25,20.25,L,Veggie,"Spinach, Mushrooms, Red Onions, Feta Cheese, Garlic",The Spinach and Feta Pizza
1886,835,bbq_ckn_l,1,1/14/2015,19:56:01,20.75,20.75,L,Chicken,"Barbecued Chicken, Red Peppers, Green Peppers, Tomatoes, Red Onions, Barbecue Sauce",The Barbecue Chicken Pizza
1887,835,bbq_ckn_s,1,1/14/2015,19:56:01,12.75,12.75,S,Chicken,"Barbecued Chicken, Red Peppers, Green Peppers, Tomatoes, Red Onions, Barbecue Sauce",The Barbecue Chicken Pizza
1888,835,pepperoni_m,1,1/14/2015,19:56:01,12.5,12.5,M,Classic,"Mozzarella Cheese, Pepperoni",The Pepperoni Pizza
1889,835,southw_ckn_l,1,1/14/2015,19:56:01,20.75,20.75,L,Chicken,"Chicken, Tomatoes, Red Peppers, Red Onions, Jalapeno Peppers, Corn, Cilantro, Chipotle Sauce",The Southwest Chicken Pizza
1890,836,five_cheese_l,1,1/14/2015,20:08:08,18.5,18.5,L,Veggie,"Mozzarella Cheese, Provolone Cheese, Smoked Gouda Cheese, Romano Cheese, Blue Cheese, Garlic",The Five Cheese Pizza
1891,836,four_cheese_l,1,1/14/2015,20:08:08,17.95,17.95,L,Veggie,"Ricotta Cheese, Gorgonzola Piccante Cheese, Mozzarella Cheese, Parmigiano Reggiano Cheese, Garlic",The Four Cheese Pizza
1892,836,hawaiian_s,1,1/14/2015,20:08:08,10.5,10.5,S,Classic,"Sliced Ham, Pineapple, Mozzarella Cheese",The Hawaiian Pizza
1893,836,the_greek_xl,1,1/14/2015,20:08:08,25.5,25.5,XL,Classic,"Kalamata Olives, Feta Cheese, Tomatoes, Garlic, Beef Chuck Roast, Red Onions",The Greek Pizza
1894,837,ital_supr_m,1,1/14/2015,20:12:27,16.5,16.5,M,Supreme,"Calabrese Salami, Capocollo, Tomatoes, Red Onions, Green Olives, Garlic",The Italian Supreme Pizza
1895,838,ckn_alfredo_m,1,1/14/2015,20:33:57,16.75,16.75,M,Chicken,"Chicken, Red Onions, Red Peppers, Mushrooms, Asiago Cheese, Alfredo Sauce",The Chicken Alfredo Pizza
1896,838,ital_supr_m,1,1/14/2015,20:33:57,16.5,16.5,M,Supreme,"Calabrese Salami, Capocollo, Tomatoes, Red Onions, Green Olives, Garlic",The Italian Supreme Pizza
1897,838,veggie_veg_m,1,1/14/2015,20:33:57,16,16,M,Veggie,"Mushrooms, Tomatoes, Red Peppers, Green Peppers, Red Onions, Zucchini, Spinach, Garlic",The Vegetables + Vegetables Pizza
1898,839,mexicana_l,2,1/14/2015,20:40:40,20.25,40.5,L,Veggie,"Tomatoes, Red Peppers, Jalapeno Peppers, Red Onions, Cilantro, Corn, Chipotle Sauce, Garlic",The Mexicana Pizza
1899,840,ital_supr_l,1,1/14/2015,20:46:12,20.75,20.75,L,Supreme,"Calabrese Salami, Capocollo, Tomatoes, Red Onions, Green Olives, Garlic",The Italian Supreme Pizza
1900,841,peppr_salami_l,1,1/14/2015,20:57:40,20.75,20.75,L,Supreme,"Genoa Salami, Capocollo, Pepperoni, Tomatoes, Asiago Cheese, Garlic",The Pepper Salami Pizza
1901,842,spin_pesto_s,1,1/14/2015,21:09:39,12.5,12.5,S,Veggie,"Spinach, Artichokes, Tomatoes, Sun-dried Tomatoes, Garlic, Pesto Sauce",The Spinach Pesto Pizza
1902,842,spinach_fet_m,1,1/14/2015,21:09:39,16,16,M,Veggie,"Spinach, Mushrooms, Red Onions, Feta Cheese, Garlic",The Spinach and Feta Pizza
1903,842,spinach_supr_s,1,1/14/2015,21:09:39,12.5,12.5,S,Supreme,"Spinach, Red Onions, Pepperoni, Tomatoes, Artichokes, Kalamata Olives, Garlic, Asiago Cheese",The Spinach Supreme Pizza
1904,843,spinach_supr_m,1,1/14/2015,21:32:21,16.5,16.5,M,Supreme,"Spinach, Red Onions, Pepperoni, Tomatoes, Artichokes, Kalamata Olives, Garlic, Asiago Cheese",The Spinach Supreme Pizza
1905,844,veggie_veg_m,1,1/14/2015,21:36:58,16,16,M,Veggie,"Mushrooms, Tomatoes, Red Peppers, Green Peppers, Red Onions, Zucchini, Spinach, Garlic",The Vegetables + Vegetables Pizza
1906,845,classic_dlx_l,1,1/14/2015,21:42:56,20.5,20.5,L,Classic,"Pepperoni, Mushrooms, Red Onions, Red Peppers, Bacon",The Classic Deluxe Pizza
1907,845,five_cheese_l,1,1/14/2015,21:42:56,18.5,18.5,L,Veggie,"Mozzarella Cheese, Provolone Cheese, Smoked Gouda Cheese, Romano Cheese, Blue Cheese, Garlic",The Five Cheese Pizza
1908,845,ital_supr_m,1,1/14/2015,21:42:56,16.5,16.5,M,Supreme,"Calabrese Salami, Capocollo, Tomatoes, Red Onions, Green Olives, Garlic",The Italian Supreme Pizza
1909,845,southw_ckn_l,1,1/14/2015,21:42:56,20.75,20.75,L,Chicken,"Chicken, Tomatoes, Red Peppers, Red Onions, Jalapeno Peppers, Corn, Cilantro, Chipotle Sauce",The Southwest Chicken Pizza
1910,846,cali_ckn_l,1,1/14/2015,22:16:24,20.75,20.75,L,Chicken,"Chicken, Artichoke, Spinach, Garlic, Jalapeno Peppers, Fontina Cheese, Gouda Cheese",The California Chicken Pizza
1911,846,five_cheese_l,1,1/14/2015,22:16:24,18.5,18.5,L,Veggie,"Mozzarella Cheese, Provolone Cheese, Smoked Gouda Cheese, Romano Cheese, Blue Cheese, Garlic",The Five Cheese Pizza
1912,847,pepperoni_m,1,1/15/2015,11:37:03,12.5,12.5,M,Classic,"Mozzarella Cheese, Pepperoni",The Pepperoni Pizza
1913,848,big_meat_s,1,1/15/2015,11:56:46,12,12,S,Classic,"Bacon, Pepperoni, Italian Sausage, Chorizo Sausage",The Big Meat Pizza
1914,849,classic_dlx_m,1,1/15/2015,12:08:30,16,16,M,Classic,"Pepperoni, Mushrooms, Red Onions, Red Peppers, Bacon",The Classic Deluxe Pizza
1915,849,sicilian_s,1,1/15/2015,12:08:30,12.25,12.25,S,Supreme,"Coarse Sicilian Salami, Tomatoes, Green Olives, Luganega Sausage, Onions, Garlic",The Sicilian Pizza
1916,849,spicy_ital_l,1,1/15/2015,12:08:30,20.75,20.75,L,Supreme,"Capocollo, Tomatoes, Goat Cheese, Artichokes, Peperoncini verdi, Garlic",The Spicy Italian Pizza
1917,849,spicy_ital_s,1,1/15/2015,12:08:30,12.5,12.5,S,Supreme,"Capocollo, Tomatoes, Goat Cheese, Artichokes, Peperoncini verdi, Garlic",The Spicy Italian Pizza
1918,850,four_cheese_l,1,1/15/2015,12:15:35,17.95,17.95,L,Veggie,"Ricotta Cheese, Gorgonzola Piccante Cheese, Mozzarella Cheese, Parmigiano Reggiano Cheese, Garlic",The Four Cheese Pizza
1919,850,southw_ckn_l,1,1/15/2015,12:15:35,20.75,20.75,L,Chicken,"Chicken, Tomatoes, Red Peppers, Red Onions, Jalapeno Peppers, Corn, Cilantro, Chipotle Sauce",The Southwest Chicken Pizza
1920,850,thai_ckn_m,1,1/15/2015,12:15:35,16.75,16.75,M,Chicken,"Chicken, Pineapple, Tomatoes, Red Peppers, Thai Sweet Chilli Sauce",The Thai Chicken Pizza
1921,851,bbq_ckn_l,1,1/15/2015,12:20:22,20.75,20.75,L,Chicken,"Barbecued Chicken, Red Peppers, Green Peppers, Tomatoes, Red Onions, Barbecue Sauce",The Barbecue Chicken Pizza
1922,852,thai_ckn_m,1,1/15/2015,12:33:51,16.75,16.75,M,Chicken,"Chicken, Pineapple, Tomatoes, Red Peppers, Thai Sweet Chilli Sauce",The Thai Chicken Pizza
1923,853,pepperoni_m,1,1/15/2015,12:36:39,12.5,12.5,M,Classic,"Mozzarella Cheese, Pepperoni",The Pepperoni Pizza
1924,854,pepperoni_s,1,1/15/2015,12:51:19,9.75,9.75,S,Classic,"Mozzarella Cheese, Pepperoni",The Pepperoni Pizza
1925,854,soppressata_l,1,1/15/2015,12:51:19,20.75,20.75,L,Supreme,"Soppressata Salami, Fontina Cheese, Mozzarella Cheese, Mushrooms, Garlic",The Soppressata Pizza
1926,855,five_cheese_l,1,1/15/2015,12:56:54,18.5,18.5,L,Veggie,"Mozzarella Cheese, Provolone Cheese, Smoked Gouda Cheese, Romano Cheese, Blue Cheese, Garlic",The Five Cheese Pizza
1927,855,sicilian_m,1,1/15/2015,12:56:54,16.25,16.25,M,Supreme,"Coarse Sicilian Salami, Tomatoes, Green Olives, Luganega Sausage, Onions, Garlic",The Sicilian Pizza
1928,855,southw_ckn_s,1,1/15/2015,12:56:54,12.75,12.75,S,Chicken,"Chicken, Tomatoes, Red Peppers, Red Onions, Jalapeno Peppers, Corn, Cilantro, Chipotle Sauce",The Southwest Chicken Pizza
1929,855,spin_pesto_m,1,1/15/2015,12:56:54,16.5,16.5,M,Veggie,"Spinach, Artichokes, Tomatoes, Sun-dried Tomatoes, Garlic, Pesto Sauce",The Spinach Pesto Pizza
1930,855,veggie_veg_m,1,1/15/2015,12:56:54,16,16,M,Veggie,"Mushrooms, Tomatoes, Red Peppers, Green Peppers, Red Onions, Zucchini, Spinach, Garlic",The Vegetables + Vegetables Pizza
1931,856,spicy_ital_l,1,1/15/2015,12:59:20,20.75,20.75,L,Supreme,"Capocollo, Tomatoes, Goat Cheese, Artichokes, Peperoncini verdi, Garlic",The Spicy Italian Pizza
1932,857,napolitana_s,1,1/15/2015,13:01:53,12,12,S,Classic,"Tomatoes, Anchovies, Green Olives, Red Onions, Garlic",The Napolitana Pizza
1933,858,peppr_salami_s,1,1/15/2015,13:03:42,12.5,12.5,S,Supreme,"Genoa Salami, Capocollo, Pepperoni, Tomatoes, Asiago Cheese, Garlic",The Pepper Salami Pizza
1934,858,thai_ckn_l,1,1/15/2015,13:03:42,20.75,20.75,L,Chicken,"Chicken, Pineapple, Tomatoes, Red Peppers, Thai Sweet Chilli Sauce",The Thai Chicken Pizza
1935,858,veggie_veg_m,1,1/15/2015,13:03:42,16,16,M,Veggie,"Mushrooms, Tomatoes, Red Peppers, Green Peppers, Red Onions, Zucchini, Spinach, Garlic",The Vegetables + Vegetables Pizza
1936,859,big_meat_s,1,1/15/2015,13:05:13,12,12,S,Classic,"Bacon, Pepperoni, Italian Sausage, Chorizo Sausage",The Big Meat Pizza
1937,859,calabrese_m,1,1/15/2015,13:05:13,16.25,16.25,M,Supreme,"æ…›duja Salami, Pancetta, Tomatoes, Red Onions, Friggitello Peppers, Garlic",The Calabrese Pizza
1938,859,ckn_alfredo_m,1,1/15/2015,13:05:13,16.75,16.75,M,Chicken,"Chicken, Red Onions, Red Peppers, Mushrooms, Asiago Cheese, Alfredo Sauce",The Chicken Alfredo Pizza
1939,859,the_greek_l,1,1/15/2015,13:05:13,20.5,20.5,L,Classic,"Kalamata Olives, Feta Cheese, Tomatoes, Garlic, Beef Chuck Roast, Red Onions",The Greek Pizza
1940,860,sicilian_s,1,1/15/2015,13:07:53,12.25,12.25,S,Supreme,"Coarse Sicilian Salami, Tomatoes, Green Olives, Luganega Sausage, Onions, Garlic",The Sicilian Pizza
1941,860,spicy_ital_m,1,1/15/2015,13:07:53,16.5,16.5,M,Supreme,"Capocollo, Tomatoes, Goat Cheese, Artichokes, Peperoncini verdi, Garlic",The Spicy Italian Pizza
1942,861,prsc_argla_l,1,1/15/2015,13:08:44,20.75,20.75,L,Supreme,"Prosciutto di San Daniele, Arugula, Mozzarella Cheese",The Prosciutto and Arugula Pizza
1943,862,southw_ckn_m,1,1/15/2015,13:10:45,16.75,16.75,M,Chicken,"Chicken, Tomatoes, Red Peppers, Red Onions, Jalapeno Peppers, Corn, Cilantro, Chipotle Sauce",The Southwest Chicken Pizza
1944,863,thai_ckn_m,1,1/15/2015,13:12:29,16.75,16.75,M,Chicken,"Chicken, Pineapple, Tomatoes, Red Peppers, Thai Sweet Chilli Sauce",The Thai Chicken Pizza
1945,864,big_meat_s,1,1/15/2015,14:04:23,12,12,S,Classic,"Bacon, Pepperoni, Italian Sausage, Chorizo Sausage",The Big Meat Pizza
1946,864,hawaiian_s,1,1/15/2015,14:04:23,10.5,10.5,S,Classic,"Sliced Ham, Pineapple, Mozzarella Cheese",The Hawaiian Pizza
1947,864,ital_supr_l,1,1/15/2015,14:04:23,20.75,20.75,L,Supreme,"Calabrese Salami, Capocollo, Tomatoes, Red Onions, Green Olives, Garlic",The Italian Supreme Pizza
1948,864,mediterraneo_m,1,1/15/2015,14:04:23,16,16,M,Veggie,"Spinach, Artichokes, Kalamata Olives, Sun-dried Tomatoes, Feta Cheese, Plum Tomatoes, Red Onions",The Mediterranean Pizza
1949,864,sicilian_l,1,1/15/2015,14:04:23,20.25,20.25,L,Supreme,"Coarse Sicilian Salami, Tomatoes, Green Olives, Luganega Sausage, Onions, Garlic",The Sicilian Pizza
1950,864,spinach_fet_l,1,1/15/2015,14:04:23,20.25,20.25,L,Veggie,"Spinach, Mushrooms, Red Onions, Feta Cheese, Garlic",The Spinach and Feta Pizza
1951,864,spinach_supr_l,1,1/15/2015,14:04:23,20.75,20.75,L,Supreme,"Spinach, Red Onions, Pepperoni, Tomatoes, Artichokes, Kalamata Olives, Garlic, Asiago Cheese",The Spinach Supreme Pizza
1952,864,the_greek_m,1,1/15/2015,14:04:23,16,16,M,Classic,"Kalamata Olives, Feta Cheese, Tomatoes, Garlic, Beef Chuck Roast, Red Onions",The Greek Pizza
1953,864,veggie_veg_m,1,1/15/2015,14:04:23,16,16,M,Veggie,"Mushrooms, Tomatoes, Red Peppers, Green Peppers, Red Onions, Zucchini, Spinach, Garlic",The Vegetables + Vegetables Pizza
1954,865,classic_dlx_s,1,1/15/2015,14:10:00,12,12,S,Classic,"Pepperoni, Mushrooms, Red Onions, Red Peppers, Bacon",The Classic Deluxe Pizza
1955,866,peppr_salami_m,1,1/15/2015,14:18:09,16.5,16.5,M,Supreme,"Genoa Salami, Capocollo, Pepperoni, Tomatoes, Asiago Cheese, Garlic",The Pepper Salami Pizza
1956,867,hawaiian_l,1,1/15/2015,14:19:28,16.5,16.5,L,Classic,"Sliced Ham, Pineapple, Mozzarella Cheese",The Hawaiian Pizza
1957,867,hawaiian_s,1,1/15/2015,14:19:28,10.5,10.5,S,Classic,"Sliced Ham, Pineapple, Mozzarella Cheese",The Hawaiian Pizza
1958,868,soppressata_m,1,1/15/2015,14:27:25,16.5,16.5,M,Supreme,"Soppressata Salami, Fontina Cheese, Mozzarella Cheese, Mushrooms, Garlic",The Soppressata Pizza
1959,869,spinach_supr_m,1,1/15/2015,14:31:43,16.5,16.5,M,Supreme,"Spinach, Red Onions, Pepperoni, Tomatoes, Artichokes, Kalamata Olives, Garlic, Asiago Cheese",The Spinach Supreme Pizza
1960,869,thai_ckn_l,1,1/15/2015,14:31:43,20.75,20.75,L,Chicken,"Chicken, Pineapple, Tomatoes, Red Peppers, Thai Sweet Chilli Sauce",The Thai Chicken Pizza
1961,870,five_cheese_l,1,1/15/2015,14:38:31,18.5,18.5,L,Veggie,"Mozzarella Cheese, Provolone Cheese, Smoked Gouda Cheese, Romano Cheese, Blue Cheese, Garlic",The Five Cheese Pizza
1962,870,four_cheese_m,1,1/15/2015,14:38:31,14.75,14.75,M,Veggie,"Ricotta Cheese, Gorgonzola Piccante Cheese, Mozzarella Cheese, Parmigiano Reggiano Cheese, Garlic",The Four Cheese Pizza
1963,871,ckn_alfredo_s,1,1/15/2015,14:45:22,12.75,12.75,S,Chicken,"Chicken, Red Onions, Red Peppers, Mushrooms, Asiago Cheese, Alfredo Sauce",The Chicken Alfredo Pizza
1964,872,prsc_argla_m,1,1/15/2015,14:48:37,16.5,16.5,M,Supreme,"Prosciutto di San Daniele, Arugula, Mozzarella Cheese",The Prosciutto and Arugula Pizza
1965,873,pepperoni_m,1,1/15/2015,15:06:15,12.5,12.5,M,Classic,"Mozzarella Cheese, Pepperoni",The Pepperoni Pizza
1966,874,pep_msh_pep_s,1,1/15/2015,15:20:36,11,11,S,Classic,"Pepperoni, Mushrooms, Green Peppers","The Pepperoni, Mushroom, and Peppers Pizza"
1967,874,southw_ckn_l,1,1/15/2015,15:20:36,20.75,20.75,L,Chicken,"Chicken, Tomatoes, Red Peppers, Red Onions, Jalapeno Peppers, Corn, Cilantro, Chipotle Sauce",The Southwest Chicken Pizza
1968,875,cali_ckn_m,1,1/15/2015,15:23:21,16.75,16.75,M,Chicken,"Chicken, Artichoke, Spinach, Garlic, Jalapeno Peppers, Fontina Cheese, Gouda Cheese",The California Chicken Pizza
1969,876,hawaiian_s,1,1/15/2015,15:27:03,10.5,10.5,S,Classic,"Sliced Ham, Pineapple, Mozzarella Cheese",The Hawaiian Pizza
1970,876,southw_ckn_s,1,1/15/2015,15:27:03,12.75,12.75,S,Chicken,"Chicken, Tomatoes, Red Peppers, Red Onions, Jalapeno Peppers, Corn, Cilantro, Chipotle Sauce",The Southwest Chicken Pizza
1971,876,spicy_ital_l,1,1/15/2015,15:27:03,20.75,20.75,L,Supreme,"Capocollo, Tomatoes, Goat Cheese, Artichokes, Peperoncini verdi, Garlic",The Spicy Italian Pizza
1972,877,four_cheese_l,1,1/15/2015,15:32:59,17.95,17.95,L,Veggie,"Ricotta Cheese, Gorgonzola Piccante Cheese, Mozzarella Cheese, Parmigiano Reggiano Cheese, Garlic",The Four Cheese Pizza
1973,878,cali_ckn_m,1,1/15/2015,16:05:58,16.75,16.75,M,Chicken,"Chicken, Artichoke, Spinach, Garlic, Jalapeno Peppers, Fontina Cheese, Gouda Cheese",The California Chicken Pizza
1974,879,southw_ckn_s,1,1/15/2015,16:12:57,12.75,12.75,S,Chicken,"Chicken, Tomatoes, Red Peppers, Red Onions, Jalapeno Peppers, Corn, Cilantro, Chipotle Sauce",The Southwest Chicken Pizza
1975,879,spinach_supr_s,1,1/15/2015,16:12:57,12.5,12.5,S,Supreme,"Spinach, Red Onions, Pepperoni, Tomatoes, Artichokes, Kalamata Olives, Garlic, Asiago Cheese",The Spinach Supreme Pizza
1976,879,veggie_veg_m,1,1/15/2015,16:12:57,16,16,M,Veggie,"Mushrooms, Tomatoes, Red Peppers, Green Peppers, Red Onions, Zucchini, Spinach, Garlic",The Vegetables + Vegetables Pizza
1977,880,pepperoni_l,1,1/15/2015,16:19:26,15.25,15.25,L,Classic,"Mozzarella Cheese, Pepperoni",The Pepperoni Pizza
1978,880,pepperoni_s,1,1/15/2015,16:19:26,9.75,9.75,S,Classic,"Mozzarella Cheese, Pepperoni",The Pepperoni Pizza
1979,881,cali_ckn_m,1,1/15/2015,16:40:04,16.75,16.75,M,Chicken,"Chicken, Artichoke, Spinach, Garlic, Jalapeno Peppers, Fontina Cheese, Gouda Cheese",The California Chicken Pizza
1980,881,ital_supr_s,1,1/15/2015,16:40:04,12.5,12.5,S,Supreme,"Calabrese Salami, Capocollo, Tomatoes, Red Onions, Green Olives, Garlic",The Italian Supreme Pizza
1981,882,prsc_argla_m,1,1/15/2015,16:44:46,16.5,16.5,M,Supreme,"Prosciutto di San Daniele, Arugula, Mozzarella Cheese",The Prosciutto and Arugula Pizza
1982,882,spinach_fet_s,1,1/15/2015,16:44:46,12,12,S,Veggie,"Spinach, Mushrooms, Red Onions, Feta Cheese, Garlic",The Spinach and Feta Pizza
1983,882,thai_ckn_l,1,1/15/2015,16:44:46,20.75,20.75,L,Chicken,"Chicken, Pineapple, Tomatoes, Red Peppers, Thai Sweet Chilli Sauce",The Thai Chicken Pizza
1984,883,cali_ckn_m,1,1/15/2015,16:56:05,16.75,16.75,M,Chicken,"Chicken, Artichoke, Spinach, Garlic, Jalapeno Peppers, Fontina Cheese, Gouda Cheese",The California Chicken Pizza
1985,883,classic_dlx_s,1,1/15/2015,16:56:05,12,12,S,Classic,"Pepperoni, Mushrooms, Red Onions, Red Peppers, Bacon",The Classic Deluxe Pizza
1986,883,hawaiian_s,1,1/15/2015,16:56:05,10.5,10.5,S,Classic,"Sliced Ham, Pineapple, Mozzarella Cheese",The Hawaiian Pizza
1987,883,prsc_argla_s,1,1/15/2015,16:56:05,12.5,12.5,S,Supreme,"Prosciutto di San Daniele, Arugula, Mozzarella Cheese",The Prosciutto and Arugula Pizza
1988,884,hawaiian_s,1,1/15/2015,16:57:15,10.5,10.5,S,Classic,"Sliced Ham, Pineapple, Mozzarella Cheese",The Hawaiian Pizza
1989,885,mexicana_m,1,1/15/2015,16:57:55,16,16,M,Veggie,"Tomatoes, Red Peppers, Jalapeno Peppers, Red Onions, Cilantro, Corn, Chipotle Sauce, Garlic",The Mexicana Pizza
1990,885,sicilian_s,1,1/15/2015,16:57:55,12.25,12.25,S,Supreme,"Coarse Sicilian Salami, Tomatoes, Green Olives, Luganega Sausage, Onions, Garlic",The Sicilian Pizza
1991,885,spicy_ital_m,1,1/15/2015,16:57:55,16.5,16.5,M,Supreme,"Capocollo, Tomatoes, Goat Cheese, Artichokes, Peperoncini verdi, Garlic",The Spicy Italian Pizza
1992,885,the_greek_xl,1,1/15/2015,16:57:55,25.5,25.5,XL,Classic,"Kalamata Olives, Feta Cheese, Tomatoes, Garlic, Beef Chuck Roast, Red Onions",The Greek Pizza
1993,886,mediterraneo_l,1,1/15/2015,17:05:35,20.25,20.25,L,Veggie,"Spinach, Artichokes, Kalamata Olives, Sun-dried Tomatoes, Feta Cheese, Plum Tomatoes, Red Onions",The Mediterranean Pizza
1994,886,sicilian_s,1,1/15/2015,17:05:35,12.25,12.25,S,Supreme,"Coarse Sicilian Salami, Tomatoes, Green Olives, Luganega Sausage, Onions, Garlic",The Sicilian Pizza
1995,886,spicy_ital_l,1,1/15/2015,17:05:35,20.75,20.75,L,Supreme,"Capocollo, Tomatoes, Goat Cheese, Artichokes, Peperoncini verdi, Garlic",The Spicy Italian Pizza
1996,887,pepperoni_l,1,1/15/2015,17:13:58,15.25,15.25,L,Classic,"Mozzarella Cheese, Pepperoni",The Pepperoni Pizza
1997,887,spicy_ital_m,1,1/15/2015,17:13:58,16.5,16.5,M,Supreme,"Capocollo, Tomatoes, Goat Cheese, Artichokes, Peperoncini verdi, Garlic",The Spicy Italian Pizza
1998,888,sicilian_m,1,1/15/2015,17:14:27,16.25,16.25,M,Supreme,"Coarse Sicilian Salami, Tomatoes, Green Olives, Luganega Sausage, Onions, Garlic",The Sicilian Pizza
1999,888,soppressata_s,1,1/15/2015,17:14:27,12.5,12.5,S,Supreme,"Soppressata Salami, Fontina Cheese, Mozzarella Cheese, Mushrooms, Garlic",The Soppressata Pizza
2000,889,bbq_ckn_l,1,1/15/2015,17:27:51,20.75,20.75,L,Chicken,"Barbecued Chicken, Red Peppers, Green Peppers, Tomatoes, Red Onions, Barbecue Sauce",The Barbecue Chicken Pizza
2001,890,four_cheese_m,1,1/15/2015,17:32:25,14.75,14.75,M,Veggie,"Ricotta Cheese, Gorgonzola Piccante Cheese, Mozzarella Cheese, Parmigiano Reggiano Cheese, Garlic",The Four Cheese Pizza
2002,891,spin_pesto_l,1,1/15/2015,17:43:34,20.75,20.75,L,Veggie,"Spinach, Artichokes, Tomatoes, Sun-dried Tomatoes, Garlic, Pesto Sauce",The Spinach Pesto Pizza
2003,892,four_cheese_l,1,1/15/2015,18:04:29,17.95,17.95,L,Veggie,"Ricotta Cheese, Gorgonzola Piccante Cheese, Mozzarella Cheese, Parmigiano Reggiano Cheese, Garlic",The Four Cheese Pizza
2004,892,mediterraneo_l,1,1/15/2015,18:04:29,20.25,20.25,L,Veggie,"Spinach, Artichokes, Kalamata Olives, Sun-dried Tomatoes, Feta Cheese, Plum Tomatoes, Red Onions",The Mediterranean Pizza
2005,893,four_cheese_l,1,1/15/2015,18:15:22,17.95,17.95,L,Veggie,"Ricotta Cheese, Gorgonzola Piccante Cheese, Mozzarella Cheese, Parmigiano Reggiano Cheese, Garlic",The Four Cheese Pizza
2006,894,napolitana_s,1,1/15/2015,18:17:26,12,12,S,Classic,"Tomatoes, Anchovies, Green Olives, Red Onions, Garlic",The Napolitana Pizza
2007,895,bbq_ckn_l,1,1/15/2015,18:18:11,20.75,20.75,L,Chicken,"Barbecued Chicken, Red Peppers, Green Peppers, Tomatoes, Red Onions, Barbecue Sauce",The Barbecue Chicken Pizza
2008,895,hawaiian_l,1,1/15/2015,18:18:11,16.5,16.5,L,Classic,"Sliced Ham, Pineapple, Mozzarella Cheese",The Hawaiian Pizza
2009,895,pepperoni_s,1,1/15/2015,18:18:11,9.75,9.75,S,Classic,"Mozzarella Cheese, Pepperoni",The Pepperoni Pizza
2010,896,cali_ckn_l,1,1/15/2015,18:27:28,20.75,20.75,L,Chicken,"Chicken, Artichoke, Spinach, Garlic, Jalapeno Peppers, Fontina Cheese, Gouda Cheese",The California Chicken Pizza
2011,896,five_cheese_l,1,1/15/2015,18:27:28,18.5,18.5,L,Veggie,"Mozzarella Cheese, Provolone Cheese, Smoked Gouda Cheese, Romano Cheese, Blue Cheese, Garlic",The Five Cheese Pizza
2012,897,ital_cpcllo_l,1,1/15/2015,18:53:07,20.5,20.5,L,Classic,"Capocollo, Red Peppers, Tomatoes, Goat Cheese, Garlic, Oregano",The Italian Capocollo Pizza
2013,897,mexicana_s,1,1/15/2015,18:53:07,12,12,S,Veggie,"Tomatoes, Red Peppers, Jalapeno Peppers, Red Onions, Cilantro, Corn, Chipotle Sauce, Garlic",The Mexicana Pizza
2014,897,spinach_fet_l,1,1/15/2015,18:53:07,20.25,20.25,L,Veggie,"Spinach, Mushrooms, Red Onions, Feta Cheese, Garlic",The Spinach and Feta Pizza
2015,898,classic_dlx_s,1,1/15/2015,18:56:49,12,12,S,Classic,"Pepperoni, Mushrooms, Red Onions, Red Peppers, Bacon",The Classic Deluxe Pizza
2016,899,spicy_ital_l,1,1/15/2015,19:06:14,20.75,20.75,L,Supreme,"Capocollo, Tomatoes, Goat Cheese, Artichokes, Peperoncini verdi, Garlic",The Spicy Italian Pizza
2017,899,the_greek_xl,1,1/15/2015,19:06:14,25.5,25.5,XL,Classic,"Kalamata Olives, Feta Cheese, Tomatoes, Garlic, Beef Chuck Roast, Red Onions",The Greek Pizza
2018,900,pepperoni_l,1,1/15/2015,19:09:51,15.25,15.25,L,Classic,"Mozzarella Cheese, Pepperoni",The Pepperoni Pizza
2019,900,pepperoni_s,1,1/15/2015,19:09:51,9.75,9.75,S,Classic,"Mozzarella Cheese, Pepperoni",The Pepperoni Pizza
2020,901,big_meat_s,1,1/15/2015,19:16:11,12,12,S,Classic,"Bacon, Pepperoni, Italian Sausage, Chorizo Sausage",The Big Meat Pizza
2021,902,peppr_salami_l,1,1/15/2015,19:21:00,20.75,20.75,L,Supreme,"Genoa Salami, Capocollo, Pepperoni, Tomatoes, Asiago Cheese, Garlic",The Pepper Salami Pizza
2022,903,classic_dlx_l,1,1/15/2015,19:27:22,20.5,20.5,L,Classic,"Pepperoni, Mushrooms, Red Onions, Red Peppers, Bacon",The Classic Deluxe Pizza
2023,903,peppr_salami_l,1,1/15/2015,19:27:22,20.75,20.75,L,Supreme,"Genoa Salami, Capocollo, Pepperoni, Tomatoes, Asiago Cheese, Garlic",The Pepper Salami Pizza
2024,903,soppressata_l,1,1/15/2015,19:27:22,20.75,20.75,L,Supreme,"Soppressata Salami, Fontina Cheese, Mozzarella Cheese, Mushrooms, Garlic",The Soppressata Pizza
2025,904,bbq_ckn_m,1,1/15/2015,20:07:01,16.75,16.75,M,Chicken,"Barbecued Chicken, Red Peppers, Green Peppers, Tomatoes, Red Onions, Barbecue Sauce",The Barbecue Chicken Pizza
2026,904,pep_msh_pep_s,1,1/15/2015,20:07:01,11,11,S,Classic,"Pepperoni, Mushrooms, Green Peppers","The Pepperoni, Mushroom, and Peppers Pizza"
2027,905,bbq_ckn_m,1,1/15/2015,20:12:06,16.75,16.75,M,Chicken,"Barbecued Chicken, Red Peppers, Green Peppers, Tomatoes, Red Onions, Barbecue Sauce",The Barbecue Chicken Pizza
2028,905,ital_veggie_m,1,1/15/2015,20:12:06,16.75,16.75,M,Veggie,"Eggplant, Artichokes, Tomatoes, Zucchini, Red Peppers, Garlic, Pesto Sauce",The Italian Vegetables Pizza
2029,905,veggie_veg_m,1,1/15/2015,20:12:06,16,16,M,Veggie,"Mushrooms, Tomatoes, Red Peppers, Green Peppers, Red Onions, Zucchini, Spinach, Garlic",The Vegetables + Vegetables Pizza
2030,906,soppressata_s,1,1/15/2015,20:51:59,12.5,12.5,S,Supreme,"Soppressata Salami, Fontina Cheese, Mozzarella Cheese, Mushrooms, Garlic",The Soppressata Pizza
2031,906,southw_ckn_l,1,1/15/2015,20:51:59,20.75,20.75,L,Chicken,"Chicken, Tomatoes, Red Peppers, Red Onions, Jalapeno Peppers, Corn, Cilantro, Chipotle Sauce",The Southwest Chicken Pizza
2032,907,sicilian_s,1,1/15/2015,20:54:32,12.25,12.25,S,Supreme,"Coarse Sicilian Salami, Tomatoes, Green Olives, Luganega Sausage, Onions, Garlic",The Sicilian Pizza
2033,908,pepperoni_m,1,1/15/2015,21:42:32,12.5,12.5,M,Classic,"Mozzarella Cheese, Pepperoni",The Pepperoni Pizza
2034,908,thai_ckn_l,1,1/15/2015,21:42:32,20.75,20.75,L,Chicken,"Chicken, Pineapple, Tomatoes, Red Peppers, Thai Sweet Chilli Sauce",The Thai Chicken Pizza
2035,909,bbq_ckn_l,1,1/16/2015,11:19:25,20.75,20.75,L,Chicken,"Barbecued Chicken, Red Peppers, Green Peppers, Tomatoes, Red Onions, Barbecue Sauce",The Barbecue Chicken Pizza
2036,909,ital_veggie_m,1,1/16/2015,11:19:25,16.75,16.75,M,Veggie,"Eggplant, Artichokes, Tomatoes, Zucchini, Red Peppers, Garlic, Pesto Sauce",The Italian Vegetables Pizza
2037,909,spicy_ital_s,1,1/16/2015,11:19:25,12.5,12.5,S,Supreme,"Capocollo, Tomatoes, Goat Cheese, Artichokes, Peperoncini verdi, Garlic",The Spicy Italian Pizza
2038,910,ital_cpcllo_s,1,1/16/2015,11:25:40,12,12,S,Classic,"Capocollo, Red Peppers, Tomatoes, Goat Cheese, Garlic, Oregano",The Italian Capocollo Pizza
2039,910,prsc_argla_s,1,1/16/2015,11:25:40,12.5,12.5,S,Supreme,"Prosciutto di San Daniele, Arugula, Mozzarella Cheese",The Prosciutto and Arugula Pizza
2040,910,veggie_veg_l,1,1/16/2015,11:25:40,20.25,20.25,L,Veggie,"Mushrooms, Tomatoes, Red Peppers, Green Peppers, Red Onions, Zucchini, Spinach, Garlic",The Vegetables + Vegetables Pizza
2041,911,bbq_ckn_s,1,1/16/2015,11:36:00,12.75,12.75,S,Chicken,"Barbecued Chicken, Red Peppers, Green Peppers, Tomatoes, Red Onions, Barbecue Sauce",The Barbecue Chicken Pizza
2042,911,spinach_fet_s,1,1/16/2015,11:36:00,12,12,S,Veggie,"Spinach, Mushrooms, Red Onions, Feta Cheese, Garlic",The Spinach and Feta Pizza
2043,912,pep_msh_pep_m,1,1/16/2015,11:39:48,14.5,14.5,M,Classic,"Pepperoni, Mushrooms, Green Peppers","The Pepperoni, Mushroom, and Peppers Pizza"
2044,913,spinach_supr_s,1,1/16/2015,11:55:24,12.5,12.5,S,Supreme,"Spinach, Red Onions, Pepperoni, Tomatoes, Artichokes, Kalamata Olives, Garlic, Asiago Cheese",The Spinach Supreme Pizza
2045,914,veggie_veg_m,1,1/16/2015,12:14:22,16,16,M,Veggie,"Mushrooms, Tomatoes, Red Peppers, Green Peppers, Red Onions, Zucchini, Spinach, Garlic",The Vegetables + Vegetables Pizza
2046,915,bbq_ckn_m,1,1/16/2015,12:20:22,16.75,16.75,M,Chicken,"Barbecued Chicken, Red Peppers, Green Peppers, Tomatoes, Red Onions, Barbecue Sauce",The Barbecue Chicken Pizza
2047,915,five_cheese_l,1,1/16/2015,12:20:22,18.5,18.5,L,Veggie,"Mozzarella Cheese, Provolone Cheese, Smoked Gouda Cheese, Romano Cheese, Blue Cheese, Garlic",The Five Cheese Pizza
2048,915,green_garden_s,1,1/16/2015,12:20:22,12,12,S,Veggie,"Spinach, Mushrooms, Tomatoes, Green Olives, Feta Cheese",The Green Garden Pizza
2049,915,napolitana_m,1,1/16/2015,12:20:22,16,16,M,Classic,"Tomatoes, Anchovies, Green Olives, Red Onions, Garlic",The Napolitana Pizza
2050,915,pepperoni_l,1,1/16/2015,12:20:22,15.25,15.25,L,Classic,"Mozzarella Cheese, Pepperoni",The Pepperoni Pizza
2051,915,pepperoni_m,1,1/16/2015,12:20:22,12.5,12.5,M,Classic,"Mozzarella Cheese, Pepperoni",The Pepperoni Pizza
2052,915,prsc_argla_s,1,1/16/2015,12:20:22,12.5,12.5,S,Supreme,"Prosciutto di San Daniele, Arugula, Mozzarella Cheese",The Prosciutto and Arugula Pizza
2053,915,spicy_ital_l,1,1/16/2015,12:20:22,20.75,20.75,L,Supreme,"Capocollo, Tomatoes, Goat Cheese, Artichokes, Peperoncini verdi, Garlic",The Spicy Italian Pizza
2054,916,ital_supr_m,1,1/16/2015,12:30:09,16.5,16.5,M,Supreme,"Calabrese Salami, Capocollo, Tomatoes, Red Onions, Green Olives, Garlic",The Italian Supreme Pizza
2055,916,mexicana_l,1,1/16/2015,12:30:09,20.25,20.25,L,Veggie,"Tomatoes, Red Peppers, Jalapeno Peppers, Red Onions, Cilantro, Corn, Chipotle Sauce, Garlic",The Mexicana Pizza
2056,916,pepperoni_l,1,1/16/2015,12:30:09,15.25,15.25,L,Classic,"Mozzarella Cheese, Pepperoni",The Pepperoni Pizza
2057,916,the_greek_xl,1,1/16/2015,12:30:09,25.5,25.5,XL,Classic,"Kalamata Olives, Feta Cheese, Tomatoes, Garlic, Beef Chuck Roast, Red Onions",The Greek Pizza
2058,917,southw_ckn_l,1,1/16/2015,12:34:15,20.75,20.75,L,Chicken,"Chicken, Tomatoes, Red Peppers, Red Onions, Jalapeno Peppers, Corn, Cilantro, Chipotle Sauce",The Southwest Chicken Pizza
2059,918,spinach_fet_s,1,1/16/2015,13:06:04,12,12,S,Veggie,"Spinach, Mushrooms, Red Onions, Feta Cheese, Garlic",The Spinach and Feta Pizza
2060,919,napolitana_l,1,1/16/2015,13:11:15,20.5,20.5,L,Classic,"Tomatoes, Anchovies, Green Olives, Red Onions, Garlic",The Napolitana Pizza
2061,920,bbq_ckn_m,1,1/16/2015,13:16:55,16.75,16.75,M,Chicken,"Barbecued Chicken, Red Peppers, Green Peppers, Tomatoes, Red Onions, Barbecue Sauce",The Barbecue Chicken Pizza
2062,920,classic_dlx_m,1,1/16/2015,13:16:55,16,16,M,Classic,"Pepperoni, Mushrooms, Red Onions, Red Peppers, Bacon",The Classic Deluxe Pizza
2063,921,southw_ckn_l,1,1/16/2015,13:18:32,20.75,20.75,L,Chicken,"Chicken, Tomatoes, Red Peppers, Red Onions, Jalapeno Peppers, Corn, Cilantro, Chipotle Sauce",The Southwest Chicken Pizza
2064,921,spin_pesto_l,1,1/16/2015,13:18:32,20.75,20.75,L,Veggie,"Spinach, Artichokes, Tomatoes, Sun-dried Tomatoes, Garlic, Pesto Sauce",The Spinach Pesto Pizza
2065,922,calabrese_m,1,1/16/2015,13:19:43,16.25,16.25,M,Supreme,"æ…›duja Salami, Pancetta, Tomatoes, Red Onions, Friggitello Peppers, Garlic",The Calabrese Pizza
2066,922,pepperoni_m,1,1/16/2015,13:19:43,12.5,12.5,M,Classic,"Mozzarella Cheese, Pepperoni",The Pepperoni Pizza
2067,922,southw_ckn_l,1,1/16/2015,13:19:43,20.75,20.75,L,Chicken,"Chicken, Tomatoes, Red Peppers, Red Onions, Jalapeno Peppers, Corn, Cilantro, Chipotle Sauce",The Southwest Chicken Pizza
2068,923,mexicana_m,1,1/16/2015,13:23:29,16,16,M,Veggie,"Tomatoes, Red Peppers, Jalapeno Peppers, Red Onions, Cilantro, Corn, Chipotle Sauce, Garlic",The Mexicana Pizza
2069,923,spinach_fet_s,1,1/16/2015,13:23:29,12,12,S,Veggie,"Spinach, Mushrooms, Red Onions, Feta Cheese, Garlic",The Spinach and Feta Pizza
2070,924,pepperoni_l,1,1/16/2015,13:27:57,15.25,15.25,L,Classic,"Mozzarella Cheese, Pepperoni",The Pepperoni Pizza
2071,924,southw_ckn_l,1,1/16/2015,13:27:57,20.75,20.75,L,Chicken,"Chicken, Tomatoes, Red Peppers, Red Onions, Jalapeno Peppers, Corn, Cilantro, Chipotle Sauce",The Southwest Chicken Pizza
2072,925,veggie_veg_l,1,1/16/2015,13:42:47,20.25,20.25,L,Veggie,"Mushrooms, Tomatoes, Red Peppers, Green Peppers, Red Onions, Zucchini, Spinach, Garlic",The Vegetables + Vegetables Pizza
2073,926,classic_dlx_m,1,1/16/2015,13:51:38,16,16,M,Classic,"Pepperoni, Mushrooms, Red Onions, Red Peppers, Bacon",The Classic Deluxe Pizza
2074,926,pepperoni_l,1,1/16/2015,13:51:38,15.25,15.25,L,Classic,"Mozzarella Cheese, Pepperoni",The Pepperoni Pizza
2075,926,sicilian_s,1,1/16/2015,13:51:38,12.25,12.25,S,Supreme,"Coarse Sicilian Salami, Tomatoes, Green Olives, Luganega Sausage, Onions, Garlic",The Sicilian Pizza
2076,926,veggie_veg_l,1,1/16/2015,13:51:38,20.25,20.25,L,Veggie,"Mushrooms, Tomatoes, Red Peppers, Green Peppers, Red Onions, Zucchini, Spinach, Garlic",The Vegetables + Vegetables Pizza
2077,927,cali_ckn_m,1,1/16/2015,13:59:21,16.75,16.75,M,Chicken,"Chicken, Artichoke, Spinach, Garlic, Jalapeno Peppers, Fontina Cheese, Gouda Cheese",The California Chicken Pizza
2078,927,ckn_alfredo_m,1,1/16/2015,13:59:21,16.75,16.75,M,Chicken,"Chicken, Red Onions, Red Peppers, Mushrooms, Asiago Cheese, Alfredo Sauce",The Chicken Alfredo Pizza
2079,927,classic_dlx_m,1,1/16/2015,13:59:21,16,16,M,Classic,"Pepperoni, Mushrooms, Red Onions, Red Peppers, Bacon",The Classic Deluxe Pizza
2080,927,four_cheese_m,1,1/16/2015,13:59:21,14.75,14.75,M,Veggie,"Ricotta Cheese, Gorgonzola Piccante Cheese, Mozzarella Cheese, Parmigiano Reggiano Cheese, Garlic",The Four Cheese Pizza
2081,927,hawaiian_s,1,1/16/2015,13:59:21,10.5,10.5,S,Classic,"Sliced Ham, Pineapple, Mozzarella Cheese",The Hawaiian Pizza
2082,927,ital_cpcllo_s,1,1/16/2015,13:59:21,12,12,S,Classic,"Capocollo, Red Peppers, Tomatoes, Goat Cheese, Garlic, Oregano",The Italian Capocollo Pizza
2083,927,mexicana_m,1,1/16/2015,13:59:21,16,16,M,Veggie,"Tomatoes, Red Peppers, Jalapeno Peppers, Red Onions, Cilantro, Corn, Chipotle Sauce, Garlic",The Mexicana Pizza
2084,927,napolitana_m,1,1/16/2015,13:59:21,16,16,M,Classic,"Tomatoes, Anchovies, Green Olives, Red Onions, Garlic",The Napolitana Pizza
2085,927,spinach_fet_m,1,1/16/2015,13:59:21,16,16,M,Veggie,"Spinach, Mushrooms, Red Onions, Feta Cheese, Garlic",The Spinach and Feta Pizza
2086,928,cali_ckn_l,1,1/16/2015,14:14:40,20.75,20.75,L,Chicken,"Chicken, Artichoke, Spinach, Garlic, Jalapeno Peppers, Fontina Cheese, Gouda Cheese",The California Chicken Pizza
2087,928,thai_ckn_l,1,1/16/2015,14:14:40,20.75,20.75,L,Chicken,"Chicken, Pineapple, Tomatoes, Red Peppers, Thai Sweet Chilli Sauce",The Thai Chicken Pizza
2088,929,five_cheese_l,1,1/16/2015,14:24:45,18.5,18.5,L,Veggie,"Mozzarella Cheese, Provolone Cheese, Smoked Gouda Cheese, Romano Cheese, Blue Cheese, Garlic",The Five Cheese Pizza
2089,930,ital_cpcllo_s,1,1/16/2015,15:00:11,12,12,S,Classic,"Capocollo, Red Peppers, Tomatoes, Goat Cheese, Garlic, Oregano",The Italian Capocollo Pizza
2090,930,napolitana_l,1,1/16/2015,15:00:11,20.5,20.5,L,Classic,"Tomatoes, Anchovies, Green Olives, Red Onions, Garlic",The Napolitana Pizza
2091,930,pep_msh_pep_s,1,1/16/2015,15:00:11,11,11,S,Classic,"Pepperoni, Mushrooms, Green Peppers","The Pepperoni, Mushroom, and Peppers Pizza"
2092,931,bbq_ckn_l,1,1/16/2015,15:27:24,20.75,20.75,L,Chicken,"Barbecued Chicken, Red Peppers, Green Peppers, Tomatoes, Red Onions, Barbecue Sauce",The Barbecue Chicken Pizza
2093,931,five_cheese_l,1,1/16/2015,15:27:24,18.5,18.5,L,Veggie,"Mozzarella Cheese, Provolone Cheese, Smoked Gouda Cheese, Romano Cheese, Blue Cheese, Garlic",The Five Cheese Pizza
2094,931,peppr_salami_s,1,1/16/2015,15:27:24,12.5,12.5,S,Supreme,"Genoa Salami, Capocollo, Pepperoni, Tomatoes, Asiago Cheese, Garlic",The Pepper Salami Pizza
2095,932,calabrese_m,1,1/16/2015,15:33:19,16.25,16.25,M,Supreme,"æ…›duja Salami, Pancetta, Tomatoes, Red Onions, Friggitello Peppers, Garlic",The Calabrese Pizza
2096,932,thai_ckn_s,1,1/16/2015,15:33:19,12.75,12.75,S,Chicken,"Chicken, Pineapple, Tomatoes, Red Peppers, Thai Sweet Chilli Sauce",The Thai Chicken Pizza
2097,933,five_cheese_l,1,1/16/2015,15:49:05,18.5,18.5,L,Veggie,"Mozzarella Cheese, Provolone Cheese, Smoked Gouda Cheese, Romano Cheese, Blue Cheese, Garlic",The Five Cheese Pizza
2098,934,thai_ckn_l,1,1/16/2015,15:55:24,20.75,20.75,L,Chicken,"Chicken, Pineapple, Tomatoes, Red Peppers, Thai Sweet Chilli Sauce",The Thai Chicken Pizza
2099,935,big_meat_s,1,1/16/2015,16:14:59,12,12,S,Classic,"Bacon, Pepperoni, Italian Sausage, Chorizo Sausage",The Big Meat Pizza
2100,935,spicy_ital_l,1,1/16/2015,16:14:59,20.75,20.75,L,Supreme,"Capocollo, Tomatoes, Goat Cheese, Artichokes, Peperoncini verdi, Garlic",The Spicy Italian Pizza
2101,935,spinach_fet_m,1,1/16/2015,16:14:59,16,16,M,Veggie,"Spinach, Mushrooms, Red Onions, Feta Cheese, Garlic",The Spinach and Feta Pizza
2102,935,the_greek_m,1,1/16/2015,16:14:59,16,16,M,Classic,"Kalamata Olives, Feta Cheese, Tomatoes, Garlic, Beef Chuck Roast, Red Onions",The Greek Pizza
2103,936,sicilian_s,1,1/16/2015,16:19:19,12.25,12.25,S,Supreme,"Coarse Sicilian Salami, Tomatoes, Green Olives, Luganega Sausage, Onions, Garlic",The Sicilian Pizza
2104,937,spicy_ital_s,1,1/16/2015,16:20:32,12.5,12.5,S,Supreme,"Capocollo, Tomatoes, Goat Cheese, Artichokes, Peperoncini verdi, Garlic",The Spicy Italian Pizza
2105,938,ital_supr_m,1,1/16/2015,16:43:09,16.5,16.5,M,Supreme,"Calabrese Salami, Capocollo, Tomatoes, Red Onions, Green Olives, Garlic",The Italian Supreme Pizza
2106,938,peppr_salami_l,1,1/16/2015,16:43:09,20.75,20.75,L,Supreme,"Genoa Salami, Capocollo, Pepperoni, Tomatoes, Asiago Cheese, Garlic",The Pepper Salami Pizza
2107,938,spinach_fet_l,1,1/16/2015,16:43:09,20.25,20.25,L,Veggie,"Spinach, Mushrooms, Red Onions, Feta Cheese, Garlic",The Spinach and Feta Pizza
2108,939,peppr_salami_l,1,1/16/2015,16:59:23,20.75,20.75,L,Supreme,"Genoa Salami, Capocollo, Pepperoni, Tomatoes, Asiago Cheese, Garlic",The Pepper Salami Pizza
2109,939,spin_pesto_s,1,1/16/2015,16:59:23,12.5,12.5,S,Veggie,"Spinach, Artichokes, Tomatoes, Sun-dried Tomatoes, Garlic, Pesto Sauce",The Spinach Pesto Pizza
2110,940,napolitana_l,1,1/16/2015,17:05:08,20.5,20.5,L,Classic,"Tomatoes, Anchovies, Green Olives, Red Onions, Garlic",The Napolitana Pizza
2111,940,pep_msh_pep_m,1,1/16/2015,17:05:08,14.5,14.5,M,Classic,"Pepperoni, Mushrooms, Green Peppers","The Pepperoni, Mushroom, and Peppers Pizza"
2112,940,peppr_salami_m,1,1/16/2015,17:05:08,16.5,16.5,M,Supreme,"Genoa Salami, Capocollo, Pepperoni, Tomatoes, Asiago Cheese, Garlic",The Pepper Salami Pizza
2113,941,green_garden_m,1,1/16/2015,17:09:08,16,16,M,Veggie,"Spinach, Mushrooms, Tomatoes, Green Olives, Feta Cheese",The Green Garden Pizza
2114,941,ital_cpcllo_l,1,1/16/2015,17:09:08,20.5,20.5,L,Classic,"Capocollo, Red Peppers, Tomatoes, Goat Cheese, Garlic, Oregano",The Italian Capocollo Pizza
2115,942,bbq_ckn_m,1,1/16/2015,17:18:37,16.75,16.75,M,Chicken,"Barbecued Chicken, Red Peppers, Green Peppers, Tomatoes, Red Onions, Barbecue Sauce",The Barbecue Chicken Pizza
2116,942,southw_ckn_l,1,1/16/2015,17:18:37,20.75,20.75,L,Chicken,"Chicken, Tomatoes, Red Peppers, Red Onions, Jalapeno Peppers, Corn, Cilantro, Chipotle Sauce",The Southwest Chicken Pizza
2117,943,sicilian_s,1,1/16/2015,17:22:00,12.25,12.25,S,Supreme,"Coarse Sicilian Salami, Tomatoes, Green Olives, Luganega Sausage, Onions, Garlic",The Sicilian Pizza
2118,944,classic_dlx_m,1,1/16/2015,17:54:33,16,16,M,Classic,"Pepperoni, Mushrooms, Red Onions, Red Peppers, Bacon",The Classic Deluxe Pizza
2119,945,bbq_ckn_l,1,1/16/2015,17:58:38,20.75,20.75,L,Chicken,"Barbecued Chicken, Red Peppers, Green Peppers, Tomatoes, Red Onions, Barbecue Sauce",The Barbecue Chicken Pizza
2120,945,five_cheese_l,1,1/16/2015,17:58:38,18.5,18.5,L,Veggie,"Mozzarella Cheese, Provolone Cheese, Smoked Gouda Cheese, Romano Cheese, Blue Cheese, Garlic",The Five Cheese Pizza
2121,945,four_cheese_l,1,1/16/2015,17:58:38,17.95,17.95,L,Veggie,"Ricotta Cheese, Gorgonzola Piccante Cheese, Mozzarella Cheese, Parmigiano Reggiano Cheese, Garlic",The Four Cheese Pizza
2122,945,hawaiian_s,1,1/16/2015,17:58:38,10.5,10.5,S,Classic,"Sliced Ham, Pineapple, Mozzarella Cheese",The Hawaiian Pizza
2123,946,cali_ckn_s,1,1/16/2015,18:00:48,12.75,12.75,S,Chicken,"Chicken, Artichoke, Spinach, Garlic, Jalapeno Peppers, Fontina Cheese, Gouda Cheese",The California Chicken Pizza
2124,946,pepperoni_s,1,1/16/2015,18:00:48,9.75,9.75,S,Classic,"Mozzarella Cheese, Pepperoni",The Pepperoni Pizza
2125,946,spin_pesto_l,1,1/16/2015,18:00:48,20.75,20.75,L,Veggie,"Spinach, Artichokes, Tomatoes, Sun-dried Tomatoes, Garlic, Pesto Sauce",The Spinach Pesto Pizza
2126,946,spinach_supr_s,1,1/16/2015,18:00:48,12.5,12.5,S,Supreme,"Spinach, Red Onions, Pepperoni, Tomatoes, Artichokes, Kalamata Olives, Garlic, Asiago Cheese",The Spinach Supreme Pizza
2127,947,cali_ckn_m,1,1/16/2015,18:13:15,16.75,16.75,M,Chicken,"Chicken, Artichoke, Spinach, Garlic, Jalapeno Peppers, Fontina Cheese, Gouda Cheese",The California Chicken Pizza
2128,947,pepperoni_l,1,1/16/2015,18:13:15,15.25,15.25,L,Classic,"Mozzarella Cheese, Pepperoni",The Pepperoni Pizza
2129,947,the_greek_xl,1,1/16/2015,18:13:15,25.5,25.5,XL,Classic,"Kalamata Olives, Feta Cheese, Tomatoes, Garlic, Beef Chuck Roast, Red Onions",The Greek Pizza
2130,948,pep_msh_pep_s,1,1/16/2015,18:42:17,11,11,S,Classic,"Pepperoni, Mushrooms, Green Peppers","The Pepperoni, Mushroom, and Peppers Pizza"
2131,948,pepperoni_l,1,1/16/2015,18:42:17,15.25,15.25,L,Classic,"Mozzarella Cheese, Pepperoni",The Pepperoni Pizza
2132,948,spicy_ital_l,1,1/16/2015,18:42:17,20.75,20.75,L,Supreme,"Capocollo, Tomatoes, Goat Cheese, Artichokes, Peperoncini verdi, Garlic",The Spicy Italian Pizza
2133,948,veggie_veg_s,1,1/16/2015,18:42:17,12,12,S,Veggie,"Mushrooms, Tomatoes, Red Peppers, Green Peppers, Red Onions, Zucchini, Spinach, Garlic",The Vegetables + Vegetables Pizza
2134,949,mexicana_l,1,1/16/2015,18:52:18,20.25,20.25,L,Veggie,"Tomatoes, Red Peppers, Jalapeno Peppers, Red Onions, Cilantro, Corn, Chipotle Sauce, Garlic",The Mexicana Pizza
2135,949,veggie_veg_m,1,1/16/2015,18:52:18,16,16,M,Veggie,"Mushrooms, Tomatoes, Red Peppers, Green Peppers, Red Onions, Zucchini, Spinach, Garlic",The Vegetables + Vegetables Pizza
2136,950,cali_ckn_m,1,1/16/2015,18:57:56,16.75,16.75,M,Chicken,"Chicken, Artichoke, Spinach, Garlic, Jalapeno Peppers, Fontina Cheese, Gouda Cheese",The California Chicken Pizza
2137,951,ital_veggie_m,1,1/16/2015,19:03:46,16.75,16.75,M,Veggie,"Eggplant, Artichokes, Tomatoes, Zucchini, Red Peppers, Garlic, Pesto Sauce",The Italian Vegetables Pizza
2138,952,big_meat_s,1,1/16/2015,19:05:35,12,12,S,Classic,"Bacon, Pepperoni, Italian Sausage, Chorizo Sausage",The Big Meat Pizza
2139,952,calabrese_l,1,1/16/2015,19:05:35,20.25,20.25,L,Supreme,"æ…›duja Salami, Pancetta, Tomatoes, Red Onions, Friggitello Peppers, Garlic",The Calabrese Pizza
2140,952,peppr_salami_m,1,1/16/2015,19:05:35,16.5,16.5,M,Supreme,"Genoa Salami, Capocollo, Pepperoni, Tomatoes, Asiago Cheese, Garlic",The Pepper Salami Pizza
2141,952,spinach_fet_s,1,1/16/2015,19:05:35,12,12,S,Veggie,"Spinach, Mushrooms, Red Onions, Feta Cheese, Garlic",The Spinach and Feta Pizza
2142,953,bbq_ckn_s,1,1/16/2015,19:12:08,12.75,12.75,S,Chicken,"Barbecued Chicken, Red Peppers, Green Peppers, Tomatoes, Red Onions, Barbecue Sauce",The Barbecue Chicken Pizza
2143,953,ckn_alfredo_m,1,1/16/2015,19:12:08,16.75,16.75,M,Chicken,"Chicken, Red Onions, Red Peppers, Mushrooms, Asiago Cheese, Alfredo Sauce",The Chicken Alfredo Pizza
2144,953,spinach_fet_s,1,1/16/2015,19:12:08,12,12,S,Veggie,"Spinach, Mushrooms, Red Onions, Feta Cheese, Garlic",The Spinach and Feta Pizza
2145,954,thai_ckn_l,2,1/16/2015,19:14:03,20.75,41.5,L,Chicken,"Chicken, Pineapple, Tomatoes, Red Peppers, Thai Sweet Chilli Sauce",The Thai Chicken Pizza
2146,955,cali_ckn_m,1,1/16/2015,19:24:16,16.75,16.75,M,Chicken,"Chicken, Artichoke, Spinach, Garlic, Jalapeno Peppers, Fontina Cheese, Gouda Cheese",The California Chicken Pizza
2147,955,five_cheese_l,1,1/16/2015,19:24:16,18.5,18.5,L,Veggie,"Mozzarella Cheese, Provolone Cheese, Smoked Gouda Cheese, Romano Cheese, Blue Cheese, Garlic",The Five Cheese Pizza
2148,955,napolitana_l,1,1/16/2015,19:24:16,20.5,20.5,L,Classic,"Tomatoes, Anchovies, Green Olives, Red Onions, Garlic",The Napolitana Pizza
2149,956,prsc_argla_m,1,1/16/2015,19:24:40,16.5,16.5,M,Supreme,"Prosciutto di San Daniele, Arugula, Mozzarella Cheese",The Prosciutto and Arugula Pizza
2150,956,thai_ckn_s,1,1/16/2015,19:24:40,12.75,12.75,S,Chicken,"Chicken, Pineapple, Tomatoes, Red Peppers, Thai Sweet Chilli Sauce",The Thai Chicken Pizza
2151,957,four_cheese_l,1,1/16/2015,19:32:12,17.95,17.95,L,Veggie,"Ricotta Cheese, Gorgonzola Piccante Cheese, Mozzarella Cheese, Parmigiano Reggiano Cheese, Garlic",The Four Cheese Pizza
2152,957,green_garden_l,1,1/16/2015,19:32:12,20.25,20.25,L,Veggie,"Spinach, Mushrooms, Tomatoes, Green Olives, Feta Cheese",The Green Garden Pizza
2153,957,ital_veggie_s,1,1/16/2015,19:32:12,12.75,12.75,S,Veggie,"Eggplant, Artichokes, Tomatoes, Zucchini, Red Peppers, Garlic, Pesto Sauce",The Italian Vegetables Pizza
2154,957,spin_pesto_l,1,1/16/2015,19:32:12,20.75,20.75,L,Veggie,"Spinach, Artichokes, Tomatoes, Sun-dried Tomatoes, Garlic, Pesto Sauce",The Spinach Pesto Pizza
2155,958,pepperoni_l,1,1/16/2015,19:33:33,15.25,15.25,L,Classic,"Mozzarella Cheese, Pepperoni",The Pepperoni Pizza
2156,959,cali_ckn_s,1,1/16/2015,19:34:00,12.75,12.75,S,Chicken,"Chicken, Artichoke, Spinach, Garlic, Jalapeno Peppers, Fontina Cheese, Gouda Cheese",The California Chicken Pizza
2157,959,spin_pesto_m,1,1/16/2015,19:34:00,16.5,16.5,M,Veggie,"Spinach, Artichokes, Tomatoes, Sun-dried Tomatoes, Garlic, Pesto Sauce",The Spinach Pesto Pizza
2158,960,spicy_ital_l,2,1/16/2015,19:35:00,20.75,41.5,L,Supreme,"Capocollo, Tomatoes, Goat Cheese, Artichokes, Peperoncini verdi, Garlic",The Spicy Italian Pizza
2159,961,bbq_ckn_s,1,1/16/2015,19:42:20,12.75,12.75,S,Chicken,"Barbecued Chicken, Red Peppers, Green Peppers, Tomatoes, Red Onions, Barbecue Sauce",The Barbecue Chicken Pizza
2160,961,ital_cpcllo_l,1,1/16/2015,19:42:20,20.5,20.5,L,Classic,"Capocollo, Red Peppers, Tomatoes, Goat Cheese, Garlic, Oregano",The Italian Capocollo Pizza
2161,962,big_meat_s,1,1/16/2015,19:55:17,12,12,S,Classic,"Bacon, Pepperoni, Italian Sausage, Chorizo Sausage",The Big Meat Pizza
2162,962,pep_msh_pep_l,1,1/16/2015,19:55:17,17.5,17.5,L,Classic,"Pepperoni, Mushrooms, Green Peppers","The Pepperoni, Mushroom, and Peppers Pizza"
2163,963,cali_ckn_m,2,1/16/2015,20:06:41,16.75,33.5,M,Chicken,"Chicken, Artichoke, Spinach, Garlic, Jalapeno Peppers, Fontina Cheese, Gouda Cheese",The California Chicken Pizza
2164,963,ckn_pesto_l,1,1/16/2015,20:06:41,20.75,20.75,L,Chicken,"Chicken, Tomatoes, Red Peppers, Spinach, Garlic, Pesto Sauce",The Chicken Pesto Pizza
2165,963,sicilian_m,1,1/16/2015,20:06:41,16.25,16.25,M,Supreme,"Coarse Sicilian Salami, Tomatoes, Green Olives, Luganega Sausage, Onions, Garlic",The Sicilian Pizza
2166,964,big_meat_s,1,1/16/2015,20:24:37,12,12,S,Classic,"Bacon, Pepperoni, Italian Sausage, Chorizo Sausage",The Big Meat Pizza
2167,964,four_cheese_m,1,1/16/2015,20:24:37,14.75,14.75,M,Veggie,"Ricotta Cheese, Gorgonzola Piccante Cheese, Mozzarella Cheese, Parmigiano Reggiano Cheese, Garlic",The Four Cheese Pizza
2168,965,green_garden_s,1,1/16/2015,20:41:02,12,12,S,Veggie,"Spinach, Mushrooms, Tomatoes, Green Olives, Feta Cheese",The Green Garden Pizza
2169,965,spicy_ital_l,1,1/16/2015,20:41:02,20.75,20.75,L,Supreme,"Capocollo, Tomatoes, Goat Cheese, Artichokes, Peperoncini verdi, Garlic",The Spicy Italian Pizza
2170,965,spinach_fet_m,1,1/16/2015,20:41:02,16,16,M,Veggie,"Spinach, Mushrooms, Red Onions, Feta Cheese, Garlic",The Spinach and Feta Pizza
2171,965,thai_ckn_m,1,1/16/2015,20:41:02,16.75,16.75,M,Chicken,"Chicken, Pineapple, Tomatoes, Red Peppers, Thai Sweet Chilli Sauce",The Thai Chicken Pizza
2172,966,sicilian_s,1,1/16/2015,20:59:17,12.25,12.25,S,Supreme,"Coarse Sicilian Salami, Tomatoes, Green Olives, Luganega Sausage, Onions, Garlic",The Sicilian Pizza
2173,966,spinach_fet_l,1,1/16/2015,20:59:17,20.25,20.25,L,Veggie,"Spinach, Mushrooms, Red Onions, Feta Cheese, Garlic",The Spinach and Feta Pizza
2174,967,mediterraneo_m,1,1/16/2015,21:03:33,16,16,M,Veggie,"Spinach, Artichokes, Kalamata Olives, Sun-dried Tomatoes, Feta Cheese, Plum Tomatoes, Red Onions",The Mediterranean Pizza
2175,968,hawaiian_s,1,1/16/2015,21:23:01,10.5,10.5,S,Classic,"Sliced Ham, Pineapple, Mozzarella Cheese",The Hawaiian Pizza
2176,968,ital_cpcllo_s,1,1/16/2015,21:23:01,12,12,S,Classic,"Capocollo, Red Peppers, Tomatoes, Goat Cheese, Garlic, Oregano",The Italian Capocollo Pizza
2177,969,mexicana_m,1,1/16/2015,21:36:19,16,16,M,Veggie,"Tomatoes, Red Peppers, Jalapeno Peppers, Red Onions, Cilantro, Corn, Chipotle Sauce, Garlic",The Mexicana Pizza
2178,970,classic_dlx_m,1,1/16/2015,21:44:35,16,16,M,Classic,"Pepperoni, Mushrooms, Red Onions, Red Peppers, Bacon",The Classic Deluxe Pizza
2179,970,spicy_ital_l,1,1/16/2015,21:44:35,20.75,20.75,L,Supreme,"Capocollo, Tomatoes, Goat Cheese, Artichokes, Peperoncini verdi, Garlic",The Spicy Italian Pizza
2180,971,ckn_alfredo_m,1,1/16/2015,21:46:20,16.75,16.75,M,Chicken,"Chicken, Red Onions, Red Peppers, Mushrooms, Asiago Cheese, Alfredo Sauce",The Chicken Alfredo Pizza
2181,971,classic_dlx_m,1,1/16/2015,21:46:20,16,16,M,Classic,"Pepperoni, Mushrooms, Red Onions, Red Peppers, Bacon",The Classic Deluxe Pizza
2182,971,ital_supr_l,1,1/16/2015,21:46:20,20.75,20.75,L,Supreme,"Calabrese Salami, Capocollo, Tomatoes, Red Onions, Green Olives, Garlic",The Italian Supreme Pizza
2183,971,sicilian_l,1,1/16/2015,21:46:20,20.25,20.25,L,Supreme,"Coarse Sicilian Salami, Tomatoes, Green Olives, Luganega Sausage, Onions, Garlic",The Sicilian Pizza
2184,972,pepperoni_l,1,1/16/2015,22:03:09,15.25,15.25,L,Classic,"Mozzarella Cheese, Pepperoni",The Pepperoni Pizza
2185,972,pepperoni_s,1,1/16/2015,22:03:09,9.75,9.75,S,Classic,"Mozzarella Cheese, Pepperoni",The Pepperoni Pizza
2186,973,mexicana_l,1,1/16/2015,22:06:08,20.25,20.25,L,Veggie,"Tomatoes, Red Peppers, Jalapeno Peppers, Red Onions, Cilantro, Corn, Chipotle Sauce, Garlic",The Mexicana Pizza
2187,974,classic_dlx_s,1,1/16/2015,22:06:53,12,12,S,Classic,"Pepperoni, Mushrooms, Red Onions, Red Peppers, Bacon",The Classic Deluxe Pizza
2188,975,green_garden_m,1,1/16/2015,22:10:21,16,16,M,Veggie,"Spinach, Mushrooms, Tomatoes, Green Olives, Feta Cheese",The Green Garden Pizza
2189,975,mediterraneo_l,1,1/16/2015,22:10:21,20.25,20.25,L,Veggie,"Spinach, Artichokes, Kalamata Olives, Sun-dried Tomatoes, Feta Cheese, Plum Tomatoes, Red Onions",The Mediterranean Pizza
2190,976,pepperoni_l,1,1/17/2015,11:53:19,15.25,15.25,L,Classic,"Mozzarella Cheese, Pepperoni",The Pepperoni Pizza
2191,977,pep_msh_pep_m,1,1/17/2015,12:01:58,14.5,14.5,M,Classic,"Pepperoni, Mushrooms, Green Peppers","The Pepperoni, Mushroom, and Peppers Pizza"
2192,977,thai_ckn_l,1,1/17/2015,12:01:58,20.75,20.75,L,Chicken,"Chicken, Pineapple, Tomatoes, Red Peppers, Thai Sweet Chilli Sauce",The Thai Chicken Pizza
2193,978,bbq_ckn_s,1,1/17/2015,12:24:36,12.75,12.75,S,Chicken,"Barbecued Chicken, Red Peppers, Green Peppers, Tomatoes, Red Onions, Barbecue Sauce",The Barbecue Chicken Pizza
2194,978,big_meat_s,1,1/17/2015,12:24:36,12,12,S,Classic,"Bacon, Pepperoni, Italian Sausage, Chorizo Sausage",The Big Meat Pizza
2195,978,brie_carre_s,2,1/17/2015,12:24:36,23.65,47.3,S,Supreme,"Brie Carre Cheese, Prosciutto, Caramelized Onions, Pears, Thyme, Garlic",The Brie Carre Pizza
2196,978,hawaiian_l,1,1/17/2015,12:24:36,16.5,16.5,L,Classic,"Sliced Ham, Pineapple, Mozzarella Cheese",The Hawaiian Pizza
2197,978,hawaiian_s,1,1/17/2015,12:24:36,10.5,10.5,S,Classic,"Sliced Ham, Pineapple, Mozzarella Cheese",The Hawaiian Pizza
2198,978,ital_supr_l,1,1/17/2015,12:24:36,20.75,20.75,L,Supreme,"Calabrese Salami, Capocollo, Tomatoes, Red Onions, Green Olives, Garlic",The Italian Supreme Pizza
2199,978,ital_supr_m,1,1/17/2015,12:24:36,16.5,16.5,M,Supreme,"Calabrese Salami, Capocollo, Tomatoes, Red Onions, Green Olives, Garlic",The Italian Supreme Pizza
2200,978,mediterraneo_l,1,1/17/2015,12:24:36,20.25,20.25,L,Veggie,"Spinach, Artichokes, Kalamata Olives, Sun-dried Tomatoes, Feta Cheese, Plum Tomatoes, Red Onions",The Mediterranean Pizza
2201,978,peppr_salami_l,1,1/17/2015,12:24:36,20.75,20.75,L,Supreme,"Genoa Salami, Capocollo, Pepperoni, Tomatoes, Asiago Cheese, Garlic",The Pepper Salami Pizza
2202,978,spicy_ital_s,1,1/17/2015,12:24:36,12.5,12.5,S,Supreme,"Capocollo, Tomatoes, Goat Cheese, Artichokes, Peperoncini verdi, Garlic",The Spicy Italian Pizza
2203,978,thai_ckn_m,1,1/17/2015,12:24:36,16.75,16.75,M,Chicken,"Chicken, Pineapple, Tomatoes, Red Peppers, Thai Sweet Chilli Sauce",The Thai Chicken Pizza
2204,979,spin_pesto_m,1,1/17/2015,12:57:28,16.5,16.5,M,Veggie,"Spinach, Artichokes, Tomatoes, Sun-dried Tomatoes, Garlic, Pesto Sauce",The Spinach Pesto Pizza
2205,980,cali_ckn_l,1,1/17/2015,12:58:36,20.75,20.75,L,Chicken,"Chicken, Artichoke, Spinach, Garlic, Jalapeno Peppers, Fontina Cheese, Gouda Cheese",The California Chicken Pizza
2206,980,napolitana_s,1,1/17/2015,12:58:36,12,12,S,Classic,"Tomatoes, Anchovies, Green Olives, Red Onions, Garlic",The Napolitana Pizza
2207,980,sicilian_l,1,1/17/2015,12:58:36,20.25,20.25,L,Supreme,"Coarse Sicilian Salami, Tomatoes, Green Olives, Luganega Sausage, Onions, Garlic",The Sicilian Pizza
2208,980,spinach_supr_s,1,1/17/2015,12:58:36,12.5,12.5,S,Supreme,"Spinach, Red Onions, Pepperoni, Tomatoes, Artichokes, Kalamata Olives, Garlic, Asiago Cheese",The Spinach Supreme Pizza
2209,980,thai_ckn_l,1,1/17/2015,12:58:36,20.75,20.75,L,Chicken,"Chicken, Pineapple, Tomatoes, Red Peppers, Thai Sweet Chilli Sauce",The Thai Chicken Pizza
2210,980,thai_ckn_m,1,1/17/2015,12:58:36,16.75,16.75,M,Chicken,"Chicken, Pineapple, Tomatoes, Red Peppers, Thai Sweet Chilli Sauce",The Thai Chicken Pizza
2211,981,bbq_ckn_l,1,1/17/2015,13:56:46,20.75,20.75,L,Chicken,"Barbecued Chicken, Red Peppers, Green Peppers, Tomatoes, Red Onions, Barbecue Sauce",The Barbecue Chicken Pizza
2212,982,four_cheese_l,1,1/17/2015,14:12:58,17.95,17.95,L,Veggie,"Ricotta Cheese, Gorgonzola Piccante Cheese, Mozzarella Cheese, Parmigiano Reggiano Cheese, Garlic",The Four Cheese Pizza
2213,982,hawaiian_l,1,1/17/2015,14:12:58,16.5,16.5,L,Classic,"Sliced Ham, Pineapple, Mozzarella Cheese",The Hawaiian Pizza
2214,982,pepperoni_l,1,1/17/2015,14:12:58,15.25,15.25,L,Classic,"Mozzarella Cheese, Pepperoni",The Pepperoni Pizza
2215,982,southw_ckn_l,1,1/17/2015,14:12:58,20.75,20.75,L,Chicken,"Chicken, Tomatoes, Red Peppers, Red Onions, Jalapeno Peppers, Corn, Cilantro, Chipotle Sauce",The Southwest Chicken Pizza
2216,983,big_meat_s,1,1/17/2015,14:29:31,12,12,S,Classic,"Bacon, Pepperoni, Italian Sausage, Chorizo Sausage",The Big Meat Pizza
2217,984,ital_cpcllo_s,1,1/17/2015,14:33:55,12,12,S,Classic,"Capocollo, Red Peppers, Tomatoes, Goat Cheese, Garlic, Oregano",The Italian Capocollo Pizza
2218,985,hawaiian_m,1,1/17/2015,14:34:50,13.25,13.25,M,Classic,"Sliced Ham, Pineapple, Mozzarella Cheese",The Hawaiian Pizza
2219,985,ital_veggie_m,1,1/17/2015,14:34:50,16.75,16.75,M,Veggie,"Eggplant, Artichokes, Tomatoes, Zucchini, Red Peppers, Garlic, Pesto Sauce",The Italian Vegetables Pizza
2220,985,soppressata_s,1,1/17/2015,14:34:50,12.5,12.5,S,Supreme,"Soppressata Salami, Fontina Cheese, Mozzarella Cheese, Mushrooms, Garlic",The Soppressata Pizza
2221,986,veggie_veg_m,1,1/17/2015,14:35:25,16,16,M,Veggie,"Mushrooms, Tomatoes, Red Peppers, Green Peppers, Red Onions, Zucchini, Spinach, Garlic",The Vegetables + Vegetables Pizza
2222,987,bbq_ckn_l,1,1/17/2015,14:41:14,20.75,20.75,L,Chicken,"Barbecued Chicken, Red Peppers, Green Peppers, Tomatoes, Red Onions, Barbecue Sauce",The Barbecue Chicken Pizza
2223,987,calabrese_l,1,1/17/2015,14:41:14,20.25,20.25,L,Supreme,"æ…›duja Salami, Pancetta, Tomatoes, Red Onions, Friggitello Peppers, Garlic",The Calabrese Pizza
2224,987,prsc_argla_s,1,1/17/2015,14:41:14,12.5,12.5,S,Supreme,"Prosciutto di San Daniele, Arugula, Mozzarella Cheese",The Prosciutto and Arugula Pizza
2225,988,ital_veggie_l,1,1/17/2015,14:44:56,21,21,L,Veggie,"Eggplant, Artichokes, Tomatoes, Zucchini, Red Peppers, Garlic, Pesto Sauce",The Italian Vegetables Pizza
2226,989,hawaiian_s,1,1/17/2015,15:08:38,10.5,10.5,S,Classic,"Sliced Ham, Pineapple, Mozzarella Cheese",The Hawaiian Pizza
2227,990,pepperoni_s,1,1/17/2015,15:30:10,9.75,9.75,S,Classic,"Mozzarella Cheese, Pepperoni",The Pepperoni Pizza
2228,991,big_meat_s,1,1/17/2015,15:43:27,12,12,S,Classic,"Bacon, Pepperoni, Italian Sausage, Chorizo Sausage",The Big Meat Pizza
2229,991,soppressata_s,1,1/17/2015,15:43:27,12.5,12.5,S,Supreme,"Soppressata Salami, Fontina Cheese, Mozzarella Cheese, Mushrooms, Garlic",The Soppressata Pizza
2230,992,ital_supr_m,1,1/17/2015,15:49:31,16.5,16.5,M,Supreme,"Calabrese Salami, Capocollo, Tomatoes, Red Onions, Green Olives, Garlic",The Italian Supreme Pizza
2231,993,bbq_ckn_m,1,1/17/2015,16:16:59,16.75,16.75,M,Chicken,"Barbecued Chicken, Red Peppers, Green Peppers, Tomatoes, Red Onions, Barbecue Sauce",The Barbecue Chicken Pizza
2232,994,cali_ckn_m,1,1/17/2015,16:19:42,16.75,16.75,M,Chicken,"Chicken, Artichoke, Spinach, Garlic, Jalapeno Peppers, Fontina Cheese, Gouda Cheese",The California Chicken Pizza
2233,994,hawaiian_s,1,1/17/2015,16:19:42,10.5,10.5,S,Classic,"Sliced Ham, Pineapple, Mozzarella Cheese",The Hawaiian Pizza
2234,994,thai_ckn_l,1,1/17/2015,16:19:42,20.75,20.75,L,Chicken,"Chicken, Pineapple, Tomatoes, Red Peppers, Thai Sweet Chilli Sauce",The Thai Chicken Pizza
2235,994,thai_ckn_s,1,1/17/2015,16:19:42,12.75,12.75,S,Chicken,"Chicken, Pineapple, Tomatoes, Red Peppers, Thai Sweet Chilli Sauce",The Thai Chicken Pizza
2236,995,cali_ckn_l,1,1/17/2015,16:57:30,20.75,20.75,L,Chicken,"Chicken, Artichoke, Spinach, Garlic, Jalapeno Peppers, Fontina Cheese, Gouda Cheese",The California Chicken Pizza
2237,996,ital_cpcllo_m,1,1/17/2015,17:11:07,16,16,M,Classic,"Capocollo, Red Peppers, Tomatoes, Goat Cheese, Garlic, Oregano",The Italian Capocollo Pizza
2238,996,ital_cpcllo_s,1,1/17/2015,17:11:07,12,12,S,Classic,"Capocollo, Red Peppers, Tomatoes, Goat Cheese, Garlic, Oregano",The Italian Capocollo Pizza
2239,996,napolitana_l,1,1/17/2015,17:11:07,20.5,20.5,L,Classic,"Tomatoes, Anchovies, Green Olives, Red Onions, Garlic",The Napolitana Pizza
2240,996,spin_pesto_s,1,1/17/2015,17:11:07,12.5,12.5,S,Veggie,"Spinach, Artichokes, Tomatoes, Sun-dried Tomatoes, Garlic, Pesto Sauce",The Spinach Pesto Pizza
2241,997,mexicana_m,1,1/17/2015,17:16:26,16,16,M,Veggie,"Tomatoes, Red Peppers, Jalapeno Peppers, Red Onions, Cilantro, Corn, Chipotle Sauce, Garlic",The Mexicana Pizza
2242,998,ital_cpcllo_l,1,1/17/2015,17:19:16,20.5,20.5,L,Classic,"Capocollo, Red Peppers, Tomatoes, Goat Cheese, Garlic, Oregano",The Italian Capocollo Pizza
2243,999,southw_ckn_m,1,1/17/2015,17:21:24,16.75,16.75,M,Chicken,"Chicken, Tomatoes, Red Peppers, Red Onions, Jalapeno Peppers, Corn, Cilantro, Chipotle Sauce",The Southwest Chicken Pizza
2244,1000,brie_carre_s,1,1/17/2015,17:24:24,23.65,23.65,S,Supreme,"Brie Carre Cheese, Prosciutto, Caramelized Onions, Pears, Thyme, Garlic",The Brie Carre Pizza
2245,1000,mediterraneo_l,1,1/17/2015,17:24:24,20.25,20.25,L,Veggie,"Spinach, Artichokes, Kalamata Olives, Sun-dried Tomatoes, Feta Cheese, Plum Tomatoes, Red Onions",The Mediterranean Pizza
2246,1001,big_meat_s,2,1/17/2015,17:28:05,12,24,S,Classic,"Bacon, Pepperoni, Italian Sausage, Chorizo Sausage",The Big Meat Pizza
2247,1001,pepperoni_l,1,1/17/2015,17:28:05,15.25,15.25,L,Classic,"Mozzarella Cheese, Pepperoni",The Pepperoni Pizza
2248,1001,spicy_ital_l,1,1/17/2015,17:28:05,20.75,20.75,L,Supreme,"Capocollo, Tomatoes, Goat Cheese, Artichokes, Peperoncini verdi, Garlic",The Spicy Italian Pizza
2249,1002,bbq_ckn_m,1,1/17/2015,17:29:41,16.75,16.75,M,Chicken,"Barbecued Chicken, Red Peppers, Green Peppers, Tomatoes, Red Onions, Barbecue Sauce",The Barbecue Chicken Pizza
2250,1002,ckn_pesto_m,1,1/17/2015,17:29:41,16.75,16.75,M,Chicken,"Chicken, Tomatoes, Red Peppers, Spinach, Garlic, Pesto Sauce",The Chicken Pesto Pizza
2251,1003,cali_ckn_l,1,1/17/2015,17:31:16,20.75,20.75,L,Chicken,"Chicken, Artichoke, Spinach, Garlic, Jalapeno Peppers, Fontina Cheese, Gouda Cheese",The California Chicken Pizza
2252,1003,cali_ckn_m,1,1/17/2015,17:31:16,16.75,16.75,M,Chicken,"Chicken, Artichoke, Spinach, Garlic, Jalapeno Peppers, Fontina Cheese, Gouda Cheese",The California Chicken Pizza
2253,1003,pepperoni_s,1,1/17/2015,17:31:16,9.75,9.75,S,Classic,"Mozzarella Cheese, Pepperoni",The Pepperoni Pizza
2254,1004,the_greek_xl,1,1/17/2015,17:44:05,25.5,25.5,XL,Classic,"Kalamata Olives, Feta Cheese, Tomatoes, Garlic, Beef Chuck Roast, Red Onions",The Greek Pizza
2255,1005,bbq_ckn_l,1,1/17/2015,17:49:51,20.75,20.75,L,Chicken,"Barbecued Chicken, Red Peppers, Green Peppers, Tomatoes, Red Onions, Barbecue Sauce",The Barbecue Chicken Pizza
2256,1005,sicilian_s,1,1/17/2015,17:49:51,12.25,12.25,S,Supreme,"Coarse Sicilian Salami, Tomatoes, Green Olives, Luganega Sausage, Onions, Garlic",The Sicilian Pizza
2257,1006,thai_ckn_l,1,1/17/2015,18:28:12,20.75,20.75,L,Chicken,"Chicken, Pineapple, Tomatoes, Red Peppers, Thai Sweet Chilli Sauce",The Thai Chicken Pizza
2258,1006,veggie_veg_s,1,1/17/2015,18:28:12,12,12,S,Veggie,"Mushrooms, Tomatoes, Red Peppers, Green Peppers, Red Onions, Zucchini, Spinach, Garlic",The Vegetables + Vegetables Pizza
2259,1007,veggie_veg_l,1,1/17/2015,18:35:22,20.25,20.25,L,Veggie,"Mushrooms, Tomatoes, Red Peppers, Green Peppers, Red Onions, Zucchini, Spinach, Garlic",The Vegetables + Vegetables Pizza
2260,1008,classic_dlx_m,1,1/17/2015,18:49:59,16,16,M,Classic,"Pepperoni, Mushrooms, Red Onions, Red Peppers, Bacon",The Classic Deluxe Pizza
2261,1008,the_greek_m,1,1/17/2015,18:49:59,16,16,M,Classic,"Kalamata Olives, Feta Cheese, Tomatoes, Garlic, Beef Chuck Roast, Red Onions",The Greek Pizza
2262,1009,classic_dlx_m,1,1/17/2015,18:58:24,16,16,M,Classic,"Pepperoni, Mushrooms, Red Onions, Red Peppers, Bacon",The Classic Deluxe Pizza
2263,1009,green_garden_m,1,1/17/2015,18:58:24,16,16,M,Veggie,"Spinach, Mushrooms, Tomatoes, Green Olives, Feta Cheese",The Green Garden Pizza
2264,1010,big_meat_s,1,1/17/2015,19:15:11,12,12,S,Classic,"Bacon, Pepperoni, Italian Sausage, Chorizo Sausage",The Big Meat Pizza
2265,1010,ckn_alfredo_l,1,1/17/2015,19:15:11,20.75,20.75,L,Chicken,"Chicken, Red Onions, Red Peppers, Mushrooms, Asiago Cheese, Alfredo Sauce",The Chicken Alfredo Pizza
2266,1010,ital_veggie_l,1,1/17/2015,19:15:11,21,21,L,Veggie,"Eggplant, Artichokes, Tomatoes, Zucchini, Red Peppers, Garlic, Pesto Sauce",The Italian Vegetables Pizza
2267,1011,pep_msh_pep_s,1,1/17/2015,19:20:20,11,11,S,Classic,"Pepperoni, Mushrooms, Green Peppers","The Pepperoni, Mushroom, and Peppers Pizza"
2268,1012,green_garden_m,1,1/17/2015,19:25:32,16,16,M,Veggie,"Spinach, Mushrooms, Tomatoes, Green Olives, Feta Cheese",The Green Garden Pizza
2269,1012,prsc_argla_l,1,1/17/2015,19:25:32,20.75,20.75,L,Supreme,"Prosciutto di San Daniele, Arugula, Mozzarella Cheese",The Prosciutto and Arugula Pizza
2270,1013,soppressata_m,1,1/17/2015,19:26:40,16.5,16.5,M,Supreme,"Soppressata Salami, Fontina Cheese, Mozzarella Cheese, Mushrooms, Garlic",The Soppressata Pizza
2271,1013,spinach_supr_m,1,1/17/2015,19:26:40,16.5,16.5,M,Supreme,"Spinach, Red Onions, Pepperoni, Tomatoes, Artichokes, Kalamata Olives, Garlic, Asiago Cheese",The Spinach Supreme Pizza
2272,1014,ckn_pesto_l,1,1/17/2015,19:38:17,20.75,20.75,L,Chicken,"Chicken, Tomatoes, Red Peppers, Spinach, Garlic, Pesto Sauce",The Chicken Pesto Pizza
2273,1014,pepperoni_s,1,1/17/2015,19:38:17,9.75,9.75,S,Classic,"Mozzarella Cheese, Pepperoni",The Pepperoni Pizza
2274,1014,prsc_argla_s,1,1/17/2015,19:38:17,12.5,12.5,S,Supreme,"Prosciutto di San Daniele, Arugula, Mozzarella Cheese",The Prosciutto and Arugula Pizza
2275,1014,southw_ckn_l,1,1/17/2015,19:38:17,20.75,20.75,L,Chicken,"Chicken, Tomatoes, Red Peppers, Red Onions, Jalapeno Peppers, Corn, Cilantro, Chipotle Sauce",The Southwest Chicken Pizza
2276,1015,thai_ckn_l,1,1/17/2015,19:42:51,20.75,20.75,L,Chicken,"Chicken, Pineapple, Tomatoes, Red Peppers, Thai Sweet Chilli Sauce",The Thai Chicken Pizza
2277,1016,cali_ckn_m,1,1/17/2015,19:44:36,16.75,16.75,M,Chicken,"Chicken, Artichoke, Spinach, Garlic, Jalapeno Peppers, Fontina Cheese, Gouda Cheese",The California Chicken Pizza
2278,1016,hawaiian_m,1,1/17/2015,19:44:36,13.25,13.25,M,Classic,"Sliced Ham, Pineapple, Mozzarella Cheese",The Hawaiian Pizza
2279,1016,sicilian_s,1,1/17/2015,19:44:36,12.25,12.25,S,Supreme,"Coarse Sicilian Salami, Tomatoes, Green Olives, Luganega Sausage, Onions, Garlic",The Sicilian Pizza
2280,1017,cali_ckn_m,1,1/17/2015,20:13:32,16.75,16.75,M,Chicken,"Chicken, Artichoke, Spinach, Garlic, Jalapeno Peppers, Fontina Cheese, Gouda Cheese",The California Chicken Pizza
2281,1018,bbq_ckn_l,1,1/17/2015,20:38:50,20.75,20.75,L,Chicken,"Barbecued Chicken, Red Peppers, Green Peppers, Tomatoes, Red Onions, Barbecue Sauce",The Barbecue Chicken Pizza
2282,1018,cali_ckn_s,1,1/17/2015,20:38:50,12.75,12.75,S,Chicken,"Chicken, Artichoke, Spinach, Garlic, Jalapeno Peppers, Fontina Cheese, Gouda Cheese",The California Chicken Pizza
2283,1018,pep_msh_pep_s,1,1/17/2015,20:38:50,11,11,S,Classic,"Pepperoni, Mushrooms, Green Peppers","The Pepperoni, Mushroom, and Peppers Pizza"
2284,1019,hawaiian_s,2,1/17/2015,20:50:54,10.5,21,S,Classic,"Sliced Ham, Pineapple, Mozzarella Cheese",The Hawaiian Pizza
2285,1019,soppressata_s,1,1/17/2015,20:50:54,12.5,12.5,S,Supreme,"Soppressata Salami, Fontina Cheese, Mozzarella Cheese, Mushrooms, Garlic",The Soppressata Pizza
2286,1019,spin_pesto_s,1,1/17/2015,20:50:54,12.5,12.5,S,Veggie,"Spinach, Artichokes, Tomatoes, Sun-dried Tomatoes, Garlic, Pesto Sauce",The Spinach Pesto Pizza
2287,1020,bbq_ckn_l,1,1/17/2015,21:04:20,20.75,20.75,L,Chicken,"Barbecued Chicken, Red Peppers, Green Peppers, Tomatoes, Red Onions, Barbecue Sauce",The Barbecue Chicken Pizza
2288,1020,bbq_ckn_s,1,1/17/2015,21:04:20,12.75,12.75,S,Chicken,"Barbecued Chicken, Red Peppers, Green Peppers, Tomatoes, Red Onions, Barbecue Sauce",The Barbecue Chicken Pizza
2289,1020,pepperoni_m,1,1/17/2015,21:04:20,12.5,12.5,M,Classic,"Mozzarella Cheese, Pepperoni",The Pepperoni Pizza
2290,1020,southw_ckn_l,1,1/17/2015,21:04:20,20.75,20.75,L,Chicken,"Chicken, Tomatoes, Red Peppers, Red Onions, Jalapeno Peppers, Corn, Cilantro, Chipotle Sauce",The Southwest Chicken Pizza
2291,1021,bbq_ckn_l,1,1/17/2015,21:11:31,20.75,20.75,L,Chicken,"Barbecued Chicken, Red Peppers, Green Peppers, Tomatoes, Red Onions, Barbecue Sauce",The Barbecue Chicken Pizza
2292,1021,cali_ckn_l,1,1/17/2015,21:11:31,20.75,20.75,L,Chicken,"Chicken, Artichoke, Spinach, Garlic, Jalapeno Peppers, Fontina Cheese, Gouda Cheese",The California Chicken Pizza
2293,1021,mediterraneo_s,1,1/17/2015,21:11:31,12,12,S,Veggie,"Spinach, Artichokes, Kalamata Olives, Sun-dried Tomatoes, Feta Cheese, Plum Tomatoes, Red Onions",The Mediterranean Pizza
2294,1021,pepperoni_m,1,1/17/2015,21:11:31,12.5,12.5,M,Classic,"Mozzarella Cheese, Pepperoni",The Pepperoni Pizza
2295,1022,thai_ckn_l,1,1/17/2015,21:16:01,20.75,20.75,L,Chicken,"Chicken, Pineapple, Tomatoes, Red Peppers, Thai Sweet Chilli Sauce",The Thai Chicken Pizza
2296,1023,ital_cpcllo_m,1,1/17/2015,21:20:18,16,16,M,Classic,"Capocollo, Red Peppers, Tomatoes, Goat Cheese, Garlic, Oregano",The Italian Capocollo Pizza
2297,1024,bbq_ckn_l,1,1/17/2015,21:21:23,20.75,20.75,L,Chicken,"Barbecued Chicken, Red Peppers, Green Peppers, Tomatoes, Red Onions, Barbecue Sauce",The Barbecue Chicken Pizza
2298,1025,pep_msh_pep_s,1,1/17/2015,21:49:00,11,11,S,Classic,"Pepperoni, Mushrooms, Green Peppers","The Pepperoni, Mushroom, and Peppers Pizza"
2299,1025,pepperoni_l,1,1/17/2015,21:49:00,15.25,15.25,L,Classic,"Mozzarella Cheese, Pepperoni",The Pepperoni Pizza
2300,1025,veggie_veg_l,1,1/17/2015,21:49:00,20.25,20.25,L,Veggie,"Mushrooms, Tomatoes, Red Peppers, Green Peppers, Red Onions, Zucchini, Spinach, Garlic",The Vegetables + Vegetables Pizza
2301,1026,cali_ckn_l,1,1/17/2015,21:55:05,20.75,20.75,L,Chicken,"Chicken, Artichoke, Spinach, Garlic, Jalapeno Peppers, Fontina Cheese, Gouda Cheese",The California Chicken Pizza
2302,1026,classic_dlx_l,1,1/17/2015,21:55:05,20.5,20.5,L,Classic,"Pepperoni, Mushrooms, Red Onions, Red Peppers, Bacon",The Classic Deluxe Pizza
2303,1027,four_cheese_l,1,1/17/2015,21:57:02,17.95,17.95,L,Veggie,"Ricotta Cheese, Gorgonzola Piccante Cheese, Mozzarella Cheese, Parmigiano Reggiano Cheese, Garlic",The Four Cheese Pizza
2304,1028,napolitana_l,1,1/17/2015,22:02:45,20.5,20.5,L,Classic,"Tomatoes, Anchovies, Green Olives, Red Onions, Garlic",The Napolitana Pizza
2305,1028,sicilian_l,1,1/17/2015,22:02:45,20.25,20.25,L,Supreme,"Coarse Sicilian Salami, Tomatoes, Green Olives, Luganega Sausage, Onions, Garlic",The Sicilian Pizza
2306,1029,sicilian_m,1,1/17/2015,22:06:27,16.25,16.25,M,Supreme,"Coarse Sicilian Salami, Tomatoes, Green Olives, Luganega Sausage, Onions, Garlic",The Sicilian Pizza
2307,1029,the_greek_l,1,1/17/2015,22:06:27,20.5,20.5,L,Classic,"Kalamata Olives, Feta Cheese, Tomatoes, Garlic, Beef Chuck Roast, Red Onions",The Greek Pizza
2308,1030,pepperoni_s,1,1/17/2015,22:13:59,9.75,9.75,S,Classic,"Mozzarella Cheese, Pepperoni",The Pepperoni Pizza
2309,1030,peppr_salami_l,1,1/17/2015,22:13:59,20.75,20.75,L,Supreme,"Genoa Salami, Capocollo, Pepperoni, Tomatoes, Asiago Cheese, Garlic",The Pepper Salami Pizza
2310,1030,sicilian_s,1,1/17/2015,22:13:59,12.25,12.25,S,Supreme,"Coarse Sicilian Salami, Tomatoes, Green Olives, Luganega Sausage, Onions, Garlic",The Sicilian Pizza
2311,1030,spicy_ital_l,1,1/17/2015,22:13:59,20.75,20.75,L,Supreme,"Capocollo, Tomatoes, Goat Cheese, Artichokes, Peperoncini verdi, Garlic",The Spicy Italian Pizza
2312,1031,classic_dlx_l,1,1/18/2015,11:39:03,20.5,20.5,L,Classic,"Pepperoni, Mushrooms, Red Onions, Red Peppers, Bacon",The Classic Deluxe Pizza
2313,1031,hawaiian_l,1,1/18/2015,11:39:03,16.5,16.5,L,Classic,"Sliced Ham, Pineapple, Mozzarella Cheese",The Hawaiian Pizza
2314,1032,bbq_ckn_l,1,1/18/2015,11:45:13,20.75,20.75,L,Chicken,"Barbecued Chicken, Red Peppers, Green Peppers, Tomatoes, Red Onions, Barbecue Sauce",The Barbecue Chicken Pizza
2315,1033,cali_ckn_m,1,1/18/2015,11:54:13,16.75,16.75,M,Chicken,"Chicken, Artichoke, Spinach, Garlic, Jalapeno Peppers, Fontina Cheese, Gouda Cheese",The California Chicken Pizza
2316,1034,bbq_ckn_m,1,1/18/2015,12:07:59,16.75,16.75,M,Chicken,"Barbecued Chicken, Red Peppers, Green Peppers, Tomatoes, Red Onions, Barbecue Sauce",The Barbecue Chicken Pizza
2317,1034,mexicana_l,1,1/18/2015,12:07:59,20.25,20.25,L,Veggie,"Tomatoes, Red Peppers, Jalapeno Peppers, Red Onions, Cilantro, Corn, Chipotle Sauce, Garlic",The Mexicana Pizza
2318,1034,napolitana_l,1,1/18/2015,12:07:59,20.5,20.5,L,Classic,"Tomatoes, Anchovies, Green Olives, Red Onions, Garlic",The Napolitana Pizza
2319,1034,napolitana_s,1,1/18/2015,12:07:59,12,12,S,Classic,"Tomatoes, Anchovies, Green Olives, Red Onions, Garlic",The Napolitana Pizza
2320,1034,pepperoni_l,1,1/18/2015,12:07:59,15.25,15.25,L,Classic,"Mozzarella Cheese, Pepperoni",The Pepperoni Pizza
2321,1034,sicilian_m,1,1/18/2015,12:07:59,16.25,16.25,M,Supreme,"Coarse Sicilian Salami, Tomatoes, Green Olives, Luganega Sausage, Onions, Garlic",The Sicilian Pizza
2322,1034,soppressata_l,1,1/18/2015,12:07:59,20.75,20.75,L,Supreme,"Soppressata Salami, Fontina Cheese, Mozzarella Cheese, Mushrooms, Garlic",The Soppressata Pizza
2323,1034,spinach_fet_s,1,1/18/2015,12:07:59,12,12,S,Veggie,"Spinach, Mushrooms, Red Onions, Feta Cheese, Garlic",The Spinach and Feta Pizza
2324,1035,cali_ckn_m,1,1/18/2015,12:13:15,16.75,16.75,M,Chicken,"Chicken, Artichoke, Spinach, Garlic, Jalapeno Peppers, Fontina Cheese, Gouda Cheese",The California Chicken Pizza
2325,1035,green_garden_l,1,1/18/2015,12:13:15,20.25,20.25,L,Veggie,"Spinach, Mushrooms, Tomatoes, Green Olives, Feta Cheese",The Green Garden Pizza
2326,1035,ital_supr_m,1,1/18/2015,12:13:15,16.5,16.5,M,Supreme,"Calabrese Salami, Capocollo, Tomatoes, Red Onions, Green Olives, Garlic",The Italian Supreme Pizza
2327,1035,mediterraneo_s,1,1/18/2015,12:13:15,12,12,S,Veggie,"Spinach, Artichokes, Kalamata Olives, Sun-dried Tomatoes, Feta Cheese, Plum Tomatoes, Red Onions",The Mediterranean Pizza
2328,1036,classic_dlx_m,1,1/18/2015,12:49:29,16,16,M,Classic,"Pepperoni, Mushrooms, Red Onions, Red Peppers, Bacon",The Classic Deluxe Pizza
2329,1036,ital_supr_m,1,1/18/2015,12:49:29,16.5,16.5,M,Supreme,"Calabrese Salami, Capocollo, Tomatoes, Red Onions, Green Olives, Garlic",The Italian Supreme Pizza
2330,1036,mexicana_l,1,1/18/2015,12:49:29,20.25,20.25,L,Veggie,"Tomatoes, Red Peppers, Jalapeno Peppers, Red Onions, Cilantro, Corn, Chipotle Sauce, Garlic",The Mexicana Pizza
2331,1036,thai_ckn_l,1,1/18/2015,12:49:29,20.75,20.75,L,Chicken,"Chicken, Pineapple, Tomatoes, Red Peppers, Thai Sweet Chilli Sauce",The Thai Chicken Pizza
2332,1037,big_meat_s,1,1/18/2015,13:04:54,12,12,S,Classic,"Bacon, Pepperoni, Italian Sausage, Chorizo Sausage",The Big Meat Pizza
2333,1037,ckn_pesto_s,1,1/18/2015,13:04:54,12.75,12.75,S,Chicken,"Chicken, Tomatoes, Red Peppers, Spinach, Garlic, Pesto Sauce",The Chicken Pesto Pizza
2334,1037,classic_dlx_m,1,1/18/2015,13:04:54,16,16,M,Classic,"Pepperoni, Mushrooms, Red Onions, Red Peppers, Bacon",The Classic Deluxe Pizza
2335,1037,ital_supr_m,1,1/18/2015,13:04:54,16.5,16.5,M,Supreme,"Calabrese Salami, Capocollo, Tomatoes, Red Onions, Green Olives, Garlic",The Italian Supreme Pizza
2336,1038,hawaiian_l,1,1/18/2015,13:14:59,16.5,16.5,L,Classic,"Sliced Ham, Pineapple, Mozzarella Cheese",The Hawaiian Pizza
2337,1038,pepperoni_l,1,1/18/2015,13:14:59,15.25,15.25,L,Classic,"Mozzarella Cheese, Pepperoni",The Pepperoni Pizza
2338,1039,classic_dlx_l,1,1/18/2015,13:33:31,20.5,20.5,L,Classic,"Pepperoni, Mushrooms, Red Onions, Red Peppers, Bacon",The Classic Deluxe Pizza
2339,1040,peppr_salami_l,1,1/18/2015,13:56:05,20.75,20.75,L,Supreme,"Genoa Salami, Capocollo, Pepperoni, Tomatoes, Asiago Cheese, Garlic",The Pepper Salami Pizza
2340,1040,thai_ckn_l,1,1/18/2015,13:56:05,20.75,20.75,L,Chicken,"Chicken, Pineapple, Tomatoes, Red Peppers, Thai Sweet Chilli Sauce",The Thai Chicken Pizza
2341,1041,sicilian_s,1,1/18/2015,13:59:47,12.25,12.25,S,Supreme,"Coarse Sicilian Salami, Tomatoes, Green Olives, Luganega Sausage, Onions, Garlic",The Sicilian Pizza
2342,1042,pep_msh_pep_s,1,1/18/2015,14:06:19,11,11,S,Classic,"Pepperoni, Mushrooms, Green Peppers","The Pepperoni, Mushroom, and Peppers Pizza"
2343,1043,four_cheese_m,1,1/18/2015,14:07:36,14.75,14.75,M,Veggie,"Ricotta Cheese, Gorgonzola Piccante Cheese, Mozzarella Cheese, Parmigiano Reggiano Cheese, Garlic",The Four Cheese Pizza
2344,1043,pepperoni_s,1,1/18/2015,14:07:36,9.75,9.75,S,Classic,"Mozzarella Cheese, Pepperoni",The Pepperoni Pizza
2345,1043,peppr_salami_l,1,1/18/2015,14:07:36,20.75,20.75,L,Supreme,"Genoa Salami, Capocollo, Pepperoni, Tomatoes, Asiago Cheese, Garlic",The Pepper Salami Pizza
2346,1043,prsc_argla_m,1,1/18/2015,14:07:36,16.5,16.5,M,Supreme,"Prosciutto di San Daniele, Arugula, Mozzarella Cheese",The Prosciutto and Arugula Pizza
2347,1043,sicilian_s,2,1/18/2015,14:07:36,12.25,24.5,S,Supreme,"Coarse Sicilian Salami, Tomatoes, Green Olives, Luganega Sausage, Onions, Garlic",The Sicilian Pizza
2348,1043,southw_ckn_m,1,1/18/2015,14:07:36,16.75,16.75,M,Chicken,"Chicken, Tomatoes, Red Peppers, Red Onions, Jalapeno Peppers, Corn, Cilantro, Chipotle Sauce",The Southwest Chicken Pizza
2349,1043,spicy_ital_s,1,1/18/2015,14:07:36,12.5,12.5,S,Supreme,"Capocollo, Tomatoes, Goat Cheese, Artichokes, Peperoncini verdi, Garlic",The Spicy Italian Pizza
2350,1043,spinach_fet_m,1,1/18/2015,14:07:36,16,16,M,Veggie,"Spinach, Mushrooms, Red Onions, Feta Cheese, Garlic",The Spinach and Feta Pizza
2351,1044,the_greek_xl,1,1/18/2015,14:20:16,25.5,25.5,XL,Classic,"Kalamata Olives, Feta Cheese, Tomatoes, Garlic, Beef Chuck Roast, Red Onions",The Greek Pizza
2352,1045,cali_ckn_m,1,1/18/2015,14:22:14,16.75,16.75,M,Chicken,"Chicken, Artichoke, Spinach, Garlic, Jalapeno Peppers, Fontina Cheese, Gouda Cheese",The California Chicken Pizza
2353,1046,classic_dlx_s,1,1/18/2015,14:39:33,12,12,S,Classic,"Pepperoni, Mushrooms, Red Onions, Red Peppers, Bacon",The Classic Deluxe Pizza
2354,1047,bbq_ckn_s,1,1/18/2015,14:50:37,12.75,12.75,S,Chicken,"Barbecued Chicken, Red Peppers, Green Peppers, Tomatoes, Red Onions, Barbecue Sauce",The Barbecue Chicken Pizza
2355,1047,four_cheese_l,2,1/18/2015,14:50:37,17.95,35.9,L,Veggie,"Ricotta Cheese, Gorgonzola Piccante Cheese, Mozzarella Cheese, Parmigiano Reggiano Cheese, Garlic",The Four Cheese Pizza
2356,1047,pepperoni_s,1,1/18/2015,14:50:37,9.75,9.75,S,Classic,"Mozzarella Cheese, Pepperoni",The Pepperoni Pizza
2357,1048,veggie_veg_l,1,1/18/2015,14:53:25,20.25,20.25,L,Veggie,"Mushrooms, Tomatoes, Red Peppers, Green Peppers, Red Onions, Zucchini, Spinach, Garlic",The Vegetables + Vegetables Pizza
2358,1049,bbq_ckn_l,1,1/18/2015,14:57:48,20.75,20.75,L,Chicken,"Barbecued Chicken, Red Peppers, Green Peppers, Tomatoes, Red Onions, Barbecue Sauce",The Barbecue Chicken Pizza
2359,1050,spinach_fet_s,1,1/18/2015,15:05:54,12,12,S,Veggie,"Spinach, Mushrooms, Red Onions, Feta Cheese, Garlic",The Spinach and Feta Pizza
2360,1051,cali_ckn_l,1,1/18/2015,15:08:45,20.75,20.75,L,Chicken,"Chicken, Artichoke, Spinach, Garlic, Jalapeno Peppers, Fontina Cheese, Gouda Cheese",The California Chicken Pizza
2361,1052,peppr_salami_m,1,1/18/2015,15:28:12,16.5,16.5,M,Supreme,"Genoa Salami, Capocollo, Pepperoni, Tomatoes, Asiago Cheese, Garlic",The Pepper Salami Pizza
2362,1052,soppressata_l,1,1/18/2015,15:28:12,20.75,20.75,L,Supreme,"Soppressata Salami, Fontina Cheese, Mozzarella Cheese, Mushrooms, Garlic",The Soppressata Pizza
2363,1053,cali_ckn_m,1,1/18/2015,15:43:17,16.75,16.75,M,Chicken,"Chicken, Artichoke, Spinach, Garlic, Jalapeno Peppers, Fontina Cheese, Gouda Cheese",The California Chicken Pizza
2364,1053,pepperoni_l,1,1/18/2015,15:43:17,15.25,15.25,L,Classic,"Mozzarella Cheese, Pepperoni",The Pepperoni Pizza
2365,1053,spinach_supr_m,1,1/18/2015,15:43:17,16.5,16.5,M,Supreme,"Spinach, Red Onions, Pepperoni, Tomatoes, Artichokes, Kalamata Olives, Garlic, Asiago Cheese",The Spinach Supreme Pizza
2366,1054,bbq_ckn_m,1,1/18/2015,15:56:04,16.75,16.75,M,Chicken,"Barbecued Chicken, Red Peppers, Green Peppers, Tomatoes, Red Onions, Barbecue Sauce",The Barbecue Chicken Pizza
2367,1054,pepperoni_s,1,1/18/2015,15:56:04,9.75,9.75,S,Classic,"Mozzarella Cheese, Pepperoni",The Pepperoni Pizza
2368,1055,big_meat_s,1,1/18/2015,16:07:14,12,12,S,Classic,"Bacon, Pepperoni, Italian Sausage, Chorizo Sausage",The Big Meat Pizza
2369,1056,bbq_ckn_m,1,1/18/2015,16:12:18,16.75,16.75,M,Chicken,"Barbecued Chicken, Red Peppers, Green Peppers, Tomatoes, Red Onions, Barbecue Sauce",The Barbecue Chicken Pizza
2370,1056,prsc_argla_m,1,1/18/2015,16:12:18,16.5,16.5,M,Supreme,"Prosciutto di San Daniele, Arugula, Mozzarella Cheese",The Prosciutto and Arugula Pizza
2371,1056,thai_ckn_m,1,1/18/2015,16:12:18,16.75,16.75,M,Chicken,"Chicken, Pineapple, Tomatoes, Red Peppers, Thai Sweet Chilli Sauce",The Thai Chicken Pizza
2372,1057,hawaiian_s,1,1/18/2015,16:18:37,10.5,10.5,S,Classic,"Sliced Ham, Pineapple, Mozzarella Cheese",The Hawaiian Pizza
2373,1057,pepperoni_l,1,1/18/2015,16:18:37,15.25,15.25,L,Classic,"Mozzarella Cheese, Pepperoni",The Pepperoni Pizza
2374,1058,cali_ckn_s,1,1/18/2015,16:30:09,12.75,12.75,S,Chicken,"Chicken, Artichoke, Spinach, Garlic, Jalapeno Peppers, Fontina Cheese, Gouda Cheese",The California Chicken Pizza
2375,1059,bbq_ckn_m,1,1/18/2015,16:30:14,16.75,16.75,M,Chicken,"Barbecued Chicken, Red Peppers, Green Peppers, Tomatoes, Red Onions, Barbecue Sauce",The Barbecue Chicken Pizza
2376,1059,mexicana_m,1,1/18/2015,16:30:14,16,16,M,Veggie,"Tomatoes, Red Peppers, Jalapeno Peppers, Red Onions, Cilantro, Corn, Chipotle Sauce, Garlic",The Mexicana Pizza
2377,1059,pepperoni_l,1,1/18/2015,16:30:14,15.25,15.25,L,Classic,"Mozzarella Cheese, Pepperoni",The Pepperoni Pizza
2378,1059,spinach_supr_l,1,1/18/2015,16:30:14,20.75,20.75,L,Supreme,"Spinach, Red Onions, Pepperoni, Tomatoes, Artichokes, Kalamata Olives, Garlic, Asiago Cheese",The Spinach Supreme Pizza
2379,1060,mexicana_l,1,1/18/2015,16:39:46,20.25,20.25,L,Veggie,"Tomatoes, Red Peppers, Jalapeno Peppers, Red Onions, Cilantro, Corn, Chipotle Sauce, Garlic",The Mexicana Pizza
2380,1060,spin_pesto_s,1,1/18/2015,16:39:46,12.5,12.5,S,Veggie,"Spinach, Artichokes, Tomatoes, Sun-dried Tomatoes, Garlic, Pesto Sauce",The Spinach Pesto Pizza
2381,1061,prsc_argla_s,1,1/18/2015,17:17:02,12.5,12.5,S,Supreme,"Prosciutto di San Daniele, Arugula, Mozzarella Cheese",The Prosciutto and Arugula Pizza
2382,1061,spinach_supr_s,1,1/18/2015,17:17:02,12.5,12.5,S,Supreme,"Spinach, Red Onions, Pepperoni, Tomatoes, Artichokes, Kalamata Olives, Garlic, Asiago Cheese",The Spinach Supreme Pizza
2383,1062,ital_supr_m,2,1/18/2015,17:21:38,16.5,33,M,Supreme,"Calabrese Salami, Capocollo, Tomatoes, Red Onions, Green Olives, Garlic",The Italian Supreme Pizza
2384,1062,napolitana_l,1,1/18/2015,17:21:38,20.5,20.5,L,Classic,"Tomatoes, Anchovies, Green Olives, Red Onions, Garlic",The Napolitana Pizza
2385,1063,big_meat_s,1,1/18/2015,17:28:29,12,12,S,Classic,"Bacon, Pepperoni, Italian Sausage, Chorizo Sausage",The Big Meat Pizza
2386,1063,calabrese_m,1,1/18/2015,17:28:29,16.25,16.25,M,Supreme,"æ…›duja Salami, Pancetta, Tomatoes, Red Onions, Friggitello Peppers, Garlic",The Calabrese Pizza
2387,1063,mexicana_s,1,1/18/2015,17:28:29,12,12,S,Veggie,"Tomatoes, Red Peppers, Jalapeno Peppers, Red Onions, Cilantro, Corn, Chipotle Sauce, Garlic",The Mexicana Pizza
2388,1064,prsc_argla_s,1,1/18/2015,17:30:00,12.5,12.5,S,Supreme,"Prosciutto di San Daniele, Arugula, Mozzarella Cheese",The Prosciutto and Arugula Pizza
2389,1065,bbq_ckn_m,1,1/18/2015,17:48:16,16.75,16.75,M,Chicken,"Barbecued Chicken, Red Peppers, Green Peppers, Tomatoes, Red Onions, Barbecue Sauce",The Barbecue Chicken Pizza
2390,1065,cali_ckn_l,1,1/18/2015,17:48:16,20.75,20.75,L,Chicken,"Chicken, Artichoke, Spinach, Garlic, Jalapeno Peppers, Fontina Cheese, Gouda Cheese",The California Chicken Pizza
2391,1065,ckn_pesto_l,1,1/18/2015,17:48:16,20.75,20.75,L,Chicken,"Chicken, Tomatoes, Red Peppers, Spinach, Garlic, Pesto Sauce",The Chicken Pesto Pizza
2392,1065,veggie_veg_m,1,1/18/2015,17:48:16,16,16,M,Veggie,"Mushrooms, Tomatoes, Red Peppers, Green Peppers, Red Onions, Zucchini, Spinach, Garlic",The Vegetables + Vegetables Pizza
2393,1066,cali_ckn_m,1,1/18/2015,18:10:50,16.75,16.75,M,Chicken,"Chicken, Artichoke, Spinach, Garlic, Jalapeno Peppers, Fontina Cheese, Gouda Cheese",The California Chicken Pizza
2394,1066,classic_dlx_m,1,1/18/2015,18:10:50,16,16,M,Classic,"Pepperoni, Mushrooms, Red Onions, Red Peppers, Bacon",The Classic Deluxe Pizza
2395,1066,ital_veggie_s,1,1/18/2015,18:10:50,12.75,12.75,S,Veggie,"Eggplant, Artichokes, Tomatoes, Zucchini, Red Peppers, Garlic, Pesto Sauce",The Italian Vegetables Pizza
2396,1066,pep_msh_pep_s,1,1/18/2015,18:10:50,11,11,S,Classic,"Pepperoni, Mushrooms, Green Peppers","The Pepperoni, Mushroom, and Peppers Pizza"
2397,1067,cali_ckn_l,1,1/18/2015,18:13:43,20.75,20.75,L,Chicken,"Chicken, Artichoke, Spinach, Garlic, Jalapeno Peppers, Fontina Cheese, Gouda Cheese",The California Chicken Pizza
2398,1067,hawaiian_l,1,1/18/2015,18:13:43,16.5,16.5,L,Classic,"Sliced Ham, Pineapple, Mozzarella Cheese",The Hawaiian Pizza
2399,1067,peppr_salami_l,1,1/18/2015,18:13:43,20.75,20.75,L,Supreme,"Genoa Salami, Capocollo, Pepperoni, Tomatoes, Asiago Cheese, Garlic",The Pepper Salami Pizza
2400,1068,sicilian_m,1,1/18/2015,18:16:32,16.25,16.25,M,Supreme,"Coarse Sicilian Salami, Tomatoes, Green Olives, Luganega Sausage, Onions, Garlic",The Sicilian Pizza
2401,1068,southw_ckn_l,1,1/18/2015,18:16:32,20.75,20.75,L,Chicken,"Chicken, Tomatoes, Red Peppers, Red Onions, Jalapeno Peppers, Corn, Cilantro, Chipotle Sauce",The Southwest Chicken Pizza
2402,1069,big_meat_s,1,1/18/2015,18:19:47,12,12,S,Classic,"Bacon, Pepperoni, Italian Sausage, Chorizo Sausage",The Big Meat Pizza
2403,1069,sicilian_s,1,1/18/2015,18:19:47,12.25,12.25,S,Supreme,"Coarse Sicilian Salami, Tomatoes, Green Olives, Luganega Sausage, Onions, Garlic",The Sicilian Pizza
2404,1069,thai_ckn_s,1,1/18/2015,18:19:47,12.75,12.75,S,Chicken,"Chicken, Pineapple, Tomatoes, Red Peppers, Thai Sweet Chilli Sauce",The Thai Chicken Pizza
2405,1070,bbq_ckn_m,1,1/18/2015,18:21:27,16.75,16.75,M,Chicken,"Barbecued Chicken, Red Peppers, Green Peppers, Tomatoes, Red Onions, Barbecue Sauce",The Barbecue Chicken Pizza
2406,1070,pepperoni_l,1,1/18/2015,18:21:27,15.25,15.25,L,Classic,"Mozzarella Cheese, Pepperoni",The Pepperoni Pizza
2407,1071,pep_msh_pep_m,1,1/18/2015,18:27:40,14.5,14.5,M,Classic,"Pepperoni, Mushrooms, Green Peppers","The Pepperoni, Mushroom, and Peppers Pizza"
2408,1071,peppr_salami_s,1,1/18/2015,18:27:40,12.5,12.5,S,Supreme,"Genoa Salami, Capocollo, Pepperoni, Tomatoes, Asiago Cheese, Garlic",The Pepper Salami Pizza
2409,1071,spin_pesto_m,1,1/18/2015,18:27:40,16.5,16.5,M,Veggie,"Spinach, Artichokes, Tomatoes, Sun-dried Tomatoes, Garlic, Pesto Sauce",The Spinach Pesto Pizza
2410,1072,classic_dlx_s,1,1/18/2015,18:32:32,12,12,S,Classic,"Pepperoni, Mushrooms, Red Onions, Red Peppers, Bacon",The Classic Deluxe Pizza
2411,1072,five_cheese_l,1,1/18/2015,18:32:32,18.5,18.5,L,Veggie,"Mozzarella Cheese, Provolone Cheese, Smoked Gouda Cheese, Romano Cheese, Blue Cheese, Garlic",The Five Cheese Pizza
2412,1072,four_cheese_m,1,1/18/2015,18:32:32,14.75,14.75,M,Veggie,"Ricotta Cheese, Gorgonzola Piccante Cheese, Mozzarella Cheese, Parmigiano Reggiano Cheese, Garlic",The Four Cheese Pizza
2413,1073,five_cheese_l,1,1/18/2015,18:42:02,18.5,18.5,L,Veggie,"Mozzarella Cheese, Provolone Cheese, Smoked Gouda Cheese, Romano Cheese, Blue Cheese, Garlic",The Five Cheese Pizza
2414,1073,spicy_ital_l,1,1/18/2015,18:42:02,20.75,20.75,L,Supreme,"Capocollo, Tomatoes, Goat Cheese, Artichokes, Peperoncini verdi, Garlic",The Spicy Italian Pizza
2415,1073,spin_pesto_m,1,1/18/2015,18:42:02,16.5,16.5,M,Veggie,"Spinach, Artichokes, Tomatoes, Sun-dried Tomatoes, Garlic, Pesto Sauce",The Spinach Pesto Pizza
2416,1074,ital_veggie_l,1,1/18/2015,19:01:54,21,21,L,Veggie,"Eggplant, Artichokes, Tomatoes, Zucchini, Red Peppers, Garlic, Pesto Sauce",The Italian Vegetables Pizza
2417,1075,mexicana_l,1,1/18/2015,19:15:17,20.25,20.25,L,Veggie,"Tomatoes, Red Peppers, Jalapeno Peppers, Red Onions, Cilantro, Corn, Chipotle Sauce, Garlic",The Mexicana Pizza
2418,1076,ital_supr_m,1,1/18/2015,19:36:15,16.5,16.5,M,Supreme,"Calabrese Salami, Capocollo, Tomatoes, Red Onions, Green Olives, Garlic",The Italian Supreme Pizza
2419,1076,pepperoni_l,1,1/18/2015,19:36:15,15.25,15.25,L,Classic,"Mozzarella Cheese, Pepperoni",The Pepperoni Pizza
2420,1077,ckn_alfredo_m,1,1/18/2015,20:13:25,16.75,16.75,M,Chicken,"Chicken, Red Onions, Red Peppers, Mushrooms, Asiago Cheese, Alfredo Sauce",The Chicken Alfredo Pizza
2421,1078,four_cheese_l,1,1/18/2015,20:20:42,17.95,17.95,L,Veggie,"Ricotta Cheese, Gorgonzola Piccante Cheese, Mozzarella Cheese, Parmigiano Reggiano Cheese, Garlic",The Four Cheese Pizza
2422,1078,ital_cpcllo_l,1,1/18/2015,20:20:42,20.5,20.5,L,Classic,"Capocollo, Red Peppers, Tomatoes, Goat Cheese, Garlic, Oregano",The Italian Capocollo Pizza
2423,1079,green_garden_s,1,1/18/2015,20:45:11,12,12,S,Veggie,"Spinach, Mushrooms, Tomatoes, Green Olives, Feta Cheese",The Green Garden Pizza
2424,1079,pepperoni_l,1,1/18/2015,20:45:11,15.25,15.25,L,Classic,"Mozzarella Cheese, Pepperoni",The Pepperoni Pizza
2425,1079,thai_ckn_s,1,1/18/2015,20:45:11,12.75,12.75,S,Chicken,"Chicken, Pineapple, Tomatoes, Red Peppers, Thai Sweet Chilli Sauce",The Thai Chicken Pizza
2426,1080,ital_veggie_m,1,1/18/2015,21:22:58,16.75,16.75,M,Veggie,"Eggplant, Artichokes, Tomatoes, Zucchini, Red Peppers, Garlic, Pesto Sauce",The Italian Vegetables Pizza
2427,1080,sicilian_l,1,1/18/2015,21:22:58,20.25,20.25,L,Supreme,"Coarse Sicilian Salami, Tomatoes, Green Olives, Luganega Sausage, Onions, Garlic",The Sicilian Pizza
2428,1080,soppressata_s,1,1/18/2015,21:22:58,12.5,12.5,S,Supreme,"Soppressata Salami, Fontina Cheese, Mozzarella Cheese, Mushrooms, Garlic",The Soppressata Pizza
2429,1080,spicy_ital_m,1,1/18/2015,21:22:58,16.5,16.5,M,Supreme,"Capocollo, Tomatoes, Goat Cheese, Artichokes, Peperoncini verdi, Garlic",The Spicy Italian Pizza
2430,1081,five_cheese_l,1,1/18/2015,21:27:05,18.5,18.5,L,Veggie,"Mozzarella Cheese, Provolone Cheese, Smoked Gouda Cheese, Romano Cheese, Blue Cheese, Garlic",The Five Cheese Pizza
2431,1082,peppr_salami_l,1,1/19/2015,11:16:43,20.75,20.75,L,Supreme,"Genoa Salami, Capocollo, Pepperoni, Tomatoes, Asiago Cheese, Garlic",The Pepper Salami Pizza
2432,1082,thai_ckn_l,1,1/19/2015,11:16:43,20.75,20.75,L,Chicken,"Chicken, Pineapple, Tomatoes, Red Peppers, Thai Sweet Chilli Sauce",The Thai Chicken Pizza
2433,1083,southw_ckn_l,1,1/19/2015,11:19:51,20.75,20.75,L,Chicken,"Chicken, Tomatoes, Red Peppers, Red Onions, Jalapeno Peppers, Corn, Cilantro, Chipotle Sauce",The Southwest Chicken Pizza
2434,1084,big_meat_s,1,1/19/2015,11:27:33,12,12,S,Classic,"Bacon, Pepperoni, Italian Sausage, Chorizo Sausage",The Big Meat Pizza
2435,1085,hawaiian_s,1,1/19/2015,11:37:05,10.5,10.5,S,Classic,"Sliced Ham, Pineapple, Mozzarella Cheese",The Hawaiian Pizza
2436,1085,southw_ckn_l,1,1/19/2015,11:37:05,20.75,20.75,L,Chicken,"Chicken, Tomatoes, Red Peppers, Red Onions, Jalapeno Peppers, Corn, Cilantro, Chipotle Sauce",The Southwest Chicken Pizza
2437,1085,spinach_fet_l,1,1/19/2015,11:37:05,20.25,20.25,L,Veggie,"Spinach, Mushrooms, Red Onions, Feta Cheese, Garlic",The Spinach and Feta Pizza
2438,1086,bbq_ckn_s,1,1/19/2015,11:57:17,12.75,12.75,S,Chicken,"Barbecued Chicken, Red Peppers, Green Peppers, Tomatoes, Red Onions, Barbecue Sauce",The Barbecue Chicken Pizza
2439,1086,mediterraneo_l,1,1/19/2015,11:57:17,20.25,20.25,L,Veggie,"Spinach, Artichokes, Kalamata Olives, Sun-dried Tomatoes, Feta Cheese, Plum Tomatoes, Red Onions",The Mediterranean Pizza
2440,1087,four_cheese_l,1,1/19/2015,11:57:38,17.95,17.95,L,Veggie,"Ricotta Cheese, Gorgonzola Piccante Cheese, Mozzarella Cheese, Parmigiano Reggiano Cheese, Garlic",The Four Cheese Pizza
2441,1087,spinach_fet_m,1,1/19/2015,11:57:38,16,16,M,Veggie,"Spinach, Mushrooms, Red Onions, Feta Cheese, Garlic",The Spinach and Feta Pizza
2442,1088,big_meat_s,1,1/19/2015,12:00:52,12,12,S,Classic,"Bacon, Pepperoni, Italian Sausage, Chorizo Sausage",The Big Meat Pizza
2443,1088,mediterraneo_l,1,1/19/2015,12:00:52,20.25,20.25,L,Veggie,"Spinach, Artichokes, Kalamata Olives, Sun-dried Tomatoes, Feta Cheese, Plum Tomatoes, Red Onions",The Mediterranean Pizza
2444,1088,pepperoni_l,1,1/19/2015,12:00:52,15.25,15.25,L,Classic,"Mozzarella Cheese, Pepperoni",The Pepperoni Pizza
2445,1088,thai_ckn_s,1,1/19/2015,12:00:52,12.75,12.75,S,Chicken,"Chicken, Pineapple, Tomatoes, Red Peppers, Thai Sweet Chilli Sauce",The Thai Chicken Pizza
2446,1088,the_greek_xl,1,1/19/2015,12:00:52,25.5,25.5,XL,Classic,"Kalamata Olives, Feta Cheese, Tomatoes, Garlic, Beef Chuck Roast, Red Onions",The Greek Pizza
2447,1089,big_meat_s,1,1/19/2015,12:03:57,12,12,S,Classic,"Bacon, Pepperoni, Italian Sausage, Chorizo Sausage",The Big Meat Pizza
2448,1089,ckn_pesto_l,1,1/19/2015,12:03:57,20.75,20.75,L,Chicken,"Chicken, Tomatoes, Red Peppers, Spinach, Garlic, Pesto Sauce",The Chicken Pesto Pizza
2449,1089,spin_pesto_m,1,1/19/2015,12:03:57,16.5,16.5,M,Veggie,"Spinach, Artichokes, Tomatoes, Sun-dried Tomatoes, Garlic, Pesto Sauce",The Spinach Pesto Pizza
2450,1090,bbq_ckn_l,1,1/19/2015,12:14:24,20.75,20.75,L,Chicken,"Barbecued Chicken, Red Peppers, Green Peppers, Tomatoes, Red Onions, Barbecue Sauce",The Barbecue Chicken Pizza
2451,1090,cali_ckn_m,1,1/19/2015,12:14:24,16.75,16.75,M,Chicken,"Chicken, Artichoke, Spinach, Garlic, Jalapeno Peppers, Fontina Cheese, Gouda Cheese",The California Chicken Pizza
2452,1090,hawaiian_l,1,1/19/2015,12:14:24,16.5,16.5,L,Classic,"Sliced Ham, Pineapple, Mozzarella Cheese",The Hawaiian Pizza
2453,1090,ital_supr_s,1,1/19/2015,12:14:24,12.5,12.5,S,Supreme,"Calabrese Salami, Capocollo, Tomatoes, Red Onions, Green Olives, Garlic",The Italian Supreme Pizza
2454,1090,ital_veggie_m,1,1/19/2015,12:14:24,16.75,16.75,M,Veggie,"Eggplant, Artichokes, Tomatoes, Zucchini, Red Peppers, Garlic, Pesto Sauce",The Italian Vegetables Pizza
2455,1090,ital_veggie_s,1,1/19/2015,12:14:24,12.75,12.75,S,Veggie,"Eggplant, Artichokes, Tomatoes, Zucchini, Red Peppers, Garlic, Pesto Sauce",The Italian Vegetables Pizza
2456,1090,napolitana_l,1,1/19/2015,12:14:24,20.5,20.5,L,Classic,"Tomatoes, Anchovies, Green Olives, Red Onions, Garlic",The Napolitana Pizza
2457,1091,pepperoni_s,1,1/19/2015,12:20:28,9.75,9.75,S,Classic,"Mozzarella Cheese, Pepperoni",The Pepperoni Pizza
2458,1092,bbq_ckn_l,1,1/19/2015,12:23:38,20.75,20.75,L,Chicken,"Barbecued Chicken, Red Peppers, Green Peppers, Tomatoes, Red Onions, Barbecue Sauce",The Barbecue Chicken Pizza
2459,1092,cali_ckn_s,1,1/19/2015,12:23:38,12.75,12.75,S,Chicken,"Chicken, Artichoke, Spinach, Garlic, Jalapeno Peppers, Fontina Cheese, Gouda Cheese",The California Chicken Pizza
2460,1092,hawaiian_s,1,1/19/2015,12:23:38,10.5,10.5,S,Classic,"Sliced Ham, Pineapple, Mozzarella Cheese",The Hawaiian Pizza
2461,1093,classic_dlx_m,1,1/19/2015,12:33:24,16,16,M,Classic,"Pepperoni, Mushrooms, Red Onions, Red Peppers, Bacon",The Classic Deluxe Pizza
2462,1093,ital_supr_m,1,1/19/2015,12:33:24,16.5,16.5,M,Supreme,"Calabrese Salami, Capocollo, Tomatoes, Red Onions, Green Olives, Garlic",The Italian Supreme Pizza
2463,1093,napolitana_l,1,1/19/2015,12:33:24,20.5,20.5,L,Classic,"Tomatoes, Anchovies, Green Olives, Red Onions, Garlic",The Napolitana Pizza
2464,1093,pepperoni_l,1,1/19/2015,12:33:24,15.25,15.25,L,Classic,"Mozzarella Cheese, Pepperoni",The Pepperoni Pizza
2465,1093,prsc_argla_s,1,1/19/2015,12:33:24,12.5,12.5,S,Supreme,"Prosciutto di San Daniele, Arugula, Mozzarella Cheese",The Prosciutto and Arugula Pizza
2466,1094,brie_carre_s,1,1/19/2015,12:33:50,23.65,23.65,S,Supreme,"Brie Carre Cheese, Prosciutto, Caramelized Onions, Pears, Thyme, Garlic",The Brie Carre Pizza
2467,1094,ckn_pesto_l,1,1/19/2015,12:33:50,20.75,20.75,L,Chicken,"Chicken, Tomatoes, Red Peppers, Spinach, Garlic, Pesto Sauce",The Chicken Pesto Pizza
2468,1095,cali_ckn_s,1,1/19/2015,12:47:24,12.75,12.75,S,Chicken,"Chicken, Artichoke, Spinach, Garlic, Jalapeno Peppers, Fontina Cheese, Gouda Cheese",The California Chicken Pizza
2469,1095,four_cheese_l,1,1/19/2015,12:47:24,17.95,17.95,L,Veggie,"Ricotta Cheese, Gorgonzola Piccante Cheese, Mozzarella Cheese, Parmigiano Reggiano Cheese, Garlic",The Four Cheese Pizza
2470,1096,ckn_pesto_l,1,1/19/2015,12:56:45,20.75,20.75,L,Chicken,"Chicken, Tomatoes, Red Peppers, Spinach, Garlic, Pesto Sauce",The Chicken Pesto Pizza
2471,1096,five_cheese_l,1,1/19/2015,12:56:45,18.5,18.5,L,Veggie,"Mozzarella Cheese, Provolone Cheese, Smoked Gouda Cheese, Romano Cheese, Blue Cheese, Garlic",The Five Cheese Pizza
2472,1096,four_cheese_l,2,1/19/2015,12:56:45,17.95,35.9,L,Veggie,"Ricotta Cheese, Gorgonzola Piccante Cheese, Mozzarella Cheese, Parmigiano Reggiano Cheese, Garlic",The Four Cheese Pizza
2473,1096,mediterraneo_l,1,1/19/2015,12:56:45,20.25,20.25,L,Veggie,"Spinach, Artichokes, Kalamata Olives, Sun-dried Tomatoes, Feta Cheese, Plum Tomatoes, Red Onions",The Mediterranean Pizza
2474,1096,mediterraneo_s,1,1/19/2015,12:56:45,12,12,S,Veggie,"Spinach, Artichokes, Kalamata Olives, Sun-dried Tomatoes, Feta Cheese, Plum Tomatoes, Red Onions",The Mediterranean Pizza
2475,1096,napolitana_l,2,1/19/2015,12:56:45,20.5,41,L,Classic,"Tomatoes, Anchovies, Green Olives, Red Onions, Garlic",The Napolitana Pizza
2476,1096,napolitana_m,1,1/19/2015,12:56:45,16,16,M,Classic,"Tomatoes, Anchovies, Green Olives, Red Onions, Garlic",The Napolitana Pizza
2477,1096,pep_msh_pep_l,1,1/19/2015,12:56:45,17.5,17.5,L,Classic,"Pepperoni, Mushrooms, Green Peppers","The Pepperoni, Mushroom, and Peppers Pizza"
2478,1096,prsc_argla_l,1,1/19/2015,12:56:45,20.75,20.75,L,Supreme,"Prosciutto di San Daniele, Arugula, Mozzarella Cheese",The Prosciutto and Arugula Pizza
2479,1096,soppressata_l,1,1/19/2015,12:56:45,20.75,20.75,L,Supreme,"Soppressata Salami, Fontina Cheese, Mozzarella Cheese, Mushrooms, Garlic",The Soppressata Pizza
2480,1096,spicy_ital_l,2,1/19/2015,12:56:45,20.75,41.5,L,Supreme,"Capocollo, Tomatoes, Goat Cheese, Artichokes, Peperoncini verdi, Garlic",The Spicy Italian Pizza
2481,1096,veggie_veg_l,1,1/19/2015,12:56:45,20.25,20.25,L,Veggie,"Mushrooms, Tomatoes, Red Peppers, Green Peppers, Red Onions, Zucchini, Spinach, Garlic",The Vegetables + Vegetables Pizza
2482,1097,bbq_ckn_l,1,1/19/2015,13:02:07,20.75,20.75,L,Chicken,"Barbecued Chicken, Red Peppers, Green Peppers, Tomatoes, Red Onions, Barbecue Sauce",The Barbecue Chicken Pizza
2483,1098,napolitana_l,1,1/19/2015,13:25:39,20.5,20.5,L,Classic,"Tomatoes, Anchovies, Green Olives, Red Onions, Garlic",The Napolitana Pizza
2484,1098,the_greek_l,1,1/19/2015,13:25:39,20.5,20.5,L,Classic,"Kalamata Olives, Feta Cheese, Tomatoes, Garlic, Beef Chuck Roast, Red Onions",The Greek Pizza
2485,1099,ital_supr_m,1,1/19/2015,13:33:24,16.5,16.5,M,Supreme,"Calabrese Salami, Capocollo, Tomatoes, Red Onions, Green Olives, Garlic",The Italian Supreme Pizza
2486,1099,mediterraneo_s,1,1/19/2015,13:33:24,12,12,S,Veggie,"Spinach, Artichokes, Kalamata Olives, Sun-dried Tomatoes, Feta Cheese, Plum Tomatoes, Red Onions",The Mediterranean Pizza
2487,1100,ckn_alfredo_m,1,1/19/2015,13:34:27,16.75,16.75,M,Chicken,"Chicken, Red Onions, Red Peppers, Mushrooms, Asiago Cheese, Alfredo Sauce",The Chicken Alfredo Pizza
2488,1100,green_garden_s,1,1/19/2015,13:34:27,12,12,S,Veggie,"Spinach, Mushrooms, Tomatoes, Green Olives, Feta Cheese",The Green Garden Pizza
2489,1100,mexicana_l,1,1/19/2015,13:34:27,20.25,20.25,L,Veggie,"Tomatoes, Red Peppers, Jalapeno Peppers, Red Onions, Cilantro, Corn, Chipotle Sauce, Garlic",The Mexicana Pizza
2490,1100,napolitana_m,1,1/19/2015,13:34:27,16,16,M,Classic,"Tomatoes, Anchovies, Green Olives, Red Onions, Garlic",The Napolitana Pizza
2491,1100,thai_ckn_l,1,1/19/2015,13:34:27,20.75,20.75,L,Chicken,"Chicken, Pineapple, Tomatoes, Red Peppers, Thai Sweet Chilli Sauce",The Thai Chicken Pizza
2492,1101,cali_ckn_l,1,1/19/2015,13:36:26,20.75,20.75,L,Chicken,"Chicken, Artichoke, Spinach, Garlic, Jalapeno Peppers, Fontina Cheese, Gouda Cheese",The California Chicken Pizza
2493,1102,ital_cpcllo_s,1,1/19/2015,14:03:20,12,12,S,Classic,"Capocollo, Red Peppers, Tomatoes, Goat Cheese, Garlic, Oregano",The Italian Capocollo Pizza
2494,1103,the_greek_s,1,1/19/2015,14:08:12,12,12,S,Classic,"Kalamata Olives, Feta Cheese, Tomatoes, Garlic, Beef Chuck Roast, Red Onions",The Greek Pizza
2495,1104,cali_ckn_m,1,1/19/2015,14:39:45,16.75,16.75,M,Chicken,"Chicken, Artichoke, Spinach, Garlic, Jalapeno Peppers, Fontina Cheese, Gouda Cheese",The California Chicken Pizza
2496,1104,ckn_pesto_s,1,1/19/2015,14:39:45,12.75,12.75,S,Chicken,"Chicken, Tomatoes, Red Peppers, Spinach, Garlic, Pesto Sauce",The Chicken Pesto Pizza
2497,1104,green_garden_s,1,1/19/2015,14:39:45,12,12,S,Veggie,"Spinach, Mushrooms, Tomatoes, Green Olives, Feta Cheese",The Green Garden Pizza
2498,1104,ital_veggie_m,1,1/19/2015,14:39:45,16.75,16.75,M,Veggie,"Eggplant, Artichokes, Tomatoes, Zucchini, Red Peppers, Garlic, Pesto Sauce",The Italian Vegetables Pizza
2499,1105,calabrese_m,1,1/19/2015,15:13:54,16.25,16.25,M,Supreme,"æ…›duja Salami, Pancetta, Tomatoes, Red Onions, Friggitello Peppers, Garlic",The Calabrese Pizza
2500,1105,ckn_alfredo_m,1,1/19/2015,15:13:54,16.75,16.75,M,Chicken,"Chicken, Red Onions, Red Peppers, Mushrooms, Asiago Cheese, Alfredo Sauce",The Chicken Alfredo Pizza
2501,1105,thai_ckn_l,1,1/19/2015,15:13:54,20.75,20.75,L,Chicken,"Chicken, Pineapple, Tomatoes, Red Peppers, Thai Sweet Chilli Sauce",The Thai Chicken Pizza
2502,1106,sicilian_l,1,1/19/2015,15:17:39,20.25,20.25,L,Supreme,"Coarse Sicilian Salami, Tomatoes, Green Olives, Luganega Sausage, Onions, Garlic",The Sicilian Pizza
2503,1107,soppressata_m,1,1/19/2015,15:45:44,16.5,16.5,M,Supreme,"Soppressata Salami, Fontina Cheese, Mozzarella Cheese, Mushrooms, Garlic",The Soppressata Pizza
2504,1108,sicilian_l,1,1/19/2015,16:18:49,20.25,20.25,L,Supreme,"Coarse Sicilian Salami, Tomatoes, Green Olives, Luganega Sausage, Onions, Garlic",The Sicilian Pizza
2505,1109,pep_msh_pep_l,1,1/19/2015,16:20:22,17.5,17.5,L,Classic,"Pepperoni, Mushrooms, Green Peppers","The Pepperoni, Mushroom, and Peppers Pizza"
2506,1109,pepperoni_l,1,1/19/2015,16:20:22,15.25,15.25,L,Classic,"Mozzarella Cheese, Pepperoni",The Pepperoni Pizza
2507,1110,hawaiian_l,1,1/19/2015,16:33:35,16.5,16.5,L,Classic,"Sliced Ham, Pineapple, Mozzarella Cheese",The Hawaiian Pizza
2508,1110,spinach_fet_m,1,1/19/2015,16:33:35,16,16,M,Veggie,"Spinach, Mushrooms, Red Onions, Feta Cheese, Garlic",The Spinach and Feta Pizza
2509,1111,ital_supr_m,1,1/19/2015,16:35:46,16.5,16.5,M,Supreme,"Calabrese Salami, Capocollo, Tomatoes, Red Onions, Green Olives, Garlic",The Italian Supreme Pizza
2510,1112,ckn_alfredo_s,1,1/19/2015,16:46:00,12.75,12.75,S,Chicken,"Chicken, Red Onions, Red Peppers, Mushrooms, Asiago Cheese, Alfredo Sauce",The Chicken Alfredo Pizza
2511,1112,hawaiian_l,1,1/19/2015,16:46:00,16.5,16.5,L,Classic,"Sliced Ham, Pineapple, Mozzarella Cheese",The Hawaiian Pizza
2512,1112,spinach_fet_m,1,1/19/2015,16:46:00,16,16,M,Veggie,"Spinach, Mushrooms, Red Onions, Feta Cheese, Garlic",The Spinach and Feta Pizza
2513,1112,the_greek_xl,1,1/19/2015,16:46:00,25.5,25.5,XL,Classic,"Kalamata Olives, Feta Cheese, Tomatoes, Garlic, Beef Chuck Roast, Red Onions",The Greek Pizza
2514,1113,big_meat_s,1,1/19/2015,17:00:44,12,12,S,Classic,"Bacon, Pepperoni, Italian Sausage, Chorizo Sausage",The Big Meat Pizza
2515,1113,hawaiian_m,1,1/19/2015,17:00:44,13.25,13.25,M,Classic,"Sliced Ham, Pineapple, Mozzarella Cheese",The Hawaiian Pizza
2516,1114,big_meat_s,1,1/19/2015,17:00:53,12,12,S,Classic,"Bacon, Pepperoni, Italian Sausage, Chorizo Sausage",The Big Meat Pizza
2517,1114,five_cheese_l,1,1/19/2015,17:00:53,18.5,18.5,L,Veggie,"Mozzarella Cheese, Provolone Cheese, Smoked Gouda Cheese, Romano Cheese, Blue Cheese, Garlic",The Five Cheese Pizza
2518,1115,sicilian_s,1,1/19/2015,17:08:55,12.25,12.25,S,Supreme,"Coarse Sicilian Salami, Tomatoes, Green Olives, Luganega Sausage, Onions, Garlic",The Sicilian Pizza
2519,1115,thai_ckn_m,1,1/19/2015,17:08:55,16.75,16.75,M,Chicken,"Chicken, Pineapple, Tomatoes, Red Peppers, Thai Sweet Chilli Sauce",The Thai Chicken Pizza
2520,1116,classic_dlx_s,1,1/19/2015,17:09:15,12,12,S,Classic,"Pepperoni, Mushrooms, Red Onions, Red Peppers, Bacon",The Classic Deluxe Pizza
2521,1116,prsc_argla_l,1,1/19/2015,17:09:15,20.75,20.75,L,Supreme,"Prosciutto di San Daniele, Arugula, Mozzarella Cheese",The Prosciutto and Arugula Pizza
2522,1116,spicy_ital_l,1,1/19/2015,17:09:15,20.75,20.75,L,Supreme,"Capocollo, Tomatoes, Goat Cheese, Artichokes, Peperoncini verdi, Garlic",The Spicy Italian Pizza
2523,1116,spin_pesto_l,1,1/19/2015,17:09:15,20.75,20.75,L,Veggie,"Spinach, Artichokes, Tomatoes, Sun-dried Tomatoes, Garlic, Pesto Sauce",The Spinach Pesto Pizza
2524,1117,cali_ckn_m,1,1/19/2015,17:13:25,16.75,16.75,M,Chicken,"Chicken, Artichoke, Spinach, Garlic, Jalapeno Peppers, Fontina Cheese, Gouda Cheese",The California Chicken Pizza
2525,1118,spinach_fet_m,1,1/19/2015,17:19:49,16,16,M,Veggie,"Spinach, Mushrooms, Red Onions, Feta Cheese, Garlic",The Spinach and Feta Pizza
2526,1119,big_meat_s,1,1/19/2015,17:42:23,12,12,S,Classic,"Bacon, Pepperoni, Italian Sausage, Chorizo Sausage",The Big Meat Pizza
2527,1119,ital_cpcllo_l,1,1/19/2015,17:42:23,20.5,20.5,L,Classic,"Capocollo, Red Peppers, Tomatoes, Goat Cheese, Garlic, Oregano",The Italian Capocollo Pizza
2528,1120,four_cheese_m,1,1/19/2015,17:46:46,14.75,14.75,M,Veggie,"Ricotta Cheese, Gorgonzola Piccante Cheese, Mozzarella Cheese, Parmigiano Reggiano Cheese, Garlic",The Four Cheese Pizza
2529,1120,pep_msh_pep_l,1,1/19/2015,17:46:46,17.5,17.5,L,Classic,"Pepperoni, Mushrooms, Green Peppers","The Pepperoni, Mushroom, and Peppers Pizza"
2530,1121,big_meat_s,1,1/19/2015,18:15:08,12,12,S,Classic,"Bacon, Pepperoni, Italian Sausage, Chorizo Sausage",The Big Meat Pizza
2531,1121,the_greek_xl,1,1/19/2015,18:15:08,25.5,25.5,XL,Classic,"Kalamata Olives, Feta Cheese, Tomatoes, Garlic, Beef Chuck Roast, Red Onions",The Greek Pizza
2532,1122,classic_dlx_s,1,1/19/2015,18:16:44,12,12,S,Classic,"Pepperoni, Mushrooms, Red Onions, Red Peppers, Bacon",The Classic Deluxe Pizza
2533,1122,southw_ckn_l,1,1/19/2015,18:16:44,20.75,20.75,L,Chicken,"Chicken, Tomatoes, Red Peppers, Red Onions, Jalapeno Peppers, Corn, Cilantro, Chipotle Sauce",The Southwest Chicken Pizza
2534,1122,spinach_fet_l,1,1/19/2015,18:16:44,20.25,20.25,L,Veggie,"Spinach, Mushrooms, Red Onions, Feta Cheese, Garlic",The Spinach and Feta Pizza
2535,1122,thai_ckn_s,1,1/19/2015,18:16:44,12.75,12.75,S,Chicken,"Chicken, Pineapple, Tomatoes, Red Peppers, Thai Sweet Chilli Sauce",The Thai Chicken Pizza
2536,1123,bbq_ckn_m,1,1/19/2015,18:21:36,16.75,16.75,M,Chicken,"Barbecued Chicken, Red Peppers, Green Peppers, Tomatoes, Red Onions, Barbecue Sauce",The Barbecue Chicken Pizza
2537,1123,hawaiian_s,1,1/19/2015,18:21:36,10.5,10.5,S,Classic,"Sliced Ham, Pineapple, Mozzarella Cheese",The Hawaiian Pizza
2538,1124,calabrese_m,1,1/19/2015,18:29:26,16.25,16.25,M,Supreme,"æ…›duja Salami, Pancetta, Tomatoes, Red Onions, Friggitello Peppers, Garlic",The Calabrese Pizza
2539,1124,ital_cpcllo_m,1,1/19/2015,18:29:26,16,16,M,Classic,"Capocollo, Red Peppers, Tomatoes, Goat Cheese, Garlic, Oregano",The Italian Capocollo Pizza
2540,1125,hawaiian_s,1,1/19/2015,18:45:40,10.5,10.5,S,Classic,"Sliced Ham, Pineapple, Mozzarella Cheese",The Hawaiian Pizza
2541,1125,mexicana_l,1,1/19/2015,18:45:40,20.25,20.25,L,Veggie,"Tomatoes, Red Peppers, Jalapeno Peppers, Red Onions, Cilantro, Corn, Chipotle Sauce, Garlic",The Mexicana Pizza
2542,1126,southw_ckn_s,1,1/19/2015,18:48:46,12.75,12.75,S,Chicken,"Chicken, Tomatoes, Red Peppers, Red Onions, Jalapeno Peppers, Corn, Cilantro, Chipotle Sauce",The Southwest Chicken Pizza
2543,1127,classic_dlx_l,1,1/19/2015,18:53:52,20.5,20.5,L,Classic,"Pepperoni, Mushrooms, Red Onions, Red Peppers, Bacon",The Classic Deluxe Pizza
2544,1127,pep_msh_pep_s,1,1/19/2015,18:53:52,11,11,S,Classic,"Pepperoni, Mushrooms, Green Peppers","The Pepperoni, Mushroom, and Peppers Pizza"
2545,1127,veggie_veg_s,1,1/19/2015,18:53:52,12,12,S,Veggie,"Mushrooms, Tomatoes, Red Peppers, Green Peppers, Red Onions, Zucchini, Spinach, Garlic",The Vegetables + Vegetables Pizza
2546,1128,cali_ckn_m,1,1/19/2015,18:59:54,16.75,16.75,M,Chicken,"Chicken, Artichoke, Spinach, Garlic, Jalapeno Peppers, Fontina Cheese, Gouda Cheese",The California Chicken Pizza
2547,1128,thai_ckn_l,1,1/19/2015,18:59:54,20.75,20.75,L,Chicken,"Chicken, Pineapple, Tomatoes, Red Peppers, Thai Sweet Chilli Sauce",The Thai Chicken Pizza
2548,1129,cali_ckn_m,1,1/19/2015,19:00:20,16.75,16.75,M,Chicken,"Chicken, Artichoke, Spinach, Garlic, Jalapeno Peppers, Fontina Cheese, Gouda Cheese",The California Chicken Pizza
2549,1129,hawaiian_l,1,1/19/2015,19:00:20,16.5,16.5,L,Classic,"Sliced Ham, Pineapple, Mozzarella Cheese",The Hawaiian Pizza
2550,1129,pep_msh_pep_s,1,1/19/2015,19:00:20,11,11,S,Classic,"Pepperoni, Mushrooms, Green Peppers","The Pepperoni, Mushroom, and Peppers Pizza"
2551,1130,five_cheese_l,1,1/19/2015,19:03:05,18.5,18.5,L,Veggie,"Mozzarella Cheese, Provolone Cheese, Smoked Gouda Cheese, Romano Cheese, Blue Cheese, Garlic",The Five Cheese Pizza
2552,1130,ital_supr_l,1,1/19/2015,19:03:05,20.75,20.75,L,Supreme,"Calabrese Salami, Capocollo, Tomatoes, Red Onions, Green Olives, Garlic",The Italian Supreme Pizza
2553,1131,green_garden_l,1,1/19/2015,19:06:42,20.25,20.25,L,Veggie,"Spinach, Mushrooms, Tomatoes, Green Olives, Feta Cheese",The Green Garden Pizza
2554,1131,pepperoni_m,1,1/19/2015,19:06:42,12.5,12.5,M,Classic,"Mozzarella Cheese, Pepperoni",The Pepperoni Pizza
2555,1132,cali_ckn_s,1,1/19/2015,19:51:37,12.75,12.75,S,Chicken,"Chicken, Artichoke, Spinach, Garlic, Jalapeno Peppers, Fontina Cheese, Gouda Cheese",The California Chicken Pizza
2556,1132,five_cheese_l,1,1/19/2015,19:51:37,18.5,18.5,L,Veggie,"Mozzarella Cheese, Provolone Cheese, Smoked Gouda Cheese, Romano Cheese, Blue Cheese, Garlic",The Five Cheese Pizza
2557,1132,four_cheese_l,1,1/19/2015,19:51:37,17.95,17.95,L,Veggie,"Ricotta Cheese, Gorgonzola Piccante Cheese, Mozzarella Cheese, Parmigiano Reggiano Cheese, Garlic",The Four Cheese Pizza
2558,1132,pepperoni_s,1,1/19/2015,19:51:37,9.75,9.75,S,Classic,"Mozzarella Cheese, Pepperoni",The Pepperoni Pizza
2559,1133,ital_cpcllo_l,1,1/19/2015,19:59:17,20.5,20.5,L,Classic,"Capocollo, Red Peppers, Tomatoes, Goat Cheese, Garlic, Oregano",The Italian Capocollo Pizza
2560,1133,napolitana_l,1,1/19/2015,19:59:17,20.5,20.5,L,Classic,"Tomatoes, Anchovies, Green Olives, Red Onions, Garlic",The Napolitana Pizza
2561,1133,pep_msh_pep_l,1,1/19/2015,19:59:17,17.5,17.5,L,Classic,"Pepperoni, Mushrooms, Green Peppers","The Pepperoni, Mushroom, and Peppers Pizza"
2562,1133,the_greek_m,1,1/19/2015,19:59:17,16,16,M,Classic,"Kalamata Olives, Feta Cheese, Tomatoes, Garlic, Beef Chuck Roast, Red Onions",The Greek Pizza
2563,1134,pep_msh_pep_s,1,1/19/2015,20:05:41,11,11,S,Classic,"Pepperoni, Mushrooms, Green Peppers","The Pepperoni, Mushroom, and Peppers Pizza"
2564,1135,pepperoni_l,1,1/19/2015,21:15:41,15.25,15.25,L,Classic,"Mozzarella Cheese, Pepperoni",The Pepperoni Pizza
2565,1136,ital_supr_l,1,1/19/2015,21:59:06,20.75,20.75,L,Supreme,"Calabrese Salami, Capocollo, Tomatoes, Red Onions, Green Olives, Garlic",The Italian Supreme Pizza
2566,1136,thai_ckn_m,1,1/19/2015,21:59:06,16.75,16.75,M,Chicken,"Chicken, Pineapple, Tomatoes, Red Peppers, Thai Sweet Chilli Sauce",The Thai Chicken Pizza
2567,1136,veggie_veg_s,1,1/19/2015,21:59:06,12,12,S,Veggie,"Mushrooms, Tomatoes, Red Peppers, Green Peppers, Red Onions, Zucchini, Spinach, Garlic",The Vegetables + Vegetables Pizza
2568,1137,soppressata_l,1,1/19/2015,22:13:28,20.75,20.75,L,Supreme,"Soppressata Salami, Fontina Cheese, Mozzarella Cheese, Mushrooms, Garlic",The Soppressata Pizza
2569,1137,veggie_veg_m,1,1/19/2015,22:13:28,16,16,M,Veggie,"Mushrooms, Tomatoes, Red Peppers, Green Peppers, Red Onions, Zucchini, Spinach, Garlic",The Vegetables + Vegetables Pizza
2570,1138,mexicana_l,1,1/20/2015,11:21:49,20.25,20.25,L,Veggie,"Tomatoes, Red Peppers, Jalapeno Peppers, Red Onions, Cilantro, Corn, Chipotle Sauce, Garlic",The Mexicana Pizza
2571,1139,ital_supr_s,1,1/20/2015,11:25:59,12.5,12.5,S,Supreme,"Calabrese Salami, Capocollo, Tomatoes, Red Onions, Green Olives, Garlic",The Italian Supreme Pizza
2572,1139,sicilian_s,1,1/20/2015,11:25:59,12.25,12.25,S,Supreme,"Coarse Sicilian Salami, Tomatoes, Green Olives, Luganega Sausage, Onions, Garlic",The Sicilian Pizza
2573,1139,spicy_ital_l,1,1/20/2015,11:25:59,20.75,20.75,L,Supreme,"Capocollo, Tomatoes, Goat Cheese, Artichokes, Peperoncini verdi, Garlic",The Spicy Italian Pizza
2574,1139,the_greek_s,1,1/20/2015,11:25:59,12,12,S,Classic,"Kalamata Olives, Feta Cheese, Tomatoes, Garlic, Beef Chuck Roast, Red Onions",The Greek Pizza
2575,1140,ital_cpcllo_l,1,1/20/2015,11:31:16,20.5,20.5,L,Classic,"Capocollo, Red Peppers, Tomatoes, Goat Cheese, Garlic, Oregano",The Italian Capocollo Pizza
2576,1140,ital_veggie_m,1,1/20/2015,11:31:16,16.75,16.75,M,Veggie,"Eggplant, Artichokes, Tomatoes, Zucchini, Red Peppers, Garlic, Pesto Sauce",The Italian Vegetables Pizza
2577,1140,mexicana_m,1,1/20/2015,11:31:16,16,16,M,Veggie,"Tomatoes, Red Peppers, Jalapeno Peppers, Red Onions, Cilantro, Corn, Chipotle Sauce, Garlic",The Mexicana Pizza
2578,1140,pepperoni_m,1,1/20/2015,11:31:16,12.5,12.5,M,Classic,"Mozzarella Cheese, Pepperoni",The Pepperoni Pizza
2579,1140,the_greek_xl,1,1/20/2015,11:31:16,25.5,25.5,XL,Classic,"Kalamata Olives, Feta Cheese, Tomatoes, Garlic, Beef Chuck Roast, Red Onions",The Greek Pizza
2580,1141,spinach_fet_m,1,1/20/2015,11:35:08,16,16,M,Veggie,"Spinach, Mushrooms, Red Onions, Feta Cheese, Garlic",The Spinach and Feta Pizza
2581,1142,sicilian_l,2,1/20/2015,11:36:48,20.25,40.5,L,Supreme,"Coarse Sicilian Salami, Tomatoes, Green Olives, Luganega Sausage, Onions, Garlic",The Sicilian Pizza
2582,1143,big_meat_s,1,1/20/2015,11:37:33,12,12,S,Classic,"Bacon, Pepperoni, Italian Sausage, Chorizo Sausage",The Big Meat Pizza
2583,1143,five_cheese_l,1,1/20/2015,11:37:33,18.5,18.5,L,Veggie,"Mozzarella Cheese, Provolone Cheese, Smoked Gouda Cheese, Romano Cheese, Blue Cheese, Garlic",The Five Cheese Pizza
2584,1143,ital_supr_l,1,1/20/2015,11:37:33,20.75,20.75,L,Supreme,"Calabrese Salami, Capocollo, Tomatoes, Red Onions, Green Olives, Garlic",The Italian Supreme Pizza
2585,1144,mexicana_l,1,1/20/2015,12:02:21,20.25,20.25,L,Veggie,"Tomatoes, Red Peppers, Jalapeno Peppers, Red Onions, Cilantro, Corn, Chipotle Sauce, Garlic",The Mexicana Pizza
2586,1144,prsc_argla_m,1,1/20/2015,12:02:21,16.5,16.5,M,Supreme,"Prosciutto di San Daniele, Arugula, Mozzarella Cheese",The Prosciutto and Arugula Pizza
2587,1145,ckn_pesto_s,1,1/20/2015,12:04:15,12.75,12.75,S,Chicken,"Chicken, Tomatoes, Red Peppers, Spinach, Garlic, Pesto Sauce",The Chicken Pesto Pizza
2588,1145,mediterraneo_m,1,1/20/2015,12:04:15,16,16,M,Veggie,"Spinach, Artichokes, Kalamata Olives, Sun-dried Tomatoes, Feta Cheese, Plum Tomatoes, Red Onions",The Mediterranean Pizza
2589,1145,spicy_ital_m,1,1/20/2015,12:04:15,16.5,16.5,M,Supreme,"Capocollo, Tomatoes, Goat Cheese, Artichokes, Peperoncini verdi, Garlic",The Spicy Italian Pizza
2590,1145,spinach_supr_m,1,1/20/2015,12:04:15,16.5,16.5,M,Supreme,"Spinach, Red Onions, Pepperoni, Tomatoes, Artichokes, Kalamata Olives, Garlic, Asiago Cheese",The Spinach Supreme Pizza
2591,1146,spinach_supr_m,1,1/20/2015,12:12:00,16.5,16.5,M,Supreme,"Spinach, Red Onions, Pepperoni, Tomatoes, Artichokes, Kalamata Olives, Garlic, Asiago Cheese",The Spinach Supreme Pizza
2592,1147,soppressata_s,1,1/20/2015,12:12:25,12.5,12.5,S,Supreme,"Soppressata Salami, Fontina Cheese, Mozzarella Cheese, Mushrooms, Garlic",The Soppressata Pizza
2593,1148,big_meat_s,1,1/20/2015,12:17:42,12,12,S,Classic,"Bacon, Pepperoni, Italian Sausage, Chorizo Sausage",The Big Meat Pizza
2594,1148,ital_supr_m,1,1/20/2015,12:17:42,16.5,16.5,M,Supreme,"Calabrese Salami, Capocollo, Tomatoes, Red Onions, Green Olives, Garlic",The Italian Supreme Pizza
2595,1149,green_garden_m,1,1/20/2015,12:22:41,16,16,M,Veggie,"Spinach, Mushrooms, Tomatoes, Green Olives, Feta Cheese",The Green Garden Pizza
2596,1149,prsc_argla_l,1,1/20/2015,12:22:41,20.75,20.75,L,Supreme,"Prosciutto di San Daniele, Arugula, Mozzarella Cheese",The Prosciutto and Arugula Pizza
2597,1150,cali_ckn_s,1,1/20/2015,12:39:05,12.75,12.75,S,Chicken,"Chicken, Artichoke, Spinach, Garlic, Jalapeno Peppers, Fontina Cheese, Gouda Cheese",The California Chicken Pizza
2598,1150,ckn_pesto_s,1,1/20/2015,12:39:05,12.75,12.75,S,Chicken,"Chicken, Tomatoes, Red Peppers, Spinach, Garlic, Pesto Sauce",The Chicken Pesto Pizza
2599,1150,classic_dlx_m,1,1/20/2015,12:39:05,16,16,M,Classic,"Pepperoni, Mushrooms, Red Onions, Red Peppers, Bacon",The Classic Deluxe Pizza
2600,1150,classic_dlx_s,1,1/20/2015,12:39:05,12,12,S,Classic,"Pepperoni, Mushrooms, Red Onions, Red Peppers, Bacon",The Classic Deluxe Pizza
2601,1150,five_cheese_l,1,1/20/2015,12:39:05,18.5,18.5,L,Veggie,"Mozzarella Cheese, Provolone Cheese, Smoked Gouda Cheese, Romano Cheese, Blue Cheese, Garlic",The Five Cheese Pizza
2602,1150,green_garden_m,2,1/20/2015,12:39:05,16,32,M,Veggie,"Spinach, Mushrooms, Tomatoes, Green Olives, Feta Cheese",The Green Garden Pizza
2603,1150,ital_supr_l,1,1/20/2015,12:39:05,20.75,20.75,L,Supreme,"Calabrese Salami, Capocollo, Tomatoes, Red Onions, Green Olives, Garlic",The Italian Supreme Pizza
2604,1150,napolitana_m,1,1/20/2015,12:39:05,16,16,M,Classic,"Tomatoes, Anchovies, Green Olives, Red Onions, Garlic",The Napolitana Pizza
2605,1150,napolitana_s,1,1/20/2015,12:39:05,12,12,S,Classic,"Tomatoes, Anchovies, Green Olives, Red Onions, Garlic",The Napolitana Pizza
2606,1150,soppressata_l,1,1/20/2015,12:39:05,20.75,20.75,L,Supreme,"Soppressata Salami, Fontina Cheese, Mozzarella Cheese, Mushrooms, Garlic",The Soppressata Pizza
2607,1150,southw_ckn_m,2,1/20/2015,12:39:05,16.75,33.5,M,Chicken,"Chicken, Tomatoes, Red Peppers, Red Onions, Jalapeno Peppers, Corn, Cilantro, Chipotle Sauce",The Southwest Chicken Pizza
2608,1150,thai_ckn_s,1,1/20/2015,12:39:05,12.75,12.75,S,Chicken,"Chicken, Pineapple, Tomatoes, Red Peppers, Thai Sweet Chilli Sauce",The Thai Chicken Pizza
2609,1151,four_cheese_l,1,1/20/2015,12:43:36,17.95,17.95,L,Veggie,"Ricotta Cheese, Gorgonzola Piccante Cheese, Mozzarella Cheese, Parmigiano Reggiano Cheese, Garlic",The Four Cheese Pizza
2610,1152,ckn_alfredo_m,1,1/20/2015,12:44:23,16.75,16.75,M,Chicken,"Chicken, Red Onions, Red Peppers, Mushrooms, Asiago Cheese, Alfredo Sauce",The Chicken Alfredo Pizza
2611,1153,big_meat_s,1,1/20/2015,12:56:30,12,12,S,Classic,"Bacon, Pepperoni, Italian Sausage, Chorizo Sausage",The Big Meat Pizza
2612,1153,classic_dlx_l,1,1/20/2015,12:56:30,20.5,20.5,L,Classic,"Pepperoni, Mushrooms, Red Onions, Red Peppers, Bacon",The Classic Deluxe Pizza
2613,1153,five_cheese_l,1,1/20/2015,12:56:30,18.5,18.5,L,Veggie,"Mozzarella Cheese, Provolone Cheese, Smoked Gouda Cheese, Romano Cheese, Blue Cheese, Garlic",The Five Cheese Pizza
2614,1153,ital_cpcllo_l,1,1/20/2015,12:56:30,20.5,20.5,L,Classic,"Capocollo, Red Peppers, Tomatoes, Goat Cheese, Garlic, Oregano",The Italian Capocollo Pizza
2615,1153,ital_supr_s,1,1/20/2015,12:56:30,12.5,12.5,S,Supreme,"Calabrese Salami, Capocollo, Tomatoes, Red Onions, Green Olives, Garlic",The Italian Supreme Pizza
2616,1153,napolitana_l,1,1/20/2015,12:56:30,20.5,20.5,L,Classic,"Tomatoes, Anchovies, Green Olives, Red Onions, Garlic",The Napolitana Pizza
2617,1153,peppr_salami_m,1,1/20/2015,12:56:30,16.5,16.5,M,Supreme,"Genoa Salami, Capocollo, Pepperoni, Tomatoes, Asiago Cheese, Garlic",The Pepper Salami Pizza
2618,1153,sicilian_s,1,1/20/2015,12:56:30,12.25,12.25,S,Supreme,"Coarse Sicilian Salami, Tomatoes, Green Olives, Luganega Sausage, Onions, Garlic",The Sicilian Pizza
2619,1153,soppressata_m,1,1/20/2015,12:56:30,16.5,16.5,M,Supreme,"Soppressata Salami, Fontina Cheese, Mozzarella Cheese, Mushrooms, Garlic",The Soppressata Pizza
2620,1153,southw_ckn_m,1,1/20/2015,12:56:30,16.75,16.75,M,Chicken,"Chicken, Tomatoes, Red Peppers, Red Onions, Jalapeno Peppers, Corn, Cilantro, Chipotle Sauce",The Southwest Chicken Pizza
2621,1153,spicy_ital_m,1,1/20/2015,12:56:30,16.5,16.5,M,Supreme,"Capocollo, Tomatoes, Goat Cheese, Artichokes, Peperoncini verdi, Garlic",The Spicy Italian Pizza
2622,1154,five_cheese_l,1,1/20/2015,12:59:38,18.5,18.5,L,Veggie,"Mozzarella Cheese, Provolone Cheese, Smoked Gouda Cheese, Romano Cheese, Blue Cheese, Garlic",The Five Cheese Pizza
2623,1154,pepperoni_s,1,1/20/2015,12:59:38,9.75,9.75,S,Classic,"Mozzarella Cheese, Pepperoni",The Pepperoni Pizza
2624,1154,prsc_argla_l,2,1/20/2015,12:59:38,20.75,41.5,L,Supreme,"Prosciutto di San Daniele, Arugula, Mozzarella Cheese",The Prosciutto and Arugula Pizza
2625,1155,hawaiian_l,1,1/20/2015,13:05:11,16.5,16.5,L,Classic,"Sliced Ham, Pineapple, Mozzarella Cheese",The Hawaiian Pizza
2626,1156,ital_cpcllo_m,1,1/20/2015,13:14:15,16,16,M,Classic,"Capocollo, Red Peppers, Tomatoes, Goat Cheese, Garlic, Oregano",The Italian Capocollo Pizza
2627,1157,big_meat_s,1,1/20/2015,13:16:58,12,12,S,Classic,"Bacon, Pepperoni, Italian Sausage, Chorizo Sausage",The Big Meat Pizza
2628,1157,napolitana_s,1,1/20/2015,13:16:58,12,12,S,Classic,"Tomatoes, Anchovies, Green Olives, Red Onions, Garlic",The Napolitana Pizza
2629,1158,cali_ckn_l,1,1/20/2015,13:17:45,20.75,20.75,L,Chicken,"Chicken, Artichoke, Spinach, Garlic, Jalapeno Peppers, Fontina Cheese, Gouda Cheese",The California Chicken Pizza
2630,1158,cali_ckn_m,1,1/20/2015,13:17:45,16.75,16.75,M,Chicken,"Chicken, Artichoke, Spinach, Garlic, Jalapeno Peppers, Fontina Cheese, Gouda Cheese",The California Chicken Pizza
2631,1158,thai_ckn_m,1,1/20/2015,13:17:45,16.75,16.75,M,Chicken,"Chicken, Pineapple, Tomatoes, Red Peppers, Thai Sweet Chilli Sauce",The Thai Chicken Pizza
2632,1159,cali_ckn_l,1,1/20/2015,14:06:41,20.75,20.75,L,Chicken,"Chicken, Artichoke, Spinach, Garlic, Jalapeno Peppers, Fontina Cheese, Gouda Cheese",The California Chicken Pizza
2633,1160,cali_ckn_l,1,1/20/2015,14:14:54,20.75,20.75,L,Chicken,"Chicken, Artichoke, Spinach, Garlic, Jalapeno Peppers, Fontina Cheese, Gouda Cheese",The California Chicken Pizza
2634,1160,ital_supr_m,1,1/20/2015,14:14:54,16.5,16.5,M,Supreme,"Calabrese Salami, Capocollo, Tomatoes, Red Onions, Green Olives, Garlic",The Italian Supreme Pizza
2635,1160,pep_msh_pep_s,1,1/20/2015,14:14:54,11,11,S,Classic,"Pepperoni, Mushrooms, Green Peppers","The Pepperoni, Mushroom, and Peppers Pizza"
2636,1161,thai_ckn_l,1,1/20/2015,14:21:41,20.75,20.75,L,Chicken,"Chicken, Pineapple, Tomatoes, Red Peppers, Thai Sweet Chilli Sauce",The Thai Chicken Pizza
2637,1162,calabrese_s,1,1/20/2015,14:40:02,12.25,12.25,S,Supreme,"æ…›duja Salami, Pancetta, Tomatoes, Red Onions, Friggitello Peppers, Garlic",The Calabrese Pizza
2638,1162,spinach_supr_s,1,1/20/2015,14:40:02,12.5,12.5,S,Supreme,"Spinach, Red Onions, Pepperoni, Tomatoes, Artichokes, Kalamata Olives, Garlic, Asiago Cheese",The Spinach Supreme Pizza
2639,1163,cali_ckn_s,1,1/20/2015,14:47:28,12.75,12.75,S,Chicken,"Chicken, Artichoke, Spinach, Garlic, Jalapeno Peppers, Fontina Cheese, Gouda Cheese",The California Chicken Pizza
2640,1164,pep_msh_pep_l,1,1/20/2015,15:13:31,17.5,17.5,L,Classic,"Pepperoni, Mushrooms, Green Peppers","The Pepperoni, Mushroom, and Peppers Pizza"
2641,1164,veggie_veg_m,1,1/20/2015,15:13:31,16,16,M,Veggie,"Mushrooms, Tomatoes, Red Peppers, Green Peppers, Red Onions, Zucchini, Spinach, Garlic",The Vegetables + Vegetables Pizza
2642,1165,five_cheese_l,1,1/20/2015,15:15:26,18.5,18.5,L,Veggie,"Mozzarella Cheese, Provolone Cheese, Smoked Gouda Cheese, Romano Cheese, Blue Cheese, Garlic",The Five Cheese Pizza
2643,1165,ital_supr_l,1,1/20/2015,15:15:26,20.75,20.75,L,Supreme,"Calabrese Salami, Capocollo, Tomatoes, Red Onions, Green Olives, Garlic",The Italian Supreme Pizza
2644,1166,veggie_veg_s,1,1/20/2015,15:25:08,12,12,S,Veggie,"Mushrooms, Tomatoes, Red Peppers, Green Peppers, Red Onions, Zucchini, Spinach, Garlic",The Vegetables + Vegetables Pizza
2645,1167,prsc_argla_l,1,1/20/2015,15:28:09,20.75,20.75,L,Supreme,"Prosciutto di San Daniele, Arugula, Mozzarella Cheese",The Prosciutto and Arugula Pizza
2646,1168,veggie_veg_m,1,1/20/2015,15:58:05,16,16,M,Veggie,"Mushrooms, Tomatoes, Red Peppers, Green Peppers, Red Onions, Zucchini, Spinach, Garlic",The Vegetables + Vegetables Pizza
2647,1169,ital_cpcllo_l,1,1/20/2015,16:08:25,20.5,20.5,L,Classic,"Capocollo, Red Peppers, Tomatoes, Goat Cheese, Garlic, Oregano",The Italian Capocollo Pizza
2648,1169,ital_veggie_m,1,1/20/2015,16:08:25,16.75,16.75,M,Veggie,"Eggplant, Artichokes, Tomatoes, Zucchini, Red Peppers, Garlic, Pesto Sauce",The Italian Vegetables Pizza
2649,1169,pepperoni_m,1,1/20/2015,16:08:25,12.5,12.5,M,Classic,"Mozzarella Cheese, Pepperoni",The Pepperoni Pizza
2650,1170,bbq_ckn_m,1,1/20/2015,16:37:24,16.75,16.75,M,Chicken,"Barbecued Chicken, Red Peppers, Green Peppers, Tomatoes, Red Onions, Barbecue Sauce",The Barbecue Chicken Pizza
2651,1171,classic_dlx_s,1,1/20/2015,16:41:58,12,12,S,Classic,"Pepperoni, Mushrooms, Red Onions, Red Peppers, Bacon",The Classic Deluxe Pizza
2652,1172,classic_dlx_m,1,1/20/2015,16:53:23,16,16,M,Classic,"Pepperoni, Mushrooms, Red Onions, Red Peppers, Bacon",The Classic Deluxe Pizza
2653,1172,the_greek_s,1,1/20/2015,16:53:23,12,12,S,Classic,"Kalamata Olives, Feta Cheese, Tomatoes, Garlic, Beef Chuck Roast, Red Onions",The Greek Pizza
2654,1173,four_cheese_l,1,1/20/2015,16:57:05,17.95,17.95,L,Veggie,"Ricotta Cheese, Gorgonzola Piccante Cheese, Mozzarella Cheese, Parmigiano Reggiano Cheese, Garlic",The Four Cheese Pizza
2655,1173,veggie_veg_s,1,1/20/2015,16:57:05,12,12,S,Veggie,"Mushrooms, Tomatoes, Red Peppers, Green Peppers, Red Onions, Zucchini, Spinach, Garlic",The Vegetables + Vegetables Pizza
2656,1174,soppressata_l,1,1/20/2015,17:02:58,20.75,20.75,L,Supreme,"Soppressata Salami, Fontina Cheese, Mozzarella Cheese, Mushrooms, Garlic",The Soppressata Pizza
2657,1174,spinach_supr_s,1,1/20/2015,17:02:58,12.5,12.5,S,Supreme,"Spinach, Red Onions, Pepperoni, Tomatoes, Artichokes, Kalamata Olives, Garlic, Asiago Cheese",The Spinach Supreme Pizza
2658,1175,ital_cpcllo_s,1,1/20/2015,17:05:14,12,12,S,Classic,"Capocollo, Red Peppers, Tomatoes, Goat Cheese, Garlic, Oregano",The Italian Capocollo Pizza
2659,1175,peppr_salami_m,1,1/20/2015,17:05:14,16.5,16.5,M,Supreme,"Genoa Salami, Capocollo, Pepperoni, Tomatoes, Asiago Cheese, Garlic",The Pepper Salami Pizza
2660,1175,sicilian_l,1,1/20/2015,17:05:14,20.25,20.25,L,Supreme,"Coarse Sicilian Salami, Tomatoes, Green Olives, Luganega Sausage, Onions, Garlic",The Sicilian Pizza
2661,1175,soppressata_l,1,1/20/2015,17:05:14,20.75,20.75,L,Supreme,"Soppressata Salami, Fontina Cheese, Mozzarella Cheese, Mushrooms, Garlic",The Soppressata Pizza
2662,1176,classic_dlx_m,1,1/20/2015,17:05:19,16,16,M,Classic,"Pepperoni, Mushrooms, Red Onions, Red Peppers, Bacon",The Classic Deluxe Pizza
2663,1176,peppr_salami_m,1,1/20/2015,17:05:19,16.5,16.5,M,Supreme,"Genoa Salami, Capocollo, Pepperoni, Tomatoes, Asiago Cheese, Garlic",The Pepper Salami Pizza
2664,1176,sicilian_s,1,1/20/2015,17:05:19,12.25,12.25,S,Supreme,"Coarse Sicilian Salami, Tomatoes, Green Olives, Luganega Sausage, Onions, Garlic",The Sicilian Pizza
2665,1176,spicy_ital_s,1,1/20/2015,17:05:19,12.5,12.5,S,Supreme,"Capocollo, Tomatoes, Goat Cheese, Artichokes, Peperoncini verdi, Garlic",The Spicy Italian Pizza
2666,1177,classic_dlx_m,1,1/20/2015,17:27:29,16,16,M,Classic,"Pepperoni, Mushrooms, Red Onions, Red Peppers, Bacon",The Classic Deluxe Pizza
2667,1177,pepperoni_s,1,1/20/2015,17:27:29,9.75,9.75,S,Classic,"Mozzarella Cheese, Pepperoni",The Pepperoni Pizza
2668,1178,spicy_ital_l,1,1/20/2015,18:01:13,20.75,20.75,L,Supreme,"Capocollo, Tomatoes, Goat Cheese, Artichokes, Peperoncini verdi, Garlic",The Spicy Italian Pizza
2669,1179,soppressata_l,1,1/20/2015,18:02:28,20.75,20.75,L,Supreme,"Soppressata Salami, Fontina Cheese, Mozzarella Cheese, Mushrooms, Garlic",The Soppressata Pizza
2670,1180,brie_carre_s,1,1/20/2015,18:12:31,23.65,23.65,S,Supreme,"Brie Carre Cheese, Prosciutto, Caramelized Onions, Pears, Thyme, Garlic",The Brie Carre Pizza
2671,1180,five_cheese_l,1,1/20/2015,18:12:31,18.5,18.5,L,Veggie,"Mozzarella Cheese, Provolone Cheese, Smoked Gouda Cheese, Romano Cheese, Blue Cheese, Garlic",The Five Cheese Pizza
2672,1181,cali_ckn_l,1,1/20/2015,18:17:53,20.75,20.75,L,Chicken,"Chicken, Artichoke, Spinach, Garlic, Jalapeno Peppers, Fontina Cheese, Gouda Cheese",The California Chicken Pizza
2673,1182,bbq_ckn_m,1,1/20/2015,18:33:48,16.75,16.75,M,Chicken,"Barbecued Chicken, Red Peppers, Green Peppers, Tomatoes, Red Onions, Barbecue Sauce",The Barbecue Chicken Pizza
2674,1182,brie_carre_s,1,1/20/2015,18:33:48,23.65,23.65,S,Supreme,"Brie Carre Cheese, Prosciutto, Caramelized Onions, Pears, Thyme, Garlic",The Brie Carre Pizza
2675,1182,five_cheese_l,1,1/20/2015,18:33:48,18.5,18.5,L,Veggie,"Mozzarella Cheese, Provolone Cheese, Smoked Gouda Cheese, Romano Cheese, Blue Cheese, Garlic",The Five Cheese Pizza
2676,1182,spin_pesto_l,1,1/20/2015,18:33:48,20.75,20.75,L,Veggie,"Spinach, Artichokes, Tomatoes, Sun-dried Tomatoes, Garlic, Pesto Sauce",The Spinach Pesto Pizza
2677,1183,cali_ckn_l,1,1/20/2015,18:51:30,20.75,20.75,L,Chicken,"Chicken, Artichoke, Spinach, Garlic, Jalapeno Peppers, Fontina Cheese, Gouda Cheese",The California Chicken Pizza
2678,1183,pepperoni_l,1,1/20/2015,18:51:30,15.25,15.25,L,Classic,"Mozzarella Cheese, Pepperoni",The Pepperoni Pizza
2679,1184,spinach_supr_l,1,1/20/2015,19:04:35,20.75,20.75,L,Supreme,"Spinach, Red Onions, Pepperoni, Tomatoes, Artichokes, Kalamata Olives, Garlic, Asiago Cheese",The Spinach Supreme Pizza
2680,1185,hawaiian_l,1,1/20/2015,19:10:26,16.5,16.5,L,Classic,"Sliced Ham, Pineapple, Mozzarella Cheese",The Hawaiian Pizza
2681,1186,four_cheese_l,1,1/20/2015,19:19:55,17.95,17.95,L,Veggie,"Ricotta Cheese, Gorgonzola Piccante Cheese, Mozzarella Cheese, Parmigiano Reggiano Cheese, Garlic",The Four Cheese Pizza
2682,1186,thai_ckn_l,1,1/20/2015,19:19:55,20.75,20.75,L,Chicken,"Chicken, Pineapple, Tomatoes, Red Peppers, Thai Sweet Chilli Sauce",The Thai Chicken Pizza
2683,1187,southw_ckn_m,1,1/20/2015,19:21:40,16.75,16.75,M,Chicken,"Chicken, Tomatoes, Red Peppers, Red Onions, Jalapeno Peppers, Corn, Cilantro, Chipotle Sauce",The Southwest Chicken Pizza
2684,1188,spinach_supr_l,1,1/20/2015,19:25:25,20.75,20.75,L,Supreme,"Spinach, Red Onions, Pepperoni, Tomatoes, Artichokes, Kalamata Olives, Garlic, Asiago Cheese",The Spinach Supreme Pizza
2685,1189,bbq_ckn_m,1,1/20/2015,19:40:47,16.75,16.75,M,Chicken,"Barbecued Chicken, Red Peppers, Green Peppers, Tomatoes, Red Onions, Barbecue Sauce",The Barbecue Chicken Pizza
2686,1190,classic_dlx_m,1,1/20/2015,19:43:15,16,16,M,Classic,"Pepperoni, Mushrooms, Red Onions, Red Peppers, Bacon",The Classic Deluxe Pizza
2687,1190,peppr_salami_l,1,1/20/2015,19:43:15,20.75,20.75,L,Supreme,"Genoa Salami, Capocollo, Pepperoni, Tomatoes, Asiago Cheese, Garlic",The Pepper Salami Pizza
2688,1191,ital_supr_l,1,1/20/2015,19:56:41,20.75,20.75,L,Supreme,"Calabrese Salami, Capocollo, Tomatoes, Red Onions, Green Olives, Garlic",The Italian Supreme Pizza
2689,1191,napolitana_m,1,1/20/2015,19:56:41,16,16,M,Classic,"Tomatoes, Anchovies, Green Olives, Red Onions, Garlic",The Napolitana Pizza
2690,1192,thai_ckn_l,1,1/20/2015,20:15:27,20.75,20.75,L,Chicken,"Chicken, Pineapple, Tomatoes, Red Peppers, Thai Sweet Chilli Sauce",The Thai Chicken Pizza
2691,1193,cali_ckn_m,1,1/20/2015,20:26:22,16.75,16.75,M,Chicken,"Chicken, Artichoke, Spinach, Garlic, Jalapeno Peppers, Fontina Cheese, Gouda Cheese",The California Chicken Pizza
2692,1193,peppr_salami_l,1,1/20/2015,20:26:22,20.75,20.75,L,Supreme,"Genoa Salami, Capocollo, Pepperoni, Tomatoes, Asiago Cheese, Garlic",The Pepper Salami Pizza
2693,1193,sicilian_s,1,1/20/2015,20:26:22,12.25,12.25,S,Supreme,"Coarse Sicilian Salami, Tomatoes, Green Olives, Luganega Sausage, Onions, Garlic",The Sicilian Pizza
2694,1193,veggie_veg_s,1,1/20/2015,20:26:22,12,12,S,Veggie,"Mushrooms, Tomatoes, Red Peppers, Green Peppers, Red Onions, Zucchini, Spinach, Garlic",The Vegetables + Vegetables Pizza
2695,1194,peppr_salami_l,1,1/20/2015,20:27:18,20.75,20.75,L,Supreme,"Genoa Salami, Capocollo, Pepperoni, Tomatoes, Asiago Cheese, Garlic",The Pepper Salami Pizza
2696,1194,spicy_ital_m,1,1/20/2015,20:27:18,16.5,16.5,M,Supreme,"Capocollo, Tomatoes, Goat Cheese, Artichokes, Peperoncini verdi, Garlic",The Spicy Italian Pizza
2697,1195,cali_ckn_s,1,1/20/2015,20:39:52,12.75,12.75,S,Chicken,"Chicken, Artichoke, Spinach, Garlic, Jalapeno Peppers, Fontina Cheese, Gouda Cheese",The California Chicken Pizza
2698,1195,five_cheese_l,1,1/20/2015,20:39:52,18.5,18.5,L,Veggie,"Mozzarella Cheese, Provolone Cheese, Smoked Gouda Cheese, Romano Cheese, Blue Cheese, Garlic",The Five Cheese Pizza
2699,1195,southw_ckn_s,1,1/20/2015,20:39:52,12.75,12.75,S,Chicken,"Chicken, Tomatoes, Red Peppers, Red Onions, Jalapeno Peppers, Corn, Cilantro, Chipotle Sauce",The Southwest Chicken Pizza
2700,1196,five_cheese_l,1,1/20/2015,20:44:41,18.5,18.5,L,Veggie,"Mozzarella Cheese, Provolone Cheese, Smoked Gouda Cheese, Romano Cheese, Blue Cheese, Garlic",The Five Cheese Pizza
2701,1196,spinach_fet_l,1,1/20/2015,20:44:41,20.25,20.25,L,Veggie,"Spinach, Mushrooms, Red Onions, Feta Cheese, Garlic",The Spinach and Feta Pizza
2702,1197,green_garden_s,1,1/20/2015,20:53:41,12,12,S,Veggie,"Spinach, Mushrooms, Tomatoes, Green Olives, Feta Cheese",The Green Garden Pizza
2703,1198,mediterraneo_s,1,1/20/2015,22:02:08,12,12,S,Veggie,"Spinach, Artichokes, Kalamata Olives, Sun-dried Tomatoes, Feta Cheese, Plum Tomatoes, Red Onions",The Mediterranean Pizza
2704,1199,ckn_alfredo_m,1,1/20/2015,22:10:20,16.75,16.75,M,Chicken,"Chicken, Red Onions, Red Peppers, Mushrooms, Asiago Cheese, Alfredo Sauce",The Chicken Alfredo Pizza
2705,1200,ckn_alfredo_m,1,1/20/2015,22:14:41,16.75,16.75,M,Chicken,"Chicken, Red Onions, Red Peppers, Mushrooms, Asiago Cheese, Alfredo Sauce",The Chicken Alfredo Pizza
2706,1200,prsc_argla_m,1,1/20/2015,22:14:41,16.5,16.5,M,Supreme,"Prosciutto di San Daniele, Arugula, Mozzarella Cheese",The Prosciutto and Arugula Pizza
2707,1201,five_cheese_l,1,1/20/2015,22:40:10,18.5,18.5,L,Veggie,"Mozzarella Cheese, Provolone Cheese, Smoked Gouda Cheese, Romano Cheese, Blue Cheese, Garlic",The Five Cheese Pizza
2708,1201,spicy_ital_l,1,1/20/2015,22:40:10,20.75,20.75,L,Supreme,"Capocollo, Tomatoes, Goat Cheese, Artichokes, Peperoncini verdi, Garlic",The Spicy Italian Pizza
2709,1202,big_meat_s,1,1/21/2015,11:50:26,12,12,S,Classic,"Bacon, Pepperoni, Italian Sausage, Chorizo Sausage",The Big Meat Pizza
2710,1203,ital_supr_l,1,1/21/2015,11:54:22,20.75,20.75,L,Supreme,"Calabrese Salami, Capocollo, Tomatoes, Red Onions, Green Olives, Garlic",The Italian Supreme Pizza
2711,1204,big_meat_s,1,1/21/2015,12:23:38,12,12,S,Classic,"Bacon, Pepperoni, Italian Sausage, Chorizo Sausage",The Big Meat Pizza
2712,1204,hawaiian_l,1,1/21/2015,12:23:38,16.5,16.5,L,Classic,"Sliced Ham, Pineapple, Mozzarella Cheese",The Hawaiian Pizza
2713,1204,sicilian_s,1,1/21/2015,12:23:38,12.25,12.25,S,Supreme,"Coarse Sicilian Salami, Tomatoes, Green Olives, Luganega Sausage, Onions, Garlic",The Sicilian Pizza
2714,1204,veggie_veg_m,1,1/21/2015,12:23:38,16,16,M,Veggie,"Mushrooms, Tomatoes, Red Peppers, Green Peppers, Red Onions, Zucchini, Spinach, Garlic",The Vegetables + Vegetables Pizza
2715,1205,veggie_veg_m,1,1/21/2015,12:29:13,16,16,M,Veggie,"Mushrooms, Tomatoes, Red Peppers, Green Peppers, Red Onions, Zucchini, Spinach, Garlic",The Vegetables + Vegetables Pizza
2716,1206,cali_ckn_s,1,1/21/2015,12:38:38,12.75,12.75,S,Chicken,"Chicken, Artichoke, Spinach, Garlic, Jalapeno Peppers, Fontina Cheese, Gouda Cheese",The California Chicken Pizza
2717,1206,classic_dlx_m,1,1/21/2015,12:38:38,16,16,M,Classic,"Pepperoni, Mushrooms, Red Onions, Red Peppers, Bacon",The Classic Deluxe Pizza
2718,1206,five_cheese_l,1,1/21/2015,12:38:38,18.5,18.5,L,Veggie,"Mozzarella Cheese, Provolone Cheese, Smoked Gouda Cheese, Romano Cheese, Blue Cheese, Garlic",The Five Cheese Pizza
2719,1206,hawaiian_l,1,1/21/2015,12:38:38,16.5,16.5,L,Classic,"Sliced Ham, Pineapple, Mozzarella Cheese",The Hawaiian Pizza
2720,1206,ital_cpcllo_m,1,1/21/2015,12:38:38,16,16,M,Classic,"Capocollo, Red Peppers, Tomatoes, Goat Cheese, Garlic, Oregano",The Italian Capocollo Pizza
2721,1206,ital_supr_m,1,1/21/2015,12:38:38,16.5,16.5,M,Supreme,"Calabrese Salami, Capocollo, Tomatoes, Red Onions, Green Olives, Garlic",The Italian Supreme Pizza
2722,1206,prsc_argla_l,1,1/21/2015,12:38:38,20.75,20.75,L,Supreme,"Prosciutto di San Daniele, Arugula, Mozzarella Cheese",The Prosciutto and Arugula Pizza
2723,1206,sicilian_l,1,1/21/2015,12:38:38,20.25,20.25,L,Supreme,"Coarse Sicilian Salami, Tomatoes, Green Olives, Luganega Sausage, Onions, Garlic",The Sicilian Pizza
2724,1206,sicilian_s,1,1/21/2015,12:38:38,12.25,12.25,S,Supreme,"Coarse Sicilian Salami, Tomatoes, Green Olives, Luganega Sausage, Onions, Garlic",The Sicilian Pizza
2725,1206,thai_ckn_l,1,1/21/2015,12:38:38,20.75,20.75,L,Chicken,"Chicken, Pineapple, Tomatoes, Red Peppers, Thai Sweet Chilli Sauce",The Thai Chicken Pizza
2726,1207,calabrese_m,1,1/21/2015,12:52:42,16.25,16.25,M,Supreme,"æ…›duja Salami, Pancetta, Tomatoes, Red Onions, Friggitello Peppers, Garlic",The Calabrese Pizza
2727,1207,spinach_supr_s,1,1/21/2015,12:52:42,12.5,12.5,S,Supreme,"Spinach, Red Onions, Pepperoni, Tomatoes, Artichokes, Kalamata Olives, Garlic, Asiago Cheese",The Spinach Supreme Pizza
2728,1208,ital_cpcllo_s,1,1/21/2015,13:03:21,12,12,S,Classic,"Capocollo, Red Peppers, Tomatoes, Goat Cheese, Garlic, Oregano",The Italian Capocollo Pizza
2729,1209,four_cheese_l,2,1/21/2015,13:13:52,17.95,35.9,L,Veggie,"Ricotta Cheese, Gorgonzola Piccante Cheese, Mozzarella Cheese, Parmigiano Reggiano Cheese, Garlic",The Four Cheese Pizza
2730,1209,veggie_veg_s,1,1/21/2015,13:13:52,12,12,S,Veggie,"Mushrooms, Tomatoes, Red Peppers, Green Peppers, Red Onions, Zucchini, Spinach, Garlic",The Vegetables + Vegetables Pizza
2731,1210,cali_ckn_m,1,1/21/2015,13:20:41,16.75,16.75,M,Chicken,"Chicken, Artichoke, Spinach, Garlic, Jalapeno Peppers, Fontina Cheese, Gouda Cheese",The California Chicken Pizza
2732,1211,spin_pesto_s,1,1/21/2015,13:37:51,12.5,12.5,S,Veggie,"Spinach, Artichokes, Tomatoes, Sun-dried Tomatoes, Garlic, Pesto Sauce",The Spinach Pesto Pizza
2733,1212,mediterraneo_s,1,1/21/2015,13:42:25,12,12,S,Veggie,"Spinach, Artichokes, Kalamata Olives, Sun-dried Tomatoes, Feta Cheese, Plum Tomatoes, Red Onions",The Mediterranean Pizza
2734,1212,pepperoni_l,1,1/21/2015,13:42:25,15.25,15.25,L,Classic,"Mozzarella Cheese, Pepperoni",The Pepperoni Pizza
2735,1213,pepperoni_s,1,1/21/2015,13:58:53,9.75,9.75,S,Classic,"Mozzarella Cheese, Pepperoni",The Pepperoni Pizza
2736,1213,southw_ckn_s,1,1/21/2015,13:58:53,12.75,12.75,S,Chicken,"Chicken, Tomatoes, Red Peppers, Red Onions, Jalapeno Peppers, Corn, Cilantro, Chipotle Sauce",The Southwest Chicken Pizza
2737,1214,bbq_ckn_m,1,1/21/2015,14:00:05,16.75,16.75,M,Chicken,"Barbecued Chicken, Red Peppers, Green Peppers, Tomatoes, Red Onions, Barbecue Sauce",The Barbecue Chicken Pizza
2738,1214,cali_ckn_m,1,1/21/2015,14:00:05,16.75,16.75,M,Chicken,"Chicken, Artichoke, Spinach, Garlic, Jalapeno Peppers, Fontina Cheese, Gouda Cheese",The California Chicken Pizza
2739,1214,four_cheese_l,1,1/21/2015,14:00:05,17.95,17.95,L,Veggie,"Ricotta Cheese, Gorgonzola Piccante Cheese, Mozzarella Cheese, Parmigiano Reggiano Cheese, Garlic",The Four Cheese Pizza
2740,1214,ital_cpcllo_l,2,1/21/2015,14:00:05,20.5,41,L,Classic,"Capocollo, Red Peppers, Tomatoes, Goat Cheese, Garlic, Oregano",The Italian Capocollo Pizza
2741,1214,ital_supr_l,1,1/21/2015,14:00:05,20.75,20.75,L,Supreme,"Calabrese Salami, Capocollo, Tomatoes, Red Onions, Green Olives, Garlic",The Italian Supreme Pizza
2742,1214,ital_supr_m,1,1/21/2015,14:00:05,16.5,16.5,M,Supreme,"Calabrese Salami, Capocollo, Tomatoes, Red Onions, Green Olives, Garlic",The Italian Supreme Pizza
2743,1214,ital_veggie_l,1,1/21/2015,14:00:05,21,21,L,Veggie,"Eggplant, Artichokes, Tomatoes, Zucchini, Red Peppers, Garlic, Pesto Sauce",The Italian Vegetables Pizza
2744,1214,mexicana_m,1,1/21/2015,14:00:05,16,16,M,Veggie,"Tomatoes, Red Peppers, Jalapeno Peppers, Red Onions, Cilantro, Corn, Chipotle Sauce, Garlic",The Mexicana Pizza
2745,1214,southw_ckn_l,1,1/21/2015,14:00:05,20.75,20.75,L,Chicken,"Chicken, Tomatoes, Red Peppers, Red Onions, Jalapeno Peppers, Corn, Cilantro, Chipotle Sauce",The Southwest Chicken Pizza
2746,1214,veggie_veg_m,1,1/21/2015,14:00:05,16,16,M,Veggie,"Mushrooms, Tomatoes, Red Peppers, Green Peppers, Red Onions, Zucchini, Spinach, Garlic",The Vegetables + Vegetables Pizza
2747,1214,veggie_veg_s,1,1/21/2015,14:00:05,12,12,S,Veggie,"Mushrooms, Tomatoes, Red Peppers, Green Peppers, Red Onions, Zucchini, Spinach, Garlic",The Vegetables + Vegetables Pizza
2748,1215,spinach_fet_l,1,1/21/2015,14:02:04,20.25,20.25,L,Veggie,"Spinach, Mushrooms, Red Onions, Feta Cheese, Garlic",The Spinach and Feta Pizza
2749,1216,bbq_ckn_m,1,1/21/2015,14:08:29,16.75,16.75,M,Chicken,"Barbecued Chicken, Red Peppers, Green Peppers, Tomatoes, Red Onions, Barbecue Sauce",The Barbecue Chicken Pizza
2750,1217,cali_ckn_s,1,1/21/2015,14:26:35,12.75,12.75,S,Chicken,"Chicken, Artichoke, Spinach, Garlic, Jalapeno Peppers, Fontina Cheese, Gouda Cheese",The California Chicken Pizza
2751,1218,pepperoni_l,1,1/21/2015,14:27:30,15.25,15.25,L,Classic,"Mozzarella Cheese, Pepperoni",The Pepperoni Pizza
2752,1218,peppr_salami_l,1,1/21/2015,14:27:30,20.75,20.75,L,Supreme,"Genoa Salami, Capocollo, Pepperoni, Tomatoes, Asiago Cheese, Garlic",The Pepper Salami Pizza
2753,1218,spicy_ital_s,1,1/21/2015,14:27:30,12.5,12.5,S,Supreme,"Capocollo, Tomatoes, Goat Cheese, Artichokes, Peperoncini verdi, Garlic",The Spicy Italian Pizza
2754,1218,spinach_fet_s,1,1/21/2015,14:27:30,12,12,S,Veggie,"Spinach, Mushrooms, Red Onions, Feta Cheese, Garlic",The Spinach and Feta Pizza
2755,1219,pep_msh_pep_s,1,1/21/2015,15:13:10,11,11,S,Classic,"Pepperoni, Mushrooms, Green Peppers","The Pepperoni, Mushroom, and Peppers Pizza"
2756,1219,sicilian_l,1,1/21/2015,15:13:10,20.25,20.25,L,Supreme,"Coarse Sicilian Salami, Tomatoes, Green Olives, Luganega Sausage, Onions, Garlic",The Sicilian Pizza
2757,1219,the_greek_l,1,1/21/2015,15:13:10,20.5,20.5,L,Classic,"Kalamata Olives, Feta Cheese, Tomatoes, Garlic, Beef Chuck Roast, Red Onions",The Greek Pizza
2758,1219,veggie_veg_m,1,1/21/2015,15:13:10,16,16,M,Veggie,"Mushrooms, Tomatoes, Red Peppers, Green Peppers, Red Onions, Zucchini, Spinach, Garlic",The Vegetables + Vegetables Pizza
2759,1220,calabrese_m,1,1/21/2015,15:20:03,16.25,16.25,M,Supreme,"æ…›duja Salami, Pancetta, Tomatoes, Red Onions, Friggitello Peppers, Garlic",The Calabrese Pizza
2760,1221,ckn_pesto_s,1,1/21/2015,15:23:36,12.75,12.75,S,Chicken,"Chicken, Tomatoes, Red Peppers, Spinach, Garlic, Pesto Sauce",The Chicken Pesto Pizza
2761,1221,pepperoni_s,1,1/21/2015,15:23:36,9.75,9.75,S,Classic,"Mozzarella Cheese, Pepperoni",The Pepperoni Pizza
2762,1222,classic_dlx_m,1,1/21/2015,15:32:23,16,16,M,Classic,"Pepperoni, Mushrooms, Red Onions, Red Peppers, Bacon",The Classic Deluxe Pizza
2763,1222,thai_ckn_l,1,1/21/2015,15:32:23,20.75,20.75,L,Chicken,"Chicken, Pineapple, Tomatoes, Red Peppers, Thai Sweet Chilli Sauce",The Thai Chicken Pizza
2764,1223,prsc_argla_m,1,1/21/2015,15:36:37,16.5,16.5,M,Supreme,"Prosciutto di San Daniele, Arugula, Mozzarella Cheese",The Prosciutto and Arugula Pizza
2765,1224,napolitana_s,1,1/21/2015,15:45:47,12,12,S,Classic,"Tomatoes, Anchovies, Green Olives, Red Onions, Garlic",The Napolitana Pizza
2766,1224,thai_ckn_l,1,1/21/2015,15:45:47,20.75,20.75,L,Chicken,"Chicken, Pineapple, Tomatoes, Red Peppers, Thai Sweet Chilli Sauce",The Thai Chicken Pizza
2767,1225,pepperoni_s,1,1/21/2015,15:59:07,9.75,9.75,S,Classic,"Mozzarella Cheese, Pepperoni",The Pepperoni Pizza
2768,1225,sicilian_s,1,1/21/2015,15:59:07,12.25,12.25,S,Supreme,"Coarse Sicilian Salami, Tomatoes, Green Olives, Luganega Sausage, Onions, Garlic",The Sicilian Pizza
2769,1226,big_meat_s,1,1/21/2015,16:10:57,12,12,S,Classic,"Bacon, Pepperoni, Italian Sausage, Chorizo Sausage",The Big Meat Pizza
2770,1226,four_cheese_l,1,1/21/2015,16:10:57,17.95,17.95,L,Veggie,"Ricotta Cheese, Gorgonzola Piccante Cheese, Mozzarella Cheese, Parmigiano Reggiano Cheese, Garlic",The Four Cheese Pizza
2771,1226,ital_cpcllo_m,1,1/21/2015,16:10:57,16,16,M,Classic,"Capocollo, Red Peppers, Tomatoes, Goat Cheese, Garlic, Oregano",The Italian Capocollo Pizza
2772,1226,napolitana_s,1,1/21/2015,16:10:57,12,12,S,Classic,"Tomatoes, Anchovies, Green Olives, Red Onions, Garlic",The Napolitana Pizza
2773,1227,hawaiian_s,1,1/21/2015,16:20:21,10.5,10.5,S,Classic,"Sliced Ham, Pineapple, Mozzarella Cheese",The Hawaiian Pizza
2774,1228,ital_veggie_m,1,1/21/2015,16:26:36,16.75,16.75,M,Veggie,"Eggplant, Artichokes, Tomatoes, Zucchini, Red Peppers, Garlic, Pesto Sauce",The Italian Vegetables Pizza
2775,1228,napolitana_s,1,1/21/2015,16:26:36,12,12,S,Classic,"Tomatoes, Anchovies, Green Olives, Red Onions, Garlic",The Napolitana Pizza
2776,1229,hawaiian_s,1,1/21/2015,16:28:19,10.5,10.5,S,Classic,"Sliced Ham, Pineapple, Mozzarella Cheese",The Hawaiian Pizza
2777,1230,ital_veggie_l,1,1/21/2015,16:38:28,21,21,L,Veggie,"Eggplant, Artichokes, Tomatoes, Zucchini, Red Peppers, Garlic, Pesto Sauce",The Italian Vegetables Pizza
2778,1230,pep_msh_pep_m,1,1/21/2015,16:38:28,14.5,14.5,M,Classic,"Pepperoni, Mushrooms, Green Peppers","The Pepperoni, Mushroom, and Peppers Pizza"
2779,1230,spinach_supr_s,1,1/21/2015,16:38:28,12.5,12.5,S,Supreme,"Spinach, Red Onions, Pepperoni, Tomatoes, Artichokes, Kalamata Olives, Garlic, Asiago Cheese",The Spinach Supreme Pizza
2780,1230,thai_ckn_l,1,1/21/2015,16:38:28,20.75,20.75,L,Chicken,"Chicken, Pineapple, Tomatoes, Red Peppers, Thai Sweet Chilli Sauce",The Thai Chicken Pizza
2781,1231,cali_ckn_m,1,1/21/2015,16:45:04,16.75,16.75,M,Chicken,"Chicken, Artichoke, Spinach, Garlic, Jalapeno Peppers, Fontina Cheese, Gouda Cheese",The California Chicken Pizza
2782,1231,spicy_ital_m,1,1/21/2015,16:45:04,16.5,16.5,M,Supreme,"Capocollo, Tomatoes, Goat Cheese, Artichokes, Peperoncini verdi, Garlic",The Spicy Italian Pizza
2783,1232,pepperoni_m,1,1/21/2015,16:50:36,12.5,12.5,M,Classic,"Mozzarella Cheese, Pepperoni",The Pepperoni Pizza
2784,1232,prsc_argla_l,1,1/21/2015,16:50:36,20.75,20.75,L,Supreme,"Prosciutto di San Daniele, Arugula, Mozzarella Cheese",The Prosciutto and Arugula Pizza
2785,1232,soppressata_l,1,1/21/2015,16:50:36,20.75,20.75,L,Supreme,"Soppressata Salami, Fontina Cheese, Mozzarella Cheese, Mushrooms, Garlic",The Soppressata Pizza
2786,1232,veggie_veg_m,1,1/21/2015,16:50:36,16,16,M,Veggie,"Mushrooms, Tomatoes, Red Peppers, Green Peppers, Red Onions, Zucchini, Spinach, Garlic",The Vegetables + Vegetables Pizza
2787,1233,cali_ckn_m,1,1/21/2015,17:11:27,16.75,16.75,M,Chicken,"Chicken, Artichoke, Spinach, Garlic, Jalapeno Peppers, Fontina Cheese, Gouda Cheese",The California Chicken Pizza
2788,1233,four_cheese_l,1,1/21/2015,17:11:27,17.95,17.95,L,Veggie,"Ricotta Cheese, Gorgonzola Piccante Cheese, Mozzarella Cheese, Parmigiano Reggiano Cheese, Garlic",The Four Cheese Pizza
2789,1233,green_garden_s,1,1/21/2015,17:11:27,12,12,S,Veggie,"Spinach, Mushrooms, Tomatoes, Green Olives, Feta Cheese",The Green Garden Pizza
2790,1233,ital_cpcllo_s,1,1/21/2015,17:11:27,12,12,S,Classic,"Capocollo, Red Peppers, Tomatoes, Goat Cheese, Garlic, Oregano",The Italian Capocollo Pizza
2791,1234,hawaiian_m,1,1/21/2015,17:36:59,13.25,13.25,M,Classic,"Sliced Ham, Pineapple, Mozzarella Cheese",The Hawaiian Pizza
2792,1234,spinach_fet_m,1,1/21/2015,17:36:59,16,16,M,Veggie,"Spinach, Mushrooms, Red Onions, Feta Cheese, Garlic",The Spinach and Feta Pizza
2793,1235,green_garden_m,1,1/21/2015,17:55:58,16,16,M,Veggie,"Spinach, Mushrooms, Tomatoes, Green Olives, Feta Cheese",The Green Garden Pizza
2794,1235,pep_msh_pep_m,1,1/21/2015,17:55:58,14.5,14.5,M,Classic,"Pepperoni, Mushrooms, Green Peppers","The Pepperoni, Mushroom, and Peppers Pizza"
2795,1235,thai_ckn_l,1,1/21/2015,17:55:58,20.75,20.75,L,Chicken,"Chicken, Pineapple, Tomatoes, Red Peppers, Thai Sweet Chilli Sauce",The Thai Chicken Pizza
2796,1236,mediterraneo_l,1,1/21/2015,17:56:32,20.25,20.25,L,Veggie,"Spinach, Artichokes, Kalamata Olives, Sun-dried Tomatoes, Feta Cheese, Plum Tomatoes, Red Onions",The Mediterranean Pizza
2797,1237,calabrese_m,1,1/21/2015,18:10:40,16.25,16.25,M,Supreme,"æ…›duja Salami, Pancetta, Tomatoes, Red Onions, Friggitello Peppers, Garlic",The Calabrese Pizza
2798,1237,sicilian_s,1,1/21/2015,18:10:40,12.25,12.25,S,Supreme,"Coarse Sicilian Salami, Tomatoes, Green Olives, Luganega Sausage, Onions, Garlic",The Sicilian Pizza
2799,1238,ckn_pesto_l,1,1/21/2015,18:18:51,20.75,20.75,L,Chicken,"Chicken, Tomatoes, Red Peppers, Spinach, Garlic, Pesto Sauce",The Chicken Pesto Pizza
2800,1238,five_cheese_l,1,1/21/2015,18:18:51,18.5,18.5,L,Veggie,"Mozzarella Cheese, Provolone Cheese, Smoked Gouda Cheese, Romano Cheese, Blue Cheese, Garlic",The Five Cheese Pizza
2801,1238,mediterraneo_s,1,1/21/2015,18:18:51,12,12,S,Veggie,"Spinach, Artichokes, Kalamata Olives, Sun-dried Tomatoes, Feta Cheese, Plum Tomatoes, Red Onions",The Mediterranean Pizza
2802,1238,thai_ckn_s,1,1/21/2015,18:18:51,12.75,12.75,S,Chicken,"Chicken, Pineapple, Tomatoes, Red Peppers, Thai Sweet Chilli Sauce",The Thai Chicken Pizza
2803,1239,cali_ckn_s,1,1/21/2015,18:22:29,12.75,12.75,S,Chicken,"Chicken, Artichoke, Spinach, Garlic, Jalapeno Peppers, Fontina Cheese, Gouda Cheese",The California Chicken Pizza
2804,1240,ckn_alfredo_m,1,1/21/2015,18:40:50,16.75,16.75,M,Chicken,"Chicken, Red Onions, Red Peppers, Mushrooms, Asiago Cheese, Alfredo Sauce",The Chicken Alfredo Pizza
2805,1240,soppressata_s,1,1/21/2015,18:40:50,12.5,12.5,S,Supreme,"Soppressata Salami, Fontina Cheese, Mozzarella Cheese, Mushrooms, Garlic",The Soppressata Pizza
2806,1240,veggie_veg_m,1,1/21/2015,18:40:50,16,16,M,Veggie,"Mushrooms, Tomatoes, Red Peppers, Green Peppers, Red Onions, Zucchini, Spinach, Garlic",The Vegetables + Vegetables Pizza
2807,1241,bbq_ckn_l,1,1/21/2015,18:43:02,20.75,20.75,L,Chicken,"Barbecued Chicken, Red Peppers, Green Peppers, Tomatoes, Red Onions, Barbecue Sauce",The Barbecue Chicken Pizza
2808,1241,ckn_pesto_s,1,1/21/2015,18:43:02,12.75,12.75,S,Chicken,"Chicken, Tomatoes, Red Peppers, Spinach, Garlic, Pesto Sauce",The Chicken Pesto Pizza
2809,1241,spinach_fet_l,1,1/21/2015,18:43:02,20.25,20.25,L,Veggie,"Spinach, Mushrooms, Red Onions, Feta Cheese, Garlic",The Spinach and Feta Pizza
2810,1242,sicilian_m,1,1/21/2015,18:50:51,16.25,16.25,M,Supreme,"Coarse Sicilian Salami, Tomatoes, Green Olives, Luganega Sausage, Onions, Garlic",The Sicilian Pizza
2811,1242,sicilian_s,1,1/21/2015,18:50:51,12.25,12.25,S,Supreme,"Coarse Sicilian Salami, Tomatoes, Green Olives, Luganega Sausage, Onions, Garlic",The Sicilian Pizza
2812,1242,thai_ckn_l,1,1/21/2015,18:50:51,20.75,20.75,L,Chicken,"Chicken, Pineapple, Tomatoes, Red Peppers, Thai Sweet Chilli Sauce",The Thai Chicken Pizza
2813,1242,the_greek_xl,1,1/21/2015,18:50:51,25.5,25.5,XL,Classic,"Kalamata Olives, Feta Cheese, Tomatoes, Garlic, Beef Chuck Roast, Red Onions",The Greek Pizza
2814,1243,peppr_salami_m,1,1/21/2015,19:02:27,16.5,16.5,M,Supreme,"Genoa Salami, Capocollo, Pepperoni, Tomatoes, Asiago Cheese, Garlic",The Pepper Salami Pizza
2815,1243,spicy_ital_s,1,1/21/2015,19:02:27,12.5,12.5,S,Supreme,"Capocollo, Tomatoes, Goat Cheese, Artichokes, Peperoncini verdi, Garlic",The Spicy Italian Pizza
2816,1244,bbq_ckn_s,1,1/21/2015,19:24:32,12.75,12.75,S,Chicken,"Barbecued Chicken, Red Peppers, Green Peppers, Tomatoes, Red Onions, Barbecue Sauce",The Barbecue Chicken Pizza
2817,1244,brie_carre_s,1,1/21/2015,19:24:32,23.65,23.65,S,Supreme,"Brie Carre Cheese, Prosciutto, Caramelized Onions, Pears, Thyme, Garlic",The Brie Carre Pizza
2818,1244,napolitana_m,1,1/21/2015,19:24:32,16,16,M,Classic,"Tomatoes, Anchovies, Green Olives, Red Onions, Garlic",The Napolitana Pizza
2819,1244,pepperoni_l,1,1/21/2015,19:24:32,15.25,15.25,L,Classic,"Mozzarella Cheese, Pepperoni",The Pepperoni Pizza
2820,1245,ckn_alfredo_m,1,1/21/2015,19:26:35,16.75,16.75,M,Chicken,"Chicken, Red Onions, Red Peppers, Mushrooms, Asiago Cheese, Alfredo Sauce",The Chicken Alfredo Pizza
2821,1246,big_meat_s,1,1/21/2015,19:36:04,12,12,S,Classic,"Bacon, Pepperoni, Italian Sausage, Chorizo Sausage",The Big Meat Pizza
2822,1246,five_cheese_l,1,1/21/2015,19:36:04,18.5,18.5,L,Veggie,"Mozzarella Cheese, Provolone Cheese, Smoked Gouda Cheese, Romano Cheese, Blue Cheese, Garlic",The Five Cheese Pizza
2823,1246,spinach_supr_s,1,1/21/2015,19:36:04,12.5,12.5,S,Supreme,"Spinach, Red Onions, Pepperoni, Tomatoes, Artichokes, Kalamata Olives, Garlic, Asiago Cheese",The Spinach Supreme Pizza
2824,1247,classic_dlx_m,1,1/21/2015,19:54:37,16,16,M,Classic,"Pepperoni, Mushrooms, Red Onions, Red Peppers, Bacon",The Classic Deluxe Pizza
2825,1247,four_cheese_l,1,1/21/2015,19:54:37,17.95,17.95,L,Veggie,"Ricotta Cheese, Gorgonzola Piccante Cheese, Mozzarella Cheese, Parmigiano Reggiano Cheese, Garlic",The Four Cheese Pizza
2826,1247,hawaiian_s,1,1/21/2015,19:54:37,10.5,10.5,S,Classic,"Sliced Ham, Pineapple, Mozzarella Cheese",The Hawaiian Pizza
2827,1248,spinach_supr_s,1,1/21/2015,20:13:51,12.5,12.5,S,Supreme,"Spinach, Red Onions, Pepperoni, Tomatoes, Artichokes, Kalamata Olives, Garlic, Asiago Cheese",The Spinach Supreme Pizza
2828,1249,four_cheese_l,1,1/21/2015,20:40:44,17.95,17.95,L,Veggie,"Ricotta Cheese, Gorgonzola Piccante Cheese, Mozzarella Cheese, Parmigiano Reggiano Cheese, Garlic",The Four Cheese Pizza
2829,1249,spinach_supr_s,1,1/21/2015,20:40:44,12.5,12.5,S,Supreme,"Spinach, Red Onions, Pepperoni, Tomatoes, Artichokes, Kalamata Olives, Garlic, Asiago Cheese",The Spinach Supreme Pizza
2830,1250,big_meat_s,1,1/21/2015,21:09:08,12,12,S,Classic,"Bacon, Pepperoni, Italian Sausage, Chorizo Sausage",The Big Meat Pizza
2831,1250,ital_veggie_m,1,1/21/2015,21:09:08,16.75,16.75,M,Veggie,"Eggplant, Artichokes, Tomatoes, Zucchini, Red Peppers, Garlic, Pesto Sauce",The Italian Vegetables Pizza
2832,1250,pepperoni_m,1,1/21/2015,21:09:08,12.5,12.5,M,Classic,"Mozzarella Cheese, Pepperoni",The Pepperoni Pizza
2833,1250,peppr_salami_m,1,1/21/2015,21:09:08,16.5,16.5,M,Supreme,"Genoa Salami, Capocollo, Pepperoni, Tomatoes, Asiago Cheese, Garlic",The Pepper Salami Pizza
2834,1251,peppr_salami_m,1,1/21/2015,21:12:37,16.5,16.5,M,Supreme,"Genoa Salami, Capocollo, Pepperoni, Tomatoes, Asiago Cheese, Garlic",The Pepper Salami Pizza
2835,1252,cali_ckn_l,1,1/21/2015,21:32:07,20.75,20.75,L,Chicken,"Chicken, Artichoke, Spinach, Garlic, Jalapeno Peppers, Fontina Cheese, Gouda Cheese",The California Chicken Pizza
2836,1253,mediterraneo_l,1,1/22/2015,11:34:52,20.25,20.25,L,Veggie,"Spinach, Artichokes, Kalamata Olives, Sun-dried Tomatoes, Feta Cheese, Plum Tomatoes, Red Onions",The Mediterranean Pizza
2837,1253,southw_ckn_m,1,1/22/2015,11:34:52,16.75,16.75,M,Chicken,"Chicken, Tomatoes, Red Peppers, Red Onions, Jalapeno Peppers, Corn, Cilantro, Chipotle Sauce",The Southwest Chicken Pizza
2838,1254,brie_carre_s,1,1/22/2015,11:56:03,23.65,23.65,S,Supreme,"Brie Carre Cheese, Prosciutto, Caramelized Onions, Pears, Thyme, Garlic",The Brie Carre Pizza
2839,1254,sicilian_l,1,1/22/2015,11:56:03,20.25,20.25,L,Supreme,"Coarse Sicilian Salami, Tomatoes, Green Olives, Luganega Sausage, Onions, Garlic",The Sicilian Pizza
2840,1255,ital_veggie_s,1,1/22/2015,12:05:34,12.75,12.75,S,Veggie,"Eggplant, Artichokes, Tomatoes, Zucchini, Red Peppers, Garlic, Pesto Sauce",The Italian Vegetables Pizza
2841,1255,spinach_fet_s,1,1/22/2015,12:05:34,12,12,S,Veggie,"Spinach, Mushrooms, Red Onions, Feta Cheese, Garlic",The Spinach and Feta Pizza
2842,1255,veggie_veg_s,1,1/22/2015,12:05:34,12,12,S,Veggie,"Mushrooms, Tomatoes, Red Peppers, Green Peppers, Red Onions, Zucchini, Spinach, Garlic",The Vegetables + Vegetables Pizza
2843,1256,ital_supr_s,1,1/22/2015,12:06:15,12.5,12.5,S,Supreme,"Calabrese Salami, Capocollo, Tomatoes, Red Onions, Green Olives, Garlic",The Italian Supreme Pizza
2844,1257,four_cheese_m,1,1/22/2015,12:07:53,14.75,14.75,M,Veggie,"Ricotta Cheese, Gorgonzola Piccante Cheese, Mozzarella Cheese, Parmigiano Reggiano Cheese, Garlic",The Four Cheese Pizza
2845,1257,sicilian_m,1,1/22/2015,12:07:53,16.25,16.25,M,Supreme,"Coarse Sicilian Salami, Tomatoes, Green Olives, Luganega Sausage, Onions, Garlic",The Sicilian Pizza
2846,1257,veggie_veg_m,1,1/22/2015,12:07:53,16,16,M,Veggie,"Mushrooms, Tomatoes, Red Peppers, Green Peppers, Red Onions, Zucchini, Spinach, Garlic",The Vegetables + Vegetables Pizza
2847,1258,cali_ckn_m,1,1/22/2015,12:18:53,16.75,16.75,M,Chicken,"Chicken, Artichoke, Spinach, Garlic, Jalapeno Peppers, Fontina Cheese, Gouda Cheese",The California Chicken Pizza
2848,1259,bbq_ckn_s,1,1/22/2015,12:22:47,12.75,12.75,S,Chicken,"Barbecued Chicken, Red Peppers, Green Peppers, Tomatoes, Red Onions, Barbecue Sauce",The Barbecue Chicken Pizza
2849,1260,veggie_veg_s,1,1/22/2015,12:31:07,12,12,S,Veggie,"Mushrooms, Tomatoes, Red Peppers, Green Peppers, Red Onions, Zucchini, Spinach, Garlic",The Vegetables + Vegetables Pizza
2850,1261,big_meat_s,1,1/22/2015,12:32:00,12,12,S,Classic,"Bacon, Pepperoni, Italian Sausage, Chorizo Sausage",The Big Meat Pizza
2851,1261,ckn_pesto_s,1,1/22/2015,12:32:00,12.75,12.75,S,Chicken,"Chicken, Tomatoes, Red Peppers, Spinach, Garlic, Pesto Sauce",The Chicken Pesto Pizza
2852,1261,pepperoni_s,1,1/22/2015,12:32:00,9.75,9.75,S,Classic,"Mozzarella Cheese, Pepperoni",The Pepperoni Pizza
2853,1261,the_greek_xl,1,1/22/2015,12:32:00,25.5,25.5,XL,Classic,"Kalamata Olives, Feta Cheese, Tomatoes, Garlic, Beef Chuck Roast, Red Onions",The Greek Pizza
2854,1262,mexicana_s,1,1/22/2015,12:32:33,12,12,S,Veggie,"Tomatoes, Red Peppers, Jalapeno Peppers, Red Onions, Cilantro, Corn, Chipotle Sauce, Garlic",The Mexicana Pizza
2855,1263,five_cheese_l,1,1/22/2015,12:39:12,18.5,18.5,L,Veggie,"Mozzarella Cheese, Provolone Cheese, Smoked Gouda Cheese, Romano Cheese, Blue Cheese, Garlic",The Five Cheese Pizza
2856,1264,spicy_ital_l,1,1/22/2015,12:58:30,20.75,20.75,L,Supreme,"Capocollo, Tomatoes, Goat Cheese, Artichokes, Peperoncini verdi, Garlic",The Spicy Italian Pizza
2857,1264,spinach_fet_m,1,1/22/2015,12:58:30,16,16,M,Veggie,"Spinach, Mushrooms, Red Onions, Feta Cheese, Garlic",The Spinach and Feta Pizza
2858,1265,bbq_ckn_m,1,1/22/2015,12:59:26,16.75,16.75,M,Chicken,"Barbecued Chicken, Red Peppers, Green Peppers, Tomatoes, Red Onions, Barbecue Sauce",The Barbecue Chicken Pizza
2859,1265,five_cheese_l,1,1/22/2015,12:59:26,18.5,18.5,L,Veggie,"Mozzarella Cheese, Provolone Cheese, Smoked Gouda Cheese, Romano Cheese, Blue Cheese, Garlic",The Five Cheese Pizza
2860,1265,hawaiian_s,1,1/22/2015,12:59:26,10.5,10.5,S,Classic,"Sliced Ham, Pineapple, Mozzarella Cheese",The Hawaiian Pizza
2861,1265,ital_veggie_l,1,1/22/2015,12:59:26,21,21,L,Veggie,"Eggplant, Artichokes, Tomatoes, Zucchini, Red Peppers, Garlic, Pesto Sauce",The Italian Vegetables Pizza
2862,1265,mediterraneo_m,1,1/22/2015,12:59:26,16,16,M,Veggie,"Spinach, Artichokes, Kalamata Olives, Sun-dried Tomatoes, Feta Cheese, Plum Tomatoes, Red Onions",The Mediterranean Pizza
2863,1265,napolitana_l,1,1/22/2015,12:59:26,20.5,20.5,L,Classic,"Tomatoes, Anchovies, Green Olives, Red Onions, Garlic",The Napolitana Pizza
2864,1265,pep_msh_pep_s,2,1/22/2015,12:59:26,11,22,S,Classic,"Pepperoni, Mushrooms, Green Peppers","The Pepperoni, Mushroom, and Peppers Pizza"
2865,1265,southw_ckn_s,1,1/22/2015,12:59:26,12.75,12.75,S,Chicken,"Chicken, Tomatoes, Red Peppers, Red Onions, Jalapeno Peppers, Corn, Cilantro, Chipotle Sauce",The Southwest Chicken Pizza
2866,1265,spin_pesto_s,1,1/22/2015,12:59:26,12.5,12.5,S,Veggie,"Spinach, Artichokes, Tomatoes, Sun-dried Tomatoes, Garlic, Pesto Sauce",The Spinach Pesto Pizza
2867,1265,thai_ckn_m,1,1/22/2015,12:59:26,16.75,16.75,M,Chicken,"Chicken, Pineapple, Tomatoes, Red Peppers, Thai Sweet Chilli Sauce",The Thai Chicken Pizza
2868,1265,veggie_veg_m,1,1/22/2015,12:59:26,16,16,M,Veggie,"Mushrooms, Tomatoes, Red Peppers, Green Peppers, Red Onions, Zucchini, Spinach, Garlic",The Vegetables + Vegetables Pizza
2869,1266,bbq_ckn_m,1,1/22/2015,12:59:51,16.75,16.75,M,Chicken,"Barbecued Chicken, Red Peppers, Green Peppers, Tomatoes, Red Onions, Barbecue Sauce",The Barbecue Chicken Pizza
2870,1266,ckn_pesto_m,1,1/22/2015,12:59:51,16.75,16.75,M,Chicken,"Chicken, Tomatoes, Red Peppers, Spinach, Garlic, Pesto Sauce",The Chicken Pesto Pizza
2871,1267,pep_msh_pep_m,1,1/22/2015,13:01:27,14.5,14.5,M,Classic,"Pepperoni, Mushrooms, Green Peppers","The Pepperoni, Mushroom, and Peppers Pizza"
2872,1268,hawaiian_l,1,1/22/2015,13:01:39,16.5,16.5,L,Classic,"Sliced Ham, Pineapple, Mozzarella Cheese",The Hawaiian Pizza
2873,1268,ital_supr_m,1,1/22/2015,13:01:39,16.5,16.5,M,Supreme,"Calabrese Salami, Capocollo, Tomatoes, Red Onions, Green Olives, Garlic",The Italian Supreme Pizza
2874,1268,thai_ckn_l,1,1/22/2015,13:01:39,20.75,20.75,L,Chicken,"Chicken, Pineapple, Tomatoes, Red Peppers, Thai Sweet Chilli Sauce",The Thai Chicken Pizza
2875,1269,calabrese_m,1,1/22/2015,13:04:41,16.25,16.25,M,Supreme,"æ…›duja Salami, Pancetta, Tomatoes, Red Onions, Friggitello Peppers, Garlic",The Calabrese Pizza
2876,1270,veggie_veg_m,1,1/22/2015,13:12:15,16,16,M,Veggie,"Mushrooms, Tomatoes, Red Peppers, Green Peppers, Red Onions, Zucchini, Spinach, Garlic",The Vegetables + Vegetables Pizza
2877,1271,classic_dlx_m,2,1/22/2015,13:14:17,16,32,M,Classic,"Pepperoni, Mushrooms, Red Onions, Red Peppers, Bacon",The Classic Deluxe Pizza
2878,1271,napolitana_s,1,1/22/2015,13:14:17,12,12,S,Classic,"Tomatoes, Anchovies, Green Olives, Red Onions, Garlic",The Napolitana Pizza
2879,1271,southw_ckn_l,1,1/22/2015,13:14:17,20.75,20.75,L,Chicken,"Chicken, Tomatoes, Red Peppers, Red Onions, Jalapeno Peppers, Corn, Cilantro, Chipotle Sauce",The Southwest Chicken Pizza
2880,1272,ckn_pesto_s,1,1/22/2015,13:14:37,12.75,12.75,S,Chicken,"Chicken, Tomatoes, Red Peppers, Spinach, Garlic, Pesto Sauce",The Chicken Pesto Pizza
2881,1272,mexicana_s,1,1/22/2015,13:14:37,12,12,S,Veggie,"Tomatoes, Red Peppers, Jalapeno Peppers, Red Onions, Cilantro, Corn, Chipotle Sauce, Garlic",The Mexicana Pizza
2882,1273,big_meat_s,1,1/22/2015,13:21:57,12,12,S,Classic,"Bacon, Pepperoni, Italian Sausage, Chorizo Sausage",The Big Meat Pizza
2883,1274,bbq_ckn_m,1,1/22/2015,13:24:14,16.75,16.75,M,Chicken,"Barbecued Chicken, Red Peppers, Green Peppers, Tomatoes, Red Onions, Barbecue Sauce",The Barbecue Chicken Pizza
2884,1274,bbq_ckn_s,1,1/22/2015,13:24:14,12.75,12.75,S,Chicken,"Barbecued Chicken, Red Peppers, Green Peppers, Tomatoes, Red Onions, Barbecue Sauce",The Barbecue Chicken Pizza
2885,1274,cali_ckn_l,1,1/22/2015,13:24:14,20.75,20.75,L,Chicken,"Chicken, Artichoke, Spinach, Garlic, Jalapeno Peppers, Fontina Cheese, Gouda Cheese",The California Chicken Pizza
2886,1274,ckn_alfredo_l,1,1/22/2015,13:24:14,20.75,20.75,L,Chicken,"Chicken, Red Onions, Red Peppers, Mushrooms, Asiago Cheese, Alfredo Sauce",The Chicken Alfredo Pizza
2887,1274,ckn_pesto_l,1,1/22/2015,13:24:14,20.75,20.75,L,Chicken,"Chicken, Tomatoes, Red Peppers, Spinach, Garlic, Pesto Sauce",The Chicken Pesto Pizza
2888,1274,classic_dlx_s,1,1/22/2015,13:24:14,12,12,S,Classic,"Pepperoni, Mushrooms, Red Onions, Red Peppers, Bacon",The Classic Deluxe Pizza
2889,1274,four_cheese_l,1,1/22/2015,13:24:14,17.95,17.95,L,Veggie,"Ricotta Cheese, Gorgonzola Piccante Cheese, Mozzarella Cheese, Parmigiano Reggiano Cheese, Garlic",The Four Cheese Pizza
2890,1274,hawaiian_s,1,1/22/2015,13:24:14,10.5,10.5,S,Classic,"Sliced Ham, Pineapple, Mozzarella Cheese",The Hawaiian Pizza
2891,1274,ital_veggie_l,1,1/22/2015,13:24:14,21,21,L,Veggie,"Eggplant, Artichokes, Tomatoes, Zucchini, Red Peppers, Garlic, Pesto Sauce",The Italian Vegetables Pizza
2892,1274,sicilian_m,1,1/22/2015,13:24:14,16.25,16.25,M,Supreme,"Coarse Sicilian Salami, Tomatoes, Green Olives, Luganega Sausage, Onions, Garlic",The Sicilian Pizza
2893,1274,spinach_fet_l,2,1/22/2015,13:24:14,20.25,40.5,L,Veggie,"Spinach, Mushrooms, Red Onions, Feta Cheese, Garlic",The Spinach and Feta Pizza
2894,1274,thai_ckn_s,1,1/22/2015,13:24:14,12.75,12.75,S,Chicken,"Chicken, Pineapple, Tomatoes, Red Peppers, Thai Sweet Chilli Sauce",The Thai Chicken Pizza
2895,1274,veggie_veg_m,1,1/22/2015,13:24:14,16,16,M,Veggie,"Mushrooms, Tomatoes, Red Peppers, Green Peppers, Red Onions, Zucchini, Spinach, Garlic",The Vegetables + Vegetables Pizza
2896,1275,ital_veggie_m,1,1/22/2015,13:26:25,16.75,16.75,M,Veggie,"Eggplant, Artichokes, Tomatoes, Zucchini, Red Peppers, Garlic, Pesto Sauce",The Italian Vegetables Pizza
2897,1276,ital_veggie_m,1,1/22/2015,13:46:36,16.75,16.75,M,Veggie,"Eggplant, Artichokes, Tomatoes, Zucchini, Red Peppers, Garlic, Pesto Sauce",The Italian Vegetables Pizza
2898,1277,classic_dlx_m,1,1/22/2015,13:46:44,16,16,M,Classic,"Pepperoni, Mushrooms, Red Onions, Red Peppers, Bacon",The Classic Deluxe Pizza
2899,1277,spinach_supr_m,1,1/22/2015,13:46:44,16.5,16.5,M,Supreme,"Spinach, Red Onions, Pepperoni, Tomatoes, Artichokes, Kalamata Olives, Garlic, Asiago Cheese",The Spinach Supreme Pizza
2900,1278,bbq_ckn_l,1,1/22/2015,14:07:34,20.75,20.75,L,Chicken,"Barbecued Chicken, Red Peppers, Green Peppers, Tomatoes, Red Onions, Barbecue Sauce",The Barbecue Chicken Pizza
2901,1278,spinach_fet_m,1,1/22/2015,14:07:34,16,16,M,Veggie,"Spinach, Mushrooms, Red Onions, Feta Cheese, Garlic",The Spinach and Feta Pizza
2902,1278,thai_ckn_l,1,1/22/2015,14:07:34,20.75,20.75,L,Chicken,"Chicken, Pineapple, Tomatoes, Red Peppers, Thai Sweet Chilli Sauce",The Thai Chicken Pizza
2903,1278,the_greek_m,1,1/22/2015,14:07:34,16,16,M,Classic,"Kalamata Olives, Feta Cheese, Tomatoes, Garlic, Beef Chuck Roast, Red Onions",The Greek Pizza
2904,1279,spicy_ital_l,1,1/22/2015,14:16:38,20.75,20.75,L,Supreme,"Capocollo, Tomatoes, Goat Cheese, Artichokes, Peperoncini verdi, Garlic",The Spicy Italian Pizza
2905,1279,spicy_ital_m,1,1/22/2015,14:16:38,16.5,16.5,M,Supreme,"Capocollo, Tomatoes, Goat Cheese, Artichokes, Peperoncini verdi, Garlic",The Spicy Italian Pizza
2906,1280,four_cheese_l,1,1/22/2015,14:44:54,17.95,17.95,L,Veggie,"Ricotta Cheese, Gorgonzola Piccante Cheese, Mozzarella Cheese, Parmigiano Reggiano Cheese, Garlic",The Four Cheese Pizza
2907,1281,sicilian_m,1,1/22/2015,15:13:10,16.25,16.25,M,Supreme,"Coarse Sicilian Salami, Tomatoes, Green Olives, Luganega Sausage, Onions, Garlic",The Sicilian Pizza
2908,1282,big_meat_s,1,1/22/2015,15:16:54,12,12,S,Classic,"Bacon, Pepperoni, Italian Sausage, Chorizo Sausage",The Big Meat Pizza
2909,1282,pepperoni_s,1,1/22/2015,15:16:54,9.75,9.75,S,Classic,"Mozzarella Cheese, Pepperoni",The Pepperoni Pizza
2910,1283,ckn_pesto_m,1,1/22/2015,15:47:42,16.75,16.75,M,Chicken,"Chicken, Tomatoes, Red Peppers, Spinach, Garlic, Pesto Sauce",The Chicken Pesto Pizza
2911,1283,classic_dlx_s,1,1/22/2015,15:47:42,12,12,S,Classic,"Pepperoni, Mushrooms, Red Onions, Red Peppers, Bacon",The Classic Deluxe Pizza
2912,1283,ital_supr_s,1,1/22/2015,15:47:42,12.5,12.5,S,Supreme,"Calabrese Salami, Capocollo, Tomatoes, Red Onions, Green Olives, Garlic",The Italian Supreme Pizza
2913,1283,spicy_ital_s,1,1/22/2015,15:47:42,12.5,12.5,S,Supreme,"Capocollo, Tomatoes, Goat Cheese, Artichokes, Peperoncini verdi, Garlic",The Spicy Italian Pizza
2914,1284,cali_ckn_s,1,1/22/2015,15:53:38,12.75,12.75,S,Chicken,"Chicken, Artichoke, Spinach, Garlic, Jalapeno Peppers, Fontina Cheese, Gouda Cheese",The California Chicken Pizza
2915,1284,hawaiian_m,1,1/22/2015,15:53:38,13.25,13.25,M,Classic,"Sliced Ham, Pineapple, Mozzarella Cheese",The Hawaiian Pizza
2916,1285,pepperoni_s,1,1/22/2015,16:18:42,9.75,9.75,S,Classic,"Mozzarella Cheese, Pepperoni",The Pepperoni Pizza
2917,1285,spin_pesto_s,1,1/22/2015,16:18:42,12.5,12.5,S,Veggie,"Spinach, Artichokes, Tomatoes, Sun-dried Tomatoes, Garlic, Pesto Sauce",The Spinach Pesto Pizza
2918,1286,hawaiian_l,1,1/22/2015,16:29:13,16.5,16.5,L,Classic,"Sliced Ham, Pineapple, Mozzarella Cheese",The Hawaiian Pizza
2919,1286,pepperoni_m,1,1/22/2015,16:29:13,12.5,12.5,M,Classic,"Mozzarella Cheese, Pepperoni",The Pepperoni Pizza
2920,1287,classic_dlx_s,1,1/22/2015,16:38:25,12,12,S,Classic,"Pepperoni, Mushrooms, Red Onions, Red Peppers, Bacon",The Classic Deluxe Pizza
2921,1288,ckn_alfredo_m,1,1/22/2015,17:10:07,16.75,16.75,M,Chicken,"Chicken, Red Onions, Red Peppers, Mushrooms, Asiago Cheese, Alfredo Sauce",The Chicken Alfredo Pizza
2922,1289,bbq_ckn_l,1,1/22/2015,17:11:54,20.75,20.75,L,Chicken,"Barbecued Chicken, Red Peppers, Green Peppers, Tomatoes, Red Onions, Barbecue Sauce",The Barbecue Chicken Pizza
2923,1289,classic_dlx_m,1,1/22/2015,17:11:54,16,16,M,Classic,"Pepperoni, Mushrooms, Red Onions, Red Peppers, Bacon",The Classic Deluxe Pizza
2924,1290,bbq_ckn_m,1,1/22/2015,17:17:19,16.75,16.75,M,Chicken,"Barbecued Chicken, Red Peppers, Green Peppers, Tomatoes, Red Onions, Barbecue Sauce",The Barbecue Chicken Pizza
2925,1290,pep_msh_pep_s,1,1/22/2015,17:17:19,11,11,S,Classic,"Pepperoni, Mushrooms, Green Peppers","The Pepperoni, Mushroom, and Peppers Pizza"
2926,1290,spicy_ital_l,1,1/22/2015,17:17:19,20.75,20.75,L,Supreme,"Capocollo, Tomatoes, Goat Cheese, Artichokes, Peperoncini verdi, Garlic",The Spicy Italian Pizza
2927,1290,the_greek_l,1,1/22/2015,17:17:19,20.5,20.5,L,Classic,"Kalamata Olives, Feta Cheese, Tomatoes, Garlic, Beef Chuck Roast, Red Onions",The Greek Pizza
2928,1291,napolitana_l,1,1/22/2015,17:20:13,20.5,20.5,L,Classic,"Tomatoes, Anchovies, Green Olives, Red Onions, Garlic",The Napolitana Pizza
2929,1291,pepperoni_m,1,1/22/2015,17:20:13,12.5,12.5,M,Classic,"Mozzarella Cheese, Pepperoni",The Pepperoni Pizza
2930,1291,spicy_ital_s,1,1/22/2015,17:20:13,12.5,12.5,S,Supreme,"Capocollo, Tomatoes, Goat Cheese, Artichokes, Peperoncini verdi, Garlic",The Spicy Italian Pizza
2931,1291,the_greek_m,1,1/22/2015,17:20:13,16,16,M,Classic,"Kalamata Olives, Feta Cheese, Tomatoes, Garlic, Beef Chuck Roast, Red Onions",The Greek Pizza
2932,1292,five_cheese_l,1,1/22/2015,17:35:48,18.5,18.5,L,Veggie,"Mozzarella Cheese, Provolone Cheese, Smoked Gouda Cheese, Romano Cheese, Blue Cheese, Garlic",The Five Cheese Pizza
2933,1292,hawaiian_s,1,1/22/2015,17:35:48,10.5,10.5,S,Classic,"Sliced Ham, Pineapple, Mozzarella Cheese",The Hawaiian Pizza
2934,1293,pep_msh_pep_s,1,1/22/2015,17:37:59,11,11,S,Classic,"Pepperoni, Mushrooms, Green Peppers","The Pepperoni, Mushroom, and Peppers Pizza"
2935,1294,hawaiian_l,1,1/22/2015,17:43:01,16.5,16.5,L,Classic,"Sliced Ham, Pineapple, Mozzarella Cheese",The Hawaiian Pizza
2936,1294,ital_veggie_l,1,1/22/2015,17:43:01,21,21,L,Veggie,"Eggplant, Artichokes, Tomatoes, Zucchini, Red Peppers, Garlic, Pesto Sauce",The Italian Vegetables Pizza
2937,1295,cali_ckn_m,1,1/22/2015,17:44:59,16.75,16.75,M,Chicken,"Chicken, Artichoke, Spinach, Garlic, Jalapeno Peppers, Fontina Cheese, Gouda Cheese",The California Chicken Pizza
2938,1295,cali_ckn_s,1,1/22/2015,17:44:59,12.75,12.75,S,Chicken,"Chicken, Artichoke, Spinach, Garlic, Jalapeno Peppers, Fontina Cheese, Gouda Cheese",The California Chicken Pizza
2939,1295,ital_supr_l,1,1/22/2015,17:44:59,20.75,20.75,L,Supreme,"Calabrese Salami, Capocollo, Tomatoes, Red Onions, Green Olives, Garlic",The Italian Supreme Pizza
2940,1296,ckn_alfredo_m,1,1/22/2015,17:46:53,16.75,16.75,M,Chicken,"Chicken, Red Onions, Red Peppers, Mushrooms, Asiago Cheese, Alfredo Sauce",The Chicken Alfredo Pizza
2941,1296,four_cheese_m,1,1/22/2015,17:46:53,14.75,14.75,M,Veggie,"Ricotta Cheese, Gorgonzola Piccante Cheese, Mozzarella Cheese, Parmigiano Reggiano Cheese, Garlic",The Four Cheese Pizza
2942,1297,classic_dlx_s,1,1/22/2015,17:51:53,12,12,S,Classic,"Pepperoni, Mushrooms, Red Onions, Red Peppers, Bacon",The Classic Deluxe Pizza
2943,1297,mediterraneo_s,1,1/22/2015,17:51:53,12,12,S,Veggie,"Spinach, Artichokes, Kalamata Olives, Sun-dried Tomatoes, Feta Cheese, Plum Tomatoes, Red Onions",The Mediterranean Pizza
2944,1297,sicilian_l,1,1/22/2015,17:51:53,20.25,20.25,L,Supreme,"Coarse Sicilian Salami, Tomatoes, Green Olives, Luganega Sausage, Onions, Garlic",The Sicilian Pizza
2945,1297,spicy_ital_s,1,1/22/2015,17:51:53,12.5,12.5,S,Supreme,"Capocollo, Tomatoes, Goat Cheese, Artichokes, Peperoncini verdi, Garlic",The Spicy Italian Pizza
2946,1298,five_cheese_l,1,1/22/2015,17:54:25,18.5,18.5,L,Veggie,"Mozzarella Cheese, Provolone Cheese, Smoked Gouda Cheese, Romano Cheese, Blue Cheese, Garlic",The Five Cheese Pizza
2947,1298,napolitana_s,1,1/22/2015,17:54:25,12,12,S,Classic,"Tomatoes, Anchovies, Green Olives, Red Onions, Garlic",The Napolitana Pizza
2948,1298,the_greek_xl,1,1/22/2015,17:54:25,25.5,25.5,XL,Classic,"Kalamata Olives, Feta Cheese, Tomatoes, Garlic, Beef Chuck Roast, Red Onions",The Greek Pizza
2949,1299,ital_supr_m,1,1/22/2015,17:56:07,16.5,16.5,M,Supreme,"Calabrese Salami, Capocollo, Tomatoes, Red Onions, Green Olives, Garlic",The Italian Supreme Pizza
2950,1299,pepperoni_s,1,1/22/2015,17:56:07,9.75,9.75,S,Classic,"Mozzarella Cheese, Pepperoni",The Pepperoni Pizza
2951,1299,sicilian_s,1,1/22/2015,17:56:07,12.25,12.25,S,Supreme,"Coarse Sicilian Salami, Tomatoes, Green Olives, Luganega Sausage, Onions, Garlic",The Sicilian Pizza
2952,1300,pepperoni_s,1,1/22/2015,18:28:51,9.75,9.75,S,Classic,"Mozzarella Cheese, Pepperoni",The Pepperoni Pizza
2953,1300,southw_ckn_s,1,1/22/2015,18:28:51,12.75,12.75,S,Chicken,"Chicken, Tomatoes, Red Peppers, Red Onions, Jalapeno Peppers, Corn, Cilantro, Chipotle Sauce",The Southwest Chicken Pizza
2954,1301,bbq_ckn_s,1,1/22/2015,18:42:08,12.75,12.75,S,Chicken,"Barbecued Chicken, Red Peppers, Green Peppers, Tomatoes, Red Onions, Barbecue Sauce",The Barbecue Chicken Pizza
2955,1301,classic_dlx_s,1,1/22/2015,18:42:08,12,12,S,Classic,"Pepperoni, Mushrooms, Red Onions, Red Peppers, Bacon",The Classic Deluxe Pizza
2956,1301,thai_ckn_l,1,1/22/2015,18:42:08,20.75,20.75,L,Chicken,"Chicken, Pineapple, Tomatoes, Red Peppers, Thai Sweet Chilli Sauce",The Thai Chicken Pizza
2957,1301,the_greek_xl,1,1/22/2015,18:42:08,25.5,25.5,XL,Classic,"Kalamata Olives, Feta Cheese, Tomatoes, Garlic, Beef Chuck Roast, Red Onions",The Greek Pizza
2958,1302,hawaiian_l,1,1/22/2015,18:44:04,16.5,16.5,L,Classic,"Sliced Ham, Pineapple, Mozzarella Cheese",The Hawaiian Pizza
2959,1302,hawaiian_s,1,1/22/2015,18:44:04,10.5,10.5,S,Classic,"Sliced Ham, Pineapple, Mozzarella Cheese",The Hawaiian Pizza
2960,1303,big_meat_s,1,1/22/2015,18:53:13,12,12,S,Classic,"Bacon, Pepperoni, Italian Sausage, Chorizo Sausage",The Big Meat Pizza
2961,1303,mexicana_l,1,1/22/2015,18:53:13,20.25,20.25,L,Veggie,"Tomatoes, Red Peppers, Jalapeno Peppers, Red Onions, Cilantro, Corn, Chipotle Sauce, Garlic",The Mexicana Pizza
2962,1303,mexicana_m,1,1/22/2015,18:53:13,16,16,M,Veggie,"Tomatoes, Red Peppers, Jalapeno Peppers, Red Onions, Cilantro, Corn, Chipotle Sauce, Garlic",The Mexicana Pizza
2963,1303,peppr_salami_s,1,1/22/2015,18:53:13,12.5,12.5,S,Supreme,"Genoa Salami, Capocollo, Pepperoni, Tomatoes, Asiago Cheese, Garlic",The Pepper Salami Pizza
2964,1304,pepperoni_m,1,1/22/2015,19:02:50,12.5,12.5,M,Classic,"Mozzarella Cheese, Pepperoni",The Pepperoni Pizza
2965,1305,sicilian_s,1,1/22/2015,19:24:01,12.25,12.25,S,Supreme,"Coarse Sicilian Salami, Tomatoes, Green Olives, Luganega Sausage, Onions, Garlic",The Sicilian Pizza
2966,1306,five_cheese_l,1,1/22/2015,19:35:25,18.5,18.5,L,Veggie,"Mozzarella Cheese, Provolone Cheese, Smoked Gouda Cheese, Romano Cheese, Blue Cheese, Garlic",The Five Cheese Pizza
2967,1306,southw_ckn_s,1,1/22/2015,19:35:25,12.75,12.75,S,Chicken,"Chicken, Tomatoes, Red Peppers, Red Onions, Jalapeno Peppers, Corn, Cilantro, Chipotle Sauce",The Southwest Chicken Pizza
2968,1307,brie_carre_s,1,1/22/2015,19:39:20,23.65,23.65,S,Supreme,"Brie Carre Cheese, Prosciutto, Caramelized Onions, Pears, Thyme, Garlic",The Brie Carre Pizza
2969,1308,calabrese_l,1,1/22/2015,19:43:14,20.25,20.25,L,Supreme,"æ…›duja Salami, Pancetta, Tomatoes, Red Onions, Friggitello Peppers, Garlic",The Calabrese Pizza
2970,1309,classic_dlx_s,1,1/22/2015,20:04:42,12,12,S,Classic,"Pepperoni, Mushrooms, Red Onions, Red Peppers, Bacon",The Classic Deluxe Pizza
2971,1310,cali_ckn_m,1,1/22/2015,20:19:33,16.75,16.75,M,Chicken,"Chicken, Artichoke, Spinach, Garlic, Jalapeno Peppers, Fontina Cheese, Gouda Cheese",The California Chicken Pizza
2972,1310,spinach_fet_m,1,1/22/2015,20:19:33,16,16,M,Veggie,"Spinach, Mushrooms, Red Onions, Feta Cheese, Garlic",The Spinach and Feta Pizza
2973,1311,five_cheese_l,1,1/22/2015,20:21:28,18.5,18.5,L,Veggie,"Mozzarella Cheese, Provolone Cheese, Smoked Gouda Cheese, Romano Cheese, Blue Cheese, Garlic",The Five Cheese Pizza
2974,1311,thai_ckn_s,1,1/22/2015,20:21:28,12.75,12.75,S,Chicken,"Chicken, Pineapple, Tomatoes, Red Peppers, Thai Sweet Chilli Sauce",The Thai Chicken Pizza
2975,1312,spinach_fet_s,1,1/22/2015,20:23:41,12,12,S,Veggie,"Spinach, Mushrooms, Red Onions, Feta Cheese, Garlic",The Spinach and Feta Pizza
2976,1313,pepperoni_l,1,1/22/2015,20:24:29,15.25,15.25,L,Classic,"Mozzarella Cheese, Pepperoni",The Pepperoni Pizza
2977,1314,classic_dlx_s,1,1/22/2015,20:40:55,12,12,S,Classic,"Pepperoni, Mushrooms, Red Onions, Red Peppers, Bacon",The Classic Deluxe Pizza
2978,1314,napolitana_l,1,1/22/2015,20:40:55,20.5,20.5,L,Classic,"Tomatoes, Anchovies, Green Olives, Red Onions, Garlic",The Napolitana Pizza
2979,1314,veggie_veg_m,1,1/22/2015,20:40:55,16,16,M,Veggie,"Mushrooms, Tomatoes, Red Peppers, Green Peppers, Red Onions, Zucchini, Spinach, Garlic",The Vegetables + Vegetables Pizza
2980,1315,prsc_argla_l,1,1/22/2015,20:46:44,20.75,20.75,L,Supreme,"Prosciutto di San Daniele, Arugula, Mozzarella Cheese",The Prosciutto and Arugula Pizza
2981,1315,spin_pesto_s,1,1/22/2015,20:46:44,12.5,12.5,S,Veggie,"Spinach, Artichokes, Tomatoes, Sun-dried Tomatoes, Garlic, Pesto Sauce",The Spinach Pesto Pizza
2982,1316,napolitana_l,1,1/22/2015,20:48:12,20.5,20.5,L,Classic,"Tomatoes, Anchovies, Green Olives, Red Onions, Garlic",The Napolitana Pizza
2983,1317,thai_ckn_l,1,1/22/2015,21:00:41,20.75,20.75,L,Chicken,"Chicken, Pineapple, Tomatoes, Red Peppers, Thai Sweet Chilli Sauce",The Thai Chicken Pizza
2984,1318,ital_supr_l,1,1/22/2015,21:36:48,20.75,20.75,L,Supreme,"Calabrese Salami, Capocollo, Tomatoes, Red Onions, Green Olives, Garlic",The Italian Supreme Pizza
2985,1318,thai_ckn_m,1,1/22/2015,21:36:48,16.75,16.75,M,Chicken,"Chicken, Pineapple, Tomatoes, Red Peppers, Thai Sweet Chilli Sauce",The Thai Chicken Pizza
2986,1319,pepperoni_s,1,1/22/2015,22:24:05,9.75,9.75,S,Classic,"Mozzarella Cheese, Pepperoni",The Pepperoni Pizza
2987,1319,peppr_salami_l,1,1/22/2015,22:24:05,20.75,20.75,L,Supreme,"Genoa Salami, Capocollo, Pepperoni, Tomatoes, Asiago Cheese, Garlic",The Pepper Salami Pizza
2988,1319,spin_pesto_m,1,1/22/2015,22:24:05,16.5,16.5,M,Veggie,"Spinach, Artichokes, Tomatoes, Sun-dried Tomatoes, Garlic, Pesto Sauce",The Spinach Pesto Pizza
2989,1320,five_cheese_l,1,1/22/2015,23:02:31,18.5,18.5,L,Veggie,"Mozzarella Cheese, Provolone Cheese, Smoked Gouda Cheese, Romano Cheese, Blue Cheese, Garlic",The Five Cheese Pizza
2990,1320,southw_ckn_s,1,1/22/2015,23:02:31,12.75,12.75,S,Chicken,"Chicken, Tomatoes, Red Peppers, Red Onions, Jalapeno Peppers, Corn, Cilantro, Chipotle Sauce",The Southwest Chicken Pizza
2991,1321,five_cheese_l,1,1/23/2015,11:17:12,18.5,18.5,L,Veggie,"Mozzarella Cheese, Provolone Cheese, Smoked Gouda Cheese, Romano Cheese, Blue Cheese, Garlic",The Five Cheese Pizza
2992,1321,napolitana_s,1,1/23/2015,11:17:12,12,12,S,Classic,"Tomatoes, Anchovies, Green Olives, Red Onions, Garlic",The Napolitana Pizza
2993,1321,peppr_salami_s,1,1/23/2015,11:17:12,12.5,12.5,S,Supreme,"Genoa Salami, Capocollo, Pepperoni, Tomatoes, Asiago Cheese, Garlic",The Pepper Salami Pizza
2994,1322,cali_ckn_l,1,1/23/2015,11:28:28,20.75,20.75,L,Chicken,"Chicken, Artichoke, Spinach, Garlic, Jalapeno Peppers, Fontina Cheese, Gouda Cheese",The California Chicken Pizza
2995,1322,peppr_salami_l,1,1/23/2015,11:28:28,20.75,20.75,L,Supreme,"Genoa Salami, Capocollo, Pepperoni, Tomatoes, Asiago Cheese, Garlic",The Pepper Salami Pizza
2996,1323,five_cheese_l,1,1/23/2015,11:45:37,18.5,18.5,L,Veggie,"Mozzarella Cheese, Provolone Cheese, Smoked Gouda Cheese, Romano Cheese, Blue Cheese, Garlic",The Five Cheese Pizza
2997,1323,hawaiian_l,1,1/23/2015,11:45:37,16.5,16.5,L,Classic,"Sliced Ham, Pineapple, Mozzarella Cheese",The Hawaiian Pizza
2998,1323,hawaiian_m,1,1/23/2015,11:45:37,13.25,13.25,M,Classic,"Sliced Ham, Pineapple, Mozzarella Cheese",The Hawaiian Pizza
2999,1323,ital_cpcllo_m,1,1/23/2015,11:45:37,16,16,M,Classic,"Capocollo, Red Peppers, Tomatoes, Goat Cheese, Garlic, Oregano",The Italian Capocollo Pizza
3000,1323,mexicana_m,1,1/23/2015,11:45:37,16,16,M,Veggie,"Tomatoes, Red Peppers, Jalapeno Peppers, Red Onions, Cilantro, Corn, Chipotle Sauce, Garlic",The Mexicana Pizza
3001,1323,pep_msh_pep_l,1,1/23/2015,11:45:37,17.5,17.5,L,Classic,"Pepperoni, Mushrooms, Green Peppers","The Pepperoni, Mushroom, and Peppers Pizza"
3002,1323,sicilian_s,2,1/23/2015,11:45:37,12.25,24.5,S,Supreme,"Coarse Sicilian Salami, Tomatoes, Green Olives, Luganega Sausage, Onions, Garlic",The Sicilian Pizza
3003,1323,southw_ckn_s,1,1/23/2015,11:45:37,12.75,12.75,S,Chicken,"Chicken, Tomatoes, Red Peppers, Red Onions, Jalapeno Peppers, Corn, Cilantro, Chipotle Sauce",The Southwest Chicken Pizza
3004,1323,the_greek_m,1,1/23/2015,11:45:37,16,16,M,Classic,"Kalamata Olives, Feta Cheese, Tomatoes, Garlic, Beef Chuck Roast, Red Onions",The Greek Pizza
3005,1324,calabrese_m,1,1/23/2015,11:46:56,16.25,16.25,M,Supreme,"æ…›duja Salami, Pancetta, Tomatoes, Red Onions, Friggitello Peppers, Garlic",The Calabrese Pizza
3006,1324,napolitana_s,1,1/23/2015,11:46:56,12,12,S,Classic,"Tomatoes, Anchovies, Green Olives, Red Onions, Garlic",The Napolitana Pizza
3007,1324,prsc_argla_l,1,1/23/2015,11:46:56,20.75,20.75,L,Supreme,"Prosciutto di San Daniele, Arugula, Mozzarella Cheese",The Prosciutto and Arugula Pizza
3008,1325,classic_dlx_s,1,1/23/2015,11:50:45,12,12,S,Classic,"Pepperoni, Mushrooms, Red Onions, Red Peppers, Bacon",The Classic Deluxe Pizza
3009,1325,mexicana_m,1,1/23/2015,11:50:45,16,16,M,Veggie,"Tomatoes, Red Peppers, Jalapeno Peppers, Red Onions, Cilantro, Corn, Chipotle Sauce, Garlic",The Mexicana Pizza
3010,1325,pep_msh_pep_m,1,1/23/2015,11:50:45,14.5,14.5,M,Classic,"Pepperoni, Mushrooms, Green Peppers","The Pepperoni, Mushroom, and Peppers Pizza"
3011,1326,ckn_alfredo_l,1,1/23/2015,12:00:54,20.75,20.75,L,Chicken,"Chicken, Red Onions, Red Peppers, Mushrooms, Asiago Cheese, Alfredo Sauce",The Chicken Alfredo Pizza
3012,1326,four_cheese_l,1,1/23/2015,12:00:54,17.95,17.95,L,Veggie,"Ricotta Cheese, Gorgonzola Piccante Cheese, Mozzarella Cheese, Parmigiano Reggiano Cheese, Garlic",The Four Cheese Pizza
3013,1327,ital_veggie_l,1,1/23/2015,12:01:01,21,21,L,Veggie,"Eggplant, Artichokes, Tomatoes, Zucchini, Red Peppers, Garlic, Pesto Sauce",The Italian Vegetables Pizza
3014,1328,bbq_ckn_s,1,1/23/2015,12:29:42,12.75,12.75,S,Chicken,"Barbecued Chicken, Red Peppers, Green Peppers, Tomatoes, Red Onions, Barbecue Sauce",The Barbecue Chicken Pizza
3015,1329,peppr_salami_s,1,1/23/2015,12:49:11,12.5,12.5,S,Supreme,"Genoa Salami, Capocollo, Pepperoni, Tomatoes, Asiago Cheese, Garlic",The Pepper Salami Pizza
3016,1330,big_meat_s,1,1/23/2015,12:54:53,12,12,S,Classic,"Bacon, Pepperoni, Italian Sausage, Chorizo Sausage",The Big Meat Pizza
3017,1330,green_garden_s,1,1/23/2015,12:54:53,12,12,S,Veggie,"Spinach, Mushrooms, Tomatoes, Green Olives, Feta Cheese",The Green Garden Pizza
3018,1331,pep_msh_pep_l,1,1/23/2015,12:54:56,17.5,17.5,L,Classic,"Pepperoni, Mushrooms, Green Peppers","The Pepperoni, Mushroom, and Peppers Pizza"
3019,1331,prsc_argla_s,1,1/23/2015,12:54:56,12.5,12.5,S,Supreme,"Prosciutto di San Daniele, Arugula, Mozzarella Cheese",The Prosciutto and Arugula Pizza
3020,1331,thai_ckn_s,1,1/23/2015,12:54:56,12.75,12.75,S,Chicken,"Chicken, Pineapple, Tomatoes, Red Peppers, Thai Sweet Chilli Sauce",The Thai Chicken Pizza
3021,1332,pep_msh_pep_l,1,1/23/2015,12:55:29,17.5,17.5,L,Classic,"Pepperoni, Mushrooms, Green Peppers","The Pepperoni, Mushroom, and Peppers Pizza"
3022,1333,four_cheese_l,2,1/23/2015,12:57:07,17.95,35.9,L,Veggie,"Ricotta Cheese, Gorgonzola Piccante Cheese, Mozzarella Cheese, Parmigiano Reggiano Cheese, Garlic",The Four Cheese Pizza
3023,1333,pep_msh_pep_s,1,1/23/2015,12:57:07,11,11,S,Classic,"Pepperoni, Mushrooms, Green Peppers","The Pepperoni, Mushroom, and Peppers Pizza"
3024,1334,four_cheese_m,1,1/23/2015,13:00:58,14.75,14.75,M,Veggie,"Ricotta Cheese, Gorgonzola Piccante Cheese, Mozzarella Cheese, Parmigiano Reggiano Cheese, Garlic",The Four Cheese Pizza
3025,1335,soppressata_m,1,1/23/2015,13:10:36,16.5,16.5,M,Supreme,"Soppressata Salami, Fontina Cheese, Mozzarella Cheese, Mushrooms, Garlic",The Soppressata Pizza
3026,1336,pepperoni_s,1,1/23/2015,13:14:10,9.75,9.75,S,Classic,"Mozzarella Cheese, Pepperoni",The Pepperoni Pizza
3027,1337,big_meat_s,1,1/23/2015,13:44:49,12,12,S,Classic,"Bacon, Pepperoni, Italian Sausage, Chorizo Sausage",The Big Meat Pizza
3028,1338,ital_supr_m,1,1/23/2015,13:47:01,16.5,16.5,M,Supreme,"Calabrese Salami, Capocollo, Tomatoes, Red Onions, Green Olives, Garlic",The Italian Supreme Pizza
3029,1338,prsc_argla_s,1,1/23/2015,13:47:01,12.5,12.5,S,Supreme,"Prosciutto di San Daniele, Arugula, Mozzarella Cheese",The Prosciutto and Arugula Pizza
3030,1338,the_greek_xl,1,1/23/2015,13:47:01,25.5,25.5,XL,Classic,"Kalamata Olives, Feta Cheese, Tomatoes, Garlic, Beef Chuck Roast, Red Onions",The Greek Pizza
3031,1339,big_meat_s,1,1/23/2015,14:10:45,12,12,S,Classic,"Bacon, Pepperoni, Italian Sausage, Chorizo Sausage",The Big Meat Pizza
3032,1339,ital_veggie_m,1,1/23/2015,14:10:45,16.75,16.75,M,Veggie,"Eggplant, Artichokes, Tomatoes, Zucchini, Red Peppers, Garlic, Pesto Sauce",The Italian Vegetables Pizza
3033,1340,five_cheese_l,1,1/23/2015,14:12:26,18.5,18.5,L,Veggie,"Mozzarella Cheese, Provolone Cheese, Smoked Gouda Cheese, Romano Cheese, Blue Cheese, Garlic",The Five Cheese Pizza
3034,1340,four_cheese_l,1,1/23/2015,14:12:26,17.95,17.95,L,Veggie,"Ricotta Cheese, Gorgonzola Piccante Cheese, Mozzarella Cheese, Parmigiano Reggiano Cheese, Garlic",The Four Cheese Pizza
3035,1340,green_garden_s,1,1/23/2015,14:12:26,12,12,S,Veggie,"Spinach, Mushrooms, Tomatoes, Green Olives, Feta Cheese",The Green Garden Pizza
3036,1340,ital_cpcllo_l,1,1/23/2015,14:12:26,20.5,20.5,L,Classic,"Capocollo, Red Peppers, Tomatoes, Goat Cheese, Garlic, Oregano",The Italian Capocollo Pizza
3037,1340,spicy_ital_l,1,1/23/2015,14:12:26,20.75,20.75,L,Supreme,"Capocollo, Tomatoes, Goat Cheese, Artichokes, Peperoncini verdi, Garlic",The Spicy Italian Pizza
3038,1340,spin_pesto_l,1,1/23/2015,14:12:26,20.75,20.75,L,Veggie,"Spinach, Artichokes, Tomatoes, Sun-dried Tomatoes, Garlic, Pesto Sauce",The Spinach Pesto Pizza
3039,1341,ckn_alfredo_m,1,1/23/2015,14:15:37,16.75,16.75,M,Chicken,"Chicken, Red Onions, Red Peppers, Mushrooms, Asiago Cheese, Alfredo Sauce",The Chicken Alfredo Pizza
3040,1341,classic_dlx_l,1,1/23/2015,14:15:37,20.5,20.5,L,Classic,"Pepperoni, Mushrooms, Red Onions, Red Peppers, Bacon",The Classic Deluxe Pizza
3041,1341,four_cheese_l,1,1/23/2015,14:15:37,17.95,17.95,L,Veggie,"Ricotta Cheese, Gorgonzola Piccante Cheese, Mozzarella Cheese, Parmigiano Reggiano Cheese, Garlic",The Four Cheese Pizza
3042,1341,ital_cpcllo_l,1,1/23/2015,14:15:37,20.5,20.5,L,Classic,"Capocollo, Red Peppers, Tomatoes, Goat Cheese, Garlic, Oregano",The Italian Capocollo Pizza
3043,1342,cali_ckn_m,1,1/23/2015,14:17:05,16.75,16.75,M,Chicken,"Chicken, Artichoke, Spinach, Garlic, Jalapeno Peppers, Fontina Cheese, Gouda Cheese",The California Chicken Pizza
3044,1343,thai_ckn_s,1,1/23/2015,14:29:11,12.75,12.75,S,Chicken,"Chicken, Pineapple, Tomatoes, Red Peppers, Thai Sweet Chilli Sauce",The Thai Chicken Pizza
3045,1344,five_cheese_l,1,1/23/2015,14:58:58,18.5,18.5,L,Veggie,"Mozzarella Cheese, Provolone Cheese, Smoked Gouda Cheese, Romano Cheese, Blue Cheese, Garlic",The Five Cheese Pizza
3046,1345,mexicana_m,1,1/23/2015,15:01:02,16,16,M,Veggie,"Tomatoes, Red Peppers, Jalapeno Peppers, Red Onions, Cilantro, Corn, Chipotle Sauce, Garlic",The Mexicana Pizza
3047,1345,spin_pesto_s,1,1/23/2015,15:01:02,12.5,12.5,S,Veggie,"Spinach, Artichokes, Tomatoes, Sun-dried Tomatoes, Garlic, Pesto Sauce",The Spinach Pesto Pizza
3048,1346,four_cheese_m,1,1/23/2015,15:25:17,14.75,14.75,M,Veggie,"Ricotta Cheese, Gorgonzola Piccante Cheese, Mozzarella Cheese, Parmigiano Reggiano Cheese, Garlic",The Four Cheese Pizza
3049,1346,thai_ckn_l,1,1/23/2015,15:25:17,20.75,20.75,L,Chicken,"Chicken, Pineapple, Tomatoes, Red Peppers, Thai Sweet Chilli Sauce",The Thai Chicken Pizza
3050,1347,bbq_ckn_m,1,1/23/2015,15:32:59,16.75,16.75,M,Chicken,"Barbecued Chicken, Red Peppers, Green Peppers, Tomatoes, Red Onions, Barbecue Sauce",The Barbecue Chicken Pizza
3051,1347,four_cheese_m,1,1/23/2015,15:32:59,14.75,14.75,M,Veggie,"Ricotta Cheese, Gorgonzola Piccante Cheese, Mozzarella Cheese, Parmigiano Reggiano Cheese, Garlic",The Four Cheese Pizza
3052,1347,hawaiian_l,1,1/23/2015,15:32:59,16.5,16.5,L,Classic,"Sliced Ham, Pineapple, Mozzarella Cheese",The Hawaiian Pizza
3053,1348,thai_ckn_s,1,1/23/2015,15:50:01,12.75,12.75,S,Chicken,"Chicken, Pineapple, Tomatoes, Red Peppers, Thai Sweet Chilli Sauce",The Thai Chicken Pizza
3054,1349,spicy_ital_m,1,1/23/2015,16:03:08,16.5,16.5,M,Supreme,"Capocollo, Tomatoes, Goat Cheese, Artichokes, Peperoncini verdi, Garlic",The Spicy Italian Pizza
3055,1349,veggie_veg_l,1,1/23/2015,16:03:08,20.25,20.25,L,Veggie,"Mushrooms, Tomatoes, Red Peppers, Green Peppers, Red Onions, Zucchini, Spinach, Garlic",The Vegetables + Vegetables Pizza
3056,1350,cali_ckn_m,1,1/23/2015,16:05:24,16.75,16.75,M,Chicken,"Chicken, Artichoke, Spinach, Garlic, Jalapeno Peppers, Fontina Cheese, Gouda Cheese",The California Chicken Pizza
3057,1350,pepperoni_s,1,1/23/2015,16:05:24,9.75,9.75,S,Classic,"Mozzarella Cheese, Pepperoni",The Pepperoni Pizza
3058,1351,ital_supr_l,1,1/23/2015,16:06:00,20.75,20.75,L,Supreme,"Calabrese Salami, Capocollo, Tomatoes, Red Onions, Green Olives, Garlic",The Italian Supreme Pizza
3059,1351,napolitana_m,1,1/23/2015,16:06:00,16,16,M,Classic,"Tomatoes, Anchovies, Green Olives, Red Onions, Garlic",The Napolitana Pizza
3060,1352,mexicana_l,1,1/23/2015,16:12:21,20.25,20.25,L,Veggie,"Tomatoes, Red Peppers, Jalapeno Peppers, Red Onions, Cilantro, Corn, Chipotle Sauce, Garlic",The Mexicana Pizza
3061,1352,pepperoni_s,1,1/23/2015,16:12:21,9.75,9.75,S,Classic,"Mozzarella Cheese, Pepperoni",The Pepperoni Pizza
3062,1352,spinach_fet_m,1,1/23/2015,16:12:21,16,16,M,Veggie,"Spinach, Mushrooms, Red Onions, Feta Cheese, Garlic",The Spinach and Feta Pizza
3063,1353,bbq_ckn_m,1,1/23/2015,16:21:26,16.75,16.75,M,Chicken,"Barbecued Chicken, Red Peppers, Green Peppers, Tomatoes, Red Onions, Barbecue Sauce",The Barbecue Chicken Pizza
3064,1353,classic_dlx_m,1,1/23/2015,16:21:26,16,16,M,Classic,"Pepperoni, Mushrooms, Red Onions, Red Peppers, Bacon",The Classic Deluxe Pizza
3065,1354,mexicana_m,1,1/23/2015,16:22:21,16,16,M,Veggie,"Tomatoes, Red Peppers, Jalapeno Peppers, Red Onions, Cilantro, Corn, Chipotle Sauce, Garlic",The Mexicana Pizza
3066,1355,hawaiian_l,1,1/23/2015,16:30:25,16.5,16.5,L,Classic,"Sliced Ham, Pineapple, Mozzarella Cheese",The Hawaiian Pizza
3067,1355,pepperoni_s,1,1/23/2015,16:30:25,9.75,9.75,S,Classic,"Mozzarella Cheese, Pepperoni",The Pepperoni Pizza
3068,1356,sicilian_m,1,1/23/2015,17:11:00,16.25,16.25,M,Supreme,"Coarse Sicilian Salami, Tomatoes, Green Olives, Luganega Sausage, Onions, Garlic",The Sicilian Pizza
3069,1356,spicy_ital_l,1,1/23/2015,17:11:00,20.75,20.75,L,Supreme,"Capocollo, Tomatoes, Goat Cheese, Artichokes, Peperoncini verdi, Garlic",The Spicy Italian Pizza
3070,1357,big_meat_s,1,1/23/2015,17:17:58,12,12,S,Classic,"Bacon, Pepperoni, Italian Sausage, Chorizo Sausage",The Big Meat Pizza
3071,1357,spicy_ital_m,1,1/23/2015,17:17:58,16.5,16.5,M,Supreme,"Capocollo, Tomatoes, Goat Cheese, Artichokes, Peperoncini verdi, Garlic",The Spicy Italian Pizza
3072,1358,cali_ckn_l,1,1/23/2015,17:24:07,20.75,20.75,L,Chicken,"Chicken, Artichoke, Spinach, Garlic, Jalapeno Peppers, Fontina Cheese, Gouda Cheese",The California Chicken Pizza
3073,1359,peppr_salami_s,1,1/23/2015,17:31:29,12.5,12.5,S,Supreme,"Genoa Salami, Capocollo, Pepperoni, Tomatoes, Asiago Cheese, Garlic",The Pepper Salami Pizza
3074,1360,southw_ckn_l,1,1/23/2015,17:33:33,20.75,20.75,L,Chicken,"Chicken, Tomatoes, Red Peppers, Red Onions, Jalapeno Peppers, Corn, Cilantro, Chipotle Sauce",The Southwest Chicken Pizza
3075,1361,pepperoni_l,1,1/23/2015,17:46:31,15.25,15.25,L,Classic,"Mozzarella Cheese, Pepperoni",The Pepperoni Pizza
3076,1361,spinach_fet_m,1,1/23/2015,17:46:31,16,16,M,Veggie,"Spinach, Mushrooms, Red Onions, Feta Cheese, Garlic",The Spinach and Feta Pizza
3077,1362,bbq_ckn_s,1,1/23/2015,17:46:43,12.75,12.75,S,Chicken,"Barbecued Chicken, Red Peppers, Green Peppers, Tomatoes, Red Onions, Barbecue Sauce",The Barbecue Chicken Pizza
3078,1362,ital_supr_m,1,1/23/2015,17:46:43,16.5,16.5,M,Supreme,"Calabrese Salami, Capocollo, Tomatoes, Red Onions, Green Olives, Garlic",The Italian Supreme Pizza
3079,1363,ital_veggie_m,1,1/23/2015,17:46:45,16.75,16.75,M,Veggie,"Eggplant, Artichokes, Tomatoes, Zucchini, Red Peppers, Garlic, Pesto Sauce",The Italian Vegetables Pizza
3080,1363,pep_msh_pep_l,1,1/23/2015,17:46:45,17.5,17.5,L,Classic,"Pepperoni, Mushrooms, Green Peppers","The Pepperoni, Mushroom, and Peppers Pizza"
3081,1363,southw_ckn_s,1,1/23/2015,17:46:45,12.75,12.75,S,Chicken,"Chicken, Tomatoes, Red Peppers, Red Onions, Jalapeno Peppers, Corn, Cilantro, Chipotle Sauce",The Southwest Chicken Pizza
3082,1363,veggie_veg_s,1,1/23/2015,17:46:45,12,12,S,Veggie,"Mushrooms, Tomatoes, Red Peppers, Green Peppers, Red Onions, Zucchini, Spinach, Garlic",The Vegetables + Vegetables Pizza
3083,1364,bbq_ckn_l,1,1/23/2015,17:50:42,20.75,20.75,L,Chicken,"Barbecued Chicken, Red Peppers, Green Peppers, Tomatoes, Red Onions, Barbecue Sauce",The Barbecue Chicken Pizza
3084,1364,big_meat_s,1,1/23/2015,17:50:42,12,12,S,Classic,"Bacon, Pepperoni, Italian Sausage, Chorizo Sausage",The Big Meat Pizza
3085,1364,ital_cpcllo_l,1,1/23/2015,17:50:42,20.5,20.5,L,Classic,"Capocollo, Red Peppers, Tomatoes, Goat Cheese, Garlic, Oregano",The Italian Capocollo Pizza
3086,1365,southw_ckn_l,1,1/23/2015,17:54:47,20.75,20.75,L,Chicken,"Chicken, Tomatoes, Red Peppers, Red Onions, Jalapeno Peppers, Corn, Cilantro, Chipotle Sauce",The Southwest Chicken Pizza
3087,1366,pepperoni_m,1,1/23/2015,18:07:49,12.5,12.5,M,Classic,"Mozzarella Cheese, Pepperoni",The Pepperoni Pizza
3088,1366,prsc_argla_m,1,1/23/2015,18:07:49,16.5,16.5,M,Supreme,"Prosciutto di San Daniele, Arugula, Mozzarella Cheese",The Prosciutto and Arugula Pizza
3089,1367,napolitana_m,1,1/23/2015,18:09:22,16,16,M,Classic,"Tomatoes, Anchovies, Green Olives, Red Onions, Garlic",The Napolitana Pizza
3090,1367,peppr_salami_m,1,1/23/2015,18:09:22,16.5,16.5,M,Supreme,"Genoa Salami, Capocollo, Pepperoni, Tomatoes, Asiago Cheese, Garlic",The Pepper Salami Pizza
3091,1367,peppr_salami_s,1,1/23/2015,18:09:22,12.5,12.5,S,Supreme,"Genoa Salami, Capocollo, Pepperoni, Tomatoes, Asiago Cheese, Garlic",The Pepper Salami Pizza
3092,1367,sicilian_s,1,1/23/2015,18:09:22,12.25,12.25,S,Supreme,"Coarse Sicilian Salami, Tomatoes, Green Olives, Luganega Sausage, Onions, Garlic",The Sicilian Pizza
3093,1368,bbq_ckn_s,1,1/23/2015,18:22:01,12.75,12.75,S,Chicken,"Barbecued Chicken, Red Peppers, Green Peppers, Tomatoes, Red Onions, Barbecue Sauce",The Barbecue Chicken Pizza
3094,1368,thai_ckn_m,1,1/23/2015,18:22:01,16.75,16.75,M,Chicken,"Chicken, Pineapple, Tomatoes, Red Peppers, Thai Sweet Chilli Sauce",The Thai Chicken Pizza
3095,1369,five_cheese_l,1,1/23/2015,18:31:59,18.5,18.5,L,Veggie,"Mozzarella Cheese, Provolone Cheese, Smoked Gouda Cheese, Romano Cheese, Blue Cheese, Garlic",The Five Cheese Pizza
3096,1369,four_cheese_m,1,1/23/2015,18:31:59,14.75,14.75,M,Veggie,"Ricotta Cheese, Gorgonzola Piccante Cheese, Mozzarella Cheese, Parmigiano Reggiano Cheese, Garlic",The Four Cheese Pizza
3097,1370,napolitana_m,1,1/23/2015,18:45:57,16,16,M,Classic,"Tomatoes, Anchovies, Green Olives, Red Onions, Garlic",The Napolitana Pizza
3098,1370,napolitana_s,1,1/23/2015,18:45:57,12,12,S,Classic,"Tomatoes, Anchovies, Green Olives, Red Onions, Garlic",The Napolitana Pizza
3099,1371,bbq_ckn_s,1,1/23/2015,18:54:00,12.75,12.75,S,Chicken,"Barbecued Chicken, Red Peppers, Green Peppers, Tomatoes, Red Onions, Barbecue Sauce",The Barbecue Chicken Pizza
3100,1372,big_meat_s,1,1/23/2015,18:57:10,12,12,S,Classic,"Bacon, Pepperoni, Italian Sausage, Chorizo Sausage",The Big Meat Pizza
3101,1372,ital_cpcllo_s,1,1/23/2015,18:57:10,12,12,S,Classic,"Capocollo, Red Peppers, Tomatoes, Goat Cheese, Garlic, Oregano",The Italian Capocollo Pizza
3102,1373,pepperoni_l,1,1/23/2015,19:00:30,15.25,15.25,L,Classic,"Mozzarella Cheese, Pepperoni",The Pepperoni Pizza
3103,1373,spicy_ital_s,1,1/23/2015,19:00:30,12.5,12.5,S,Supreme,"Capocollo, Tomatoes, Goat Cheese, Artichokes, Peperoncini verdi, Garlic",The Spicy Italian Pizza
3104,1374,hawaiian_s,1,1/23/2015,19:06:56,10.5,10.5,S,Classic,"Sliced Ham, Pineapple, Mozzarella Cheese",The Hawaiian Pizza
3105,1374,the_greek_l,1,1/23/2015,19:06:56,20.5,20.5,L,Classic,"Kalamata Olives, Feta Cheese, Tomatoes, Garlic, Beef Chuck Roast, Red Onions",The Greek Pizza
3106,1375,bbq_ckn_l,1,1/23/2015,19:12:48,20.75,20.75,L,Chicken,"Barbecued Chicken, Red Peppers, Green Peppers, Tomatoes, Red Onions, Barbecue Sauce",The Barbecue Chicken Pizza
3107,1375,bbq_ckn_m,1,1/23/2015,19:12:48,16.75,16.75,M,Chicken,"Barbecued Chicken, Red Peppers, Green Peppers, Tomatoes, Red Onions, Barbecue Sauce",The Barbecue Chicken Pizza
3108,1375,big_meat_s,1,1/23/2015,19:12:48,12,12,S,Classic,"Bacon, Pepperoni, Italian Sausage, Chorizo Sausage",The Big Meat Pizza
3109,1376,prsc_argla_l,1,1/23/2015,19:13:06,20.75,20.75,L,Supreme,"Prosciutto di San Daniele, Arugula, Mozzarella Cheese",The Prosciutto and Arugula Pizza
3110,1377,big_meat_s,1,1/23/2015,19:19:20,12,12,S,Classic,"Bacon, Pepperoni, Italian Sausage, Chorizo Sausage",The Big Meat Pizza
3111,1377,four_cheese_m,1,1/23/2015,19:19:20,14.75,14.75,M,Veggie,"Ricotta Cheese, Gorgonzola Piccante Cheese, Mozzarella Cheese, Parmigiano Reggiano Cheese, Garlic",The Four Cheese Pizza
3112,1377,ital_veggie_s,1,1/23/2015,19:19:20,12.75,12.75,S,Veggie,"Eggplant, Artichokes, Tomatoes, Zucchini, Red Peppers, Garlic, Pesto Sauce",The Italian Vegetables Pizza
3113,1377,mediterraneo_m,1,1/23/2015,19:19:20,16,16,M,Veggie,"Spinach, Artichokes, Kalamata Olives, Sun-dried Tomatoes, Feta Cheese, Plum Tomatoes, Red Onions",The Mediterranean Pizza
3114,1378,bbq_ckn_m,1,1/23/2015,19:23:24,16.75,16.75,M,Chicken,"Barbecued Chicken, Red Peppers, Green Peppers, Tomatoes, Red Onions, Barbecue Sauce",The Barbecue Chicken Pizza
3115,1378,four_cheese_l,1,1/23/2015,19:23:24,17.95,17.95,L,Veggie,"Ricotta Cheese, Gorgonzola Piccante Cheese, Mozzarella Cheese, Parmigiano Reggiano Cheese, Garlic",The Four Cheese Pizza
3116,1379,four_cheese_m,1,1/23/2015,19:33:07,14.75,14.75,M,Veggie,"Ricotta Cheese, Gorgonzola Piccante Cheese, Mozzarella Cheese, Parmigiano Reggiano Cheese, Garlic",The Four Cheese Pizza
3117,1379,prsc_argla_s,1,1/23/2015,19:33:07,12.5,12.5,S,Supreme,"Prosciutto di San Daniele, Arugula, Mozzarella Cheese",The Prosciutto and Arugula Pizza
3118,1379,soppressata_l,1,1/23/2015,19:33:07,20.75,20.75,L,Supreme,"Soppressata Salami, Fontina Cheese, Mozzarella Cheese, Mushrooms, Garlic",The Soppressata Pizza
3119,1380,ital_supr_m,1,1/23/2015,19:51:21,16.5,16.5,M,Supreme,"Calabrese Salami, Capocollo, Tomatoes, Red Onions, Green Olives, Garlic",The Italian Supreme Pizza
3120,1380,pepperoni_m,1,1/23/2015,19:51:21,12.5,12.5,M,Classic,"Mozzarella Cheese, Pepperoni",The Pepperoni Pizza
3121,1380,southw_ckn_l,1,1/23/2015,19:51:21,20.75,20.75,L,Chicken,"Chicken, Tomatoes, Red Peppers, Red Onions, Jalapeno Peppers, Corn, Cilantro, Chipotle Sauce",The Southwest Chicken Pizza
3122,1381,cali_ckn_l,1,1/23/2015,20:08:54,20.75,20.75,L,Chicken,"Chicken, Artichoke, Spinach, Garlic, Jalapeno Peppers, Fontina Cheese, Gouda Cheese",The California Chicken Pizza
3123,1381,spinach_fet_l,1,1/23/2015,20:08:54,20.25,20.25,L,Veggie,"Spinach, Mushrooms, Red Onions, Feta Cheese, Garlic",The Spinach and Feta Pizza
3124,1381,thai_ckn_l,1,1/23/2015,20:08:54,20.75,20.75,L,Chicken,"Chicken, Pineapple, Tomatoes, Red Peppers, Thai Sweet Chilli Sauce",The Thai Chicken Pizza
3125,1382,hawaiian_s,1,1/23/2015,20:11:35,10.5,10.5,S,Classic,"Sliced Ham, Pineapple, Mozzarella Cheese",The Hawaiian Pizza
3126,1382,mexicana_s,1,1/23/2015,20:11:35,12,12,S,Veggie,"Tomatoes, Red Peppers, Jalapeno Peppers, Red Onions, Cilantro, Corn, Chipotle Sauce, Garlic",The Mexicana Pizza
3127,1382,pepperoni_m,1,1/23/2015,20:11:35,12.5,12.5,M,Classic,"Mozzarella Cheese, Pepperoni",The Pepperoni Pizza
3128,1383,five_cheese_l,2,1/23/2015,20:24:59,18.5,37,L,Veggie,"Mozzarella Cheese, Provolone Cheese, Smoked Gouda Cheese, Romano Cheese, Blue Cheese, Garlic",The Five Cheese Pizza
3129,1384,classic_dlx_s,1,1/23/2015,20:31:01,12,12,S,Classic,"Pepperoni, Mushrooms, Red Onions, Red Peppers, Bacon",The Classic Deluxe Pizza
3130,1384,veggie_veg_l,1,1/23/2015,20:31:01,20.25,20.25,L,Veggie,"Mushrooms, Tomatoes, Red Peppers, Green Peppers, Red Onions, Zucchini, Spinach, Garlic",The Vegetables + Vegetables Pizza
3131,1385,ckn_pesto_s,1,1/23/2015,20:57:30,12.75,12.75,S,Chicken,"Chicken, Tomatoes, Red Peppers, Spinach, Garlic, Pesto Sauce",The Chicken Pesto Pizza
3132,1385,pep_msh_pep_s,1,1/23/2015,20:57:30,11,11,S,Classic,"Pepperoni, Mushrooms, Green Peppers","The Pepperoni, Mushroom, and Peppers Pizza"
3133,1386,bbq_ckn_l,1,1/23/2015,21:01:24,20.75,20.75,L,Chicken,"Barbecued Chicken, Red Peppers, Green Peppers, Tomatoes, Red Onions, Barbecue Sauce",The Barbecue Chicken Pizza
3134,1386,ital_cpcllo_l,1,1/23/2015,21:01:24,20.5,20.5,L,Classic,"Capocollo, Red Peppers, Tomatoes, Goat Cheese, Garlic, Oregano",The Italian Capocollo Pizza
3135,1387,napolitana_s,1,1/23/2015,21:11:38,12,12,S,Classic,"Tomatoes, Anchovies, Green Olives, Red Onions, Garlic",The Napolitana Pizza
3136,1387,sicilian_l,1,1/23/2015,21:11:38,20.25,20.25,L,Supreme,"Coarse Sicilian Salami, Tomatoes, Green Olives, Luganega Sausage, Onions, Garlic",The Sicilian Pizza
3137,1387,thai_ckn_l,1,1/23/2015,21:11:38,20.75,20.75,L,Chicken,"Chicken, Pineapple, Tomatoes, Red Peppers, Thai Sweet Chilli Sauce",The Thai Chicken Pizza
3138,1388,cali_ckn_l,1,1/23/2015,22:04:12,20.75,20.75,L,Chicken,"Chicken, Artichoke, Spinach, Garlic, Jalapeno Peppers, Fontina Cheese, Gouda Cheese",The California Chicken Pizza
3139,1389,classic_dlx_m,1,1/23/2015,22:05:37,16,16,M,Classic,"Pepperoni, Mushrooms, Red Onions, Red Peppers, Bacon",The Classic Deluxe Pizza
3140,1390,thai_ckn_l,1,1/24/2015,11:38:40,20.75,20.75,L,Chicken,"Chicken, Pineapple, Tomatoes, Red Peppers, Thai Sweet Chilli Sauce",The Thai Chicken Pizza
3141,1391,ital_supr_l,1,1/24/2015,12:26:08,20.75,20.75,L,Supreme,"Calabrese Salami, Capocollo, Tomatoes, Red Onions, Green Olives, Garlic",The Italian Supreme Pizza
3142,1391,soppressata_s,1,1/24/2015,12:26:08,12.5,12.5,S,Supreme,"Soppressata Salami, Fontina Cheese, Mozzarella Cheese, Mushrooms, Garlic",The Soppressata Pizza
3143,1391,spinach_supr_l,1,1/24/2015,12:26:08,20.75,20.75,L,Supreme,"Spinach, Red Onions, Pepperoni, Tomatoes, Artichokes, Kalamata Olives, Garlic, Asiago Cheese",The Spinach Supreme Pizza
3144,1391,spinach_supr_s,1,1/24/2015,12:26:08,12.5,12.5,S,Supreme,"Spinach, Red Onions, Pepperoni, Tomatoes, Artichokes, Kalamata Olives, Garlic, Asiago Cheese",The Spinach Supreme Pizza
3145,1392,green_garden_s,1,1/24/2015,12:37:39,12,12,S,Veggie,"Spinach, Mushrooms, Tomatoes, Green Olives, Feta Cheese",The Green Garden Pizza
3146,1392,napolitana_l,1,1/24/2015,12:37:39,20.5,20.5,L,Classic,"Tomatoes, Anchovies, Green Olives, Red Onions, Garlic",The Napolitana Pizza
3147,1393,bbq_ckn_m,1,1/24/2015,12:43:03,16.75,16.75,M,Chicken,"Barbecued Chicken, Red Peppers, Green Peppers, Tomatoes, Red Onions, Barbecue Sauce",The Barbecue Chicken Pizza
3148,1393,thai_ckn_s,1,1/24/2015,12:43:03,12.75,12.75,S,Chicken,"Chicken, Pineapple, Tomatoes, Red Peppers, Thai Sweet Chilli Sauce",The Thai Chicken Pizza
3149,1394,hawaiian_s,1,1/24/2015,13:25:55,10.5,10.5,S,Classic,"Sliced Ham, Pineapple, Mozzarella Cheese",The Hawaiian Pizza
3150,1395,thai_ckn_s,1,1/24/2015,13:32:52,12.75,12.75,S,Chicken,"Chicken, Pineapple, Tomatoes, Red Peppers, Thai Sweet Chilli Sauce",The Thai Chicken Pizza
3151,1396,ckn_pesto_s,1,1/24/2015,13:34:33,12.75,12.75,S,Chicken,"Chicken, Tomatoes, Red Peppers, Spinach, Garlic, Pesto Sauce",The Chicken Pesto Pizza
3152,1397,five_cheese_l,1,1/24/2015,13:56:25,18.5,18.5,L,Veggie,"Mozzarella Cheese, Provolone Cheese, Smoked Gouda Cheese, Romano Cheese, Blue Cheese, Garlic",The Five Cheese Pizza
3153,1398,classic_dlx_s,1,1/24/2015,14:04:36,12,12,S,Classic,"Pepperoni, Mushrooms, Red Onions, Red Peppers, Bacon",The Classic Deluxe Pizza
3154,1398,hawaiian_l,1,1/24/2015,14:04:36,16.5,16.5,L,Classic,"Sliced Ham, Pineapple, Mozzarella Cheese",The Hawaiian Pizza
3155,1398,spin_pesto_m,1,1/24/2015,14:04:36,16.5,16.5,M,Veggie,"Spinach, Artichokes, Tomatoes, Sun-dried Tomatoes, Garlic, Pesto Sauce",The Spinach Pesto Pizza
3156,1398,spin_pesto_s,1,1/24/2015,14:04:36,12.5,12.5,S,Veggie,"Spinach, Artichokes, Tomatoes, Sun-dried Tomatoes, Garlic, Pesto Sauce",The Spinach Pesto Pizza
3157,1398,thai_ckn_l,1,1/24/2015,14:04:36,20.75,20.75,L,Chicken,"Chicken, Pineapple, Tomatoes, Red Peppers, Thai Sweet Chilli Sauce",The Thai Chicken Pizza
3158,1398,thai_ckn_m,1,1/24/2015,14:04:36,16.75,16.75,M,Chicken,"Chicken, Pineapple, Tomatoes, Red Peppers, Thai Sweet Chilli Sauce",The Thai Chicken Pizza
3159,1399,big_meat_s,1,1/24/2015,14:07:38,12,12,S,Classic,"Bacon, Pepperoni, Italian Sausage, Chorizo Sausage",The Big Meat Pizza
3160,1399,napolitana_l,1,1/24/2015,14:07:38,20.5,20.5,L,Classic,"Tomatoes, Anchovies, Green Olives, Red Onions, Garlic",The Napolitana Pizza
3161,1399,prsc_argla_l,1,1/24/2015,14:07:38,20.75,20.75,L,Supreme,"Prosciutto di San Daniele, Arugula, Mozzarella Cheese",The Prosciutto and Arugula Pizza
3162,1399,thai_ckn_s,1,1/24/2015,14:07:38,12.75,12.75,S,Chicken,"Chicken, Pineapple, Tomatoes, Red Peppers, Thai Sweet Chilli Sauce",The Thai Chicken Pizza
3163,1400,classic_dlx_m,1,1/24/2015,14:08:26,16,16,M,Classic,"Pepperoni, Mushrooms, Red Onions, Red Peppers, Bacon",The Classic Deluxe Pizza
3164,1401,thai_ckn_s,1,1/24/2015,14:20:17,12.75,12.75,S,Chicken,"Chicken, Pineapple, Tomatoes, Red Peppers, Thai Sweet Chilli Sauce",The Thai Chicken Pizza
3165,1402,classic_dlx_s,1,1/24/2015,14:23:57,12,12,S,Classic,"Pepperoni, Mushrooms, Red Onions, Red Peppers, Bacon",The Classic Deluxe Pizza
3166,1402,hawaiian_s,1,1/24/2015,14:23:57,10.5,10.5,S,Classic,"Sliced Ham, Pineapple, Mozzarella Cheese",The Hawaiian Pizza
3167,1402,soppressata_s,1,1/24/2015,14:23:57,12.5,12.5,S,Supreme,"Soppressata Salami, Fontina Cheese, Mozzarella Cheese, Mushrooms, Garlic",The Soppressata Pizza
3168,1403,mexicana_s,1,1/24/2015,14:44:46,12,12,S,Veggie,"Tomatoes, Red Peppers, Jalapeno Peppers, Red Onions, Cilantro, Corn, Chipotle Sauce, Garlic",The Mexicana Pizza
3169,1404,green_garden_m,1,1/24/2015,14:59:38,16,16,M,Veggie,"Spinach, Mushrooms, Tomatoes, Green Olives, Feta Cheese",The Green Garden Pizza
3170,1404,peppr_salami_m,1,1/24/2015,14:59:38,16.5,16.5,M,Supreme,"Genoa Salami, Capocollo, Pepperoni, Tomatoes, Asiago Cheese, Garlic",The Pepper Salami Pizza
3171,1405,bbq_ckn_s,1,1/24/2015,15:00:13,12.75,12.75,S,Chicken,"Barbecued Chicken, Red Peppers, Green Peppers, Tomatoes, Red Onions, Barbecue Sauce",The Barbecue Chicken Pizza
3172,1405,cali_ckn_s,1,1/24/2015,15:00:13,12.75,12.75,S,Chicken,"Chicken, Artichoke, Spinach, Garlic, Jalapeno Peppers, Fontina Cheese, Gouda Cheese",The California Chicken Pizza
3173,1405,sicilian_l,1,1/24/2015,15:00:13,20.25,20.25,L,Supreme,"Coarse Sicilian Salami, Tomatoes, Green Olives, Luganega Sausage, Onions, Garlic",The Sicilian Pizza
3174,1406,classic_dlx_s,1,1/24/2015,15:08:57,12,12,S,Classic,"Pepperoni, Mushrooms, Red Onions, Red Peppers, Bacon",The Classic Deluxe Pizza
3175,1407,mexicana_s,1,1/24/2015,15:17:06,12,12,S,Veggie,"Tomatoes, Red Peppers, Jalapeno Peppers, Red Onions, Cilantro, Corn, Chipotle Sauce, Garlic",The Mexicana Pizza
3176,1408,pep_msh_pep_s,1,1/24/2015,16:05:14,11,11,S,Classic,"Pepperoni, Mushrooms, Green Peppers","The Pepperoni, Mushroom, and Peppers Pizza"
3177,1408,spinach_supr_s,1,1/24/2015,16:05:14,12.5,12.5,S,Supreme,"Spinach, Red Onions, Pepperoni, Tomatoes, Artichokes, Kalamata Olives, Garlic, Asiago Cheese",The Spinach Supreme Pizza
3178,1409,prsc_argla_s,1,1/24/2015,16:06:10,12.5,12.5,S,Supreme,"Prosciutto di San Daniele, Arugula, Mozzarella Cheese",The Prosciutto and Arugula Pizza
3179,1410,big_meat_s,1,1/24/2015,16:17:38,12,12,S,Classic,"Bacon, Pepperoni, Italian Sausage, Chorizo Sausage",The Big Meat Pizza
3180,1410,ital_veggie_s,1,1/24/2015,16:17:38,12.75,12.75,S,Veggie,"Eggplant, Artichokes, Tomatoes, Zucchini, Red Peppers, Garlic, Pesto Sauce",The Italian Vegetables Pizza
3181,1410,sicilian_s,1,1/24/2015,16:17:38,12.25,12.25,S,Supreme,"Coarse Sicilian Salami, Tomatoes, Green Olives, Luganega Sausage, Onions, Garlic",The Sicilian Pizza
3182,1411,pepperoni_s,1,1/24/2015,16:36:53,9.75,9.75,S,Classic,"Mozzarella Cheese, Pepperoni",The Pepperoni Pizza
3183,1411,spin_pesto_m,1,1/24/2015,16:36:53,16.5,16.5,M,Veggie,"Spinach, Artichokes, Tomatoes, Sun-dried Tomatoes, Garlic, Pesto Sauce",The Spinach Pesto Pizza
3184,1411,spinach_supr_s,1,1/24/2015,16:36:53,12.5,12.5,S,Supreme,"Spinach, Red Onions, Pepperoni, Tomatoes, Artichokes, Kalamata Olives, Garlic, Asiago Cheese",The Spinach Supreme Pizza
3185,1412,five_cheese_l,1,1/24/2015,16:39:31,18.5,18.5,L,Veggie,"Mozzarella Cheese, Provolone Cheese, Smoked Gouda Cheese, Romano Cheese, Blue Cheese, Garlic",The Five Cheese Pizza
3186,1412,spinach_fet_l,1,1/24/2015,16:39:31,20.25,20.25,L,Veggie,"Spinach, Mushrooms, Red Onions, Feta Cheese, Garlic",The Spinach and Feta Pizza
3187,1413,hawaiian_s,1,1/24/2015,16:48:03,10.5,10.5,S,Classic,"Sliced Ham, Pineapple, Mozzarella Cheese",The Hawaiian Pizza
3188,1413,ital_supr_s,1,1/24/2015,16:48:03,12.5,12.5,S,Supreme,"Calabrese Salami, Capocollo, Tomatoes, Red Onions, Green Olives, Garlic",The Italian Supreme Pizza
3189,1413,prsc_argla_m,1,1/24/2015,16:48:03,16.5,16.5,M,Supreme,"Prosciutto di San Daniele, Arugula, Mozzarella Cheese",The Prosciutto and Arugula Pizza
3190,1413,sicilian_m,1,1/24/2015,16:48:03,16.25,16.25,M,Supreme,"Coarse Sicilian Salami, Tomatoes, Green Olives, Luganega Sausage, Onions, Garlic",The Sicilian Pizza
3191,1414,sicilian_s,1,1/24/2015,16:49:15,12.25,12.25,S,Supreme,"Coarse Sicilian Salami, Tomatoes, Green Olives, Luganega Sausage, Onions, Garlic",The Sicilian Pizza
3192,1415,mexicana_l,1,1/24/2015,17:04:22,20.25,20.25,L,Veggie,"Tomatoes, Red Peppers, Jalapeno Peppers, Red Onions, Cilantro, Corn, Chipotle Sauce, Garlic",The Mexicana Pizza
3193,1416,cali_ckn_m,1,1/24/2015,17:18:39,16.75,16.75,M,Chicken,"Chicken, Artichoke, Spinach, Garlic, Jalapeno Peppers, Fontina Cheese, Gouda Cheese",The California Chicken Pizza
3194,1416,peppr_salami_l,1,1/24/2015,17:18:39,20.75,20.75,L,Supreme,"Genoa Salami, Capocollo, Pepperoni, Tomatoes, Asiago Cheese, Garlic",The Pepper Salami Pizza
3195,1416,prsc_argla_l,1,1/24/2015,17:18:39,20.75,20.75,L,Supreme,"Prosciutto di San Daniele, Arugula, Mozzarella Cheese",The Prosciutto and Arugula Pizza
3196,1416,soppressata_m,1,1/24/2015,17:18:39,16.5,16.5,M,Supreme,"Soppressata Salami, Fontina Cheese, Mozzarella Cheese, Mushrooms, Garlic",The Soppressata Pizza
3197,1417,ital_cpcllo_s,1,1/24/2015,17:31:05,12,12,S,Classic,"Capocollo, Red Peppers, Tomatoes, Goat Cheese, Garlic, Oregano",The Italian Capocollo Pizza
3198,1417,ital_supr_m,1,1/24/2015,17:31:05,16.5,16.5,M,Supreme,"Calabrese Salami, Capocollo, Tomatoes, Red Onions, Green Olives, Garlic",The Italian Supreme Pizza
3199,1417,mexicana_l,1,1/24/2015,17:31:05,20.25,20.25,L,Veggie,"Tomatoes, Red Peppers, Jalapeno Peppers, Red Onions, Cilantro, Corn, Chipotle Sauce, Garlic",The Mexicana Pizza
3200,1417,napolitana_m,1,1/24/2015,17:31:05,16,16,M,Classic,"Tomatoes, Anchovies, Green Olives, Red Onions, Garlic",The Napolitana Pizza
3201,1418,sicilian_s,1,1/24/2015,17:50:34,12.25,12.25,S,Supreme,"Coarse Sicilian Salami, Tomatoes, Green Olives, Luganega Sausage, Onions, Garlic",The Sicilian Pizza
3202,1419,napolitana_l,1,1/24/2015,18:07:48,20.5,20.5,L,Classic,"Tomatoes, Anchovies, Green Olives, Red Onions, Garlic",The Napolitana Pizza
3203,1419,veggie_veg_l,1,1/24/2015,18:07:48,20.25,20.25,L,Veggie,"Mushrooms, Tomatoes, Red Peppers, Green Peppers, Red Onions, Zucchini, Spinach, Garlic",The Vegetables + Vegetables Pizza
3204,1420,brie_carre_s,1,1/24/2015,18:10:44,23.65,23.65,S,Supreme,"Brie Carre Cheese, Prosciutto, Caramelized Onions, Pears, Thyme, Garlic",The Brie Carre Pizza
3205,1420,calabrese_l,1,1/24/2015,18:10:44,20.25,20.25,L,Supreme,"æ…›duja Salami, Pancetta, Tomatoes, Red Onions, Friggitello Peppers, Garlic",The Calabrese Pizza
3206,1420,spin_pesto_s,1,1/24/2015,18:10:44,12.5,12.5,S,Veggie,"Spinach, Artichokes, Tomatoes, Sun-dried Tomatoes, Garlic, Pesto Sauce",The Spinach Pesto Pizza
3207,1421,spicy_ital_l,1,1/24/2015,18:17:01,20.75,20.75,L,Supreme,"Capocollo, Tomatoes, Goat Cheese, Artichokes, Peperoncini verdi, Garlic",The Spicy Italian Pizza
3208,1422,mexicana_l,1,1/24/2015,18:26:42,20.25,20.25,L,Veggie,"Tomatoes, Red Peppers, Jalapeno Peppers, Red Onions, Cilantro, Corn, Chipotle Sauce, Garlic",The Mexicana Pizza
3209,1422,thai_ckn_l,1,1/24/2015,18:26:42,20.75,20.75,L,Chicken,"Chicken, Pineapple, Tomatoes, Red Peppers, Thai Sweet Chilli Sauce",The Thai Chicken Pizza
3210,1423,big_meat_s,1,1/24/2015,18:32:23,12,12,S,Classic,"Bacon, Pepperoni, Italian Sausage, Chorizo Sausage",The Big Meat Pizza
3211,1423,classic_dlx_m,1,1/24/2015,18:32:23,16,16,M,Classic,"Pepperoni, Mushrooms, Red Onions, Red Peppers, Bacon",The Classic Deluxe Pizza
3212,1423,prsc_argla_s,1,1/24/2015,18:32:23,12.5,12.5,S,Supreme,"Prosciutto di San Daniele, Arugula, Mozzarella Cheese",The Prosciutto and Arugula Pizza
3213,1424,peppr_salami_l,1,1/24/2015,18:43:24,20.75,20.75,L,Supreme,"Genoa Salami, Capocollo, Pepperoni, Tomatoes, Asiago Cheese, Garlic",The Pepper Salami Pizza
3214,1424,veggie_veg_m,1,1/24/2015,18:43:24,16,16,M,Veggie,"Mushrooms, Tomatoes, Red Peppers, Green Peppers, Red Onions, Zucchini, Spinach, Garlic",The Vegetables + Vegetables Pizza
3215,1425,cali_ckn_m,1,1/24/2015,18:50:51,16.75,16.75,M,Chicken,"Chicken, Artichoke, Spinach, Garlic, Jalapeno Peppers, Fontina Cheese, Gouda Cheese",The California Chicken Pizza
3216,1425,mediterraneo_l,1,1/24/2015,18:50:51,20.25,20.25,L,Veggie,"Spinach, Artichokes, Kalamata Olives, Sun-dried Tomatoes, Feta Cheese, Plum Tomatoes, Red Onions",The Mediterranean Pizza
3217,1425,thai_ckn_l,1,1/24/2015,18:50:51,20.75,20.75,L,Chicken,"Chicken, Pineapple, Tomatoes, Red Peppers, Thai Sweet Chilli Sauce",The Thai Chicken Pizza
3218,1426,peppr_salami_l,1,1/24/2015,19:06:06,20.75,20.75,L,Supreme,"Genoa Salami, Capocollo, Pepperoni, Tomatoes, Asiago Cheese, Garlic",The Pepper Salami Pizza
3219,1427,five_cheese_l,1,1/24/2015,19:26:06,18.5,18.5,L,Veggie,"Mozzarella Cheese, Provolone Cheese, Smoked Gouda Cheese, Romano Cheese, Blue Cheese, Garlic",The Five Cheese Pizza
3220,1427,ital_supr_m,1,1/24/2015,19:26:06,16.5,16.5,M,Supreme,"Calabrese Salami, Capocollo, Tomatoes, Red Onions, Green Olives, Garlic",The Italian Supreme Pizza
3221,1427,prsc_argla_l,1,1/24/2015,19:26:06,20.75,20.75,L,Supreme,"Prosciutto di San Daniele, Arugula, Mozzarella Cheese",The Prosciutto and Arugula Pizza
3222,1428,ckn_pesto_l,1,1/24/2015,19:33:57,20.75,20.75,L,Chicken,"Chicken, Tomatoes, Red Peppers, Spinach, Garlic, Pesto Sauce",The Chicken Pesto Pizza
3223,1428,veggie_veg_s,1,1/24/2015,19:33:57,12,12,S,Veggie,"Mushrooms, Tomatoes, Red Peppers, Green Peppers, Red Onions, Zucchini, Spinach, Garlic",The Vegetables + Vegetables Pizza
3224,1429,classic_dlx_l,1,1/24/2015,19:36:22,20.5,20.5,L,Classic,"Pepperoni, Mushrooms, Red Onions, Red Peppers, Bacon",The Classic Deluxe Pizza
3225,1429,five_cheese_l,1,1/24/2015,19:36:22,18.5,18.5,L,Veggie,"Mozzarella Cheese, Provolone Cheese, Smoked Gouda Cheese, Romano Cheese, Blue Cheese, Garlic",The Five Cheese Pizza
3226,1429,pep_msh_pep_l,1,1/24/2015,19:36:22,17.5,17.5,L,Classic,"Pepperoni, Mushrooms, Green Peppers","The Pepperoni, Mushroom, and Peppers Pizza"
3227,1429,peppr_salami_m,1,1/24/2015,19:36:22,16.5,16.5,M,Supreme,"Genoa Salami, Capocollo, Pepperoni, Tomatoes, Asiago Cheese, Garlic",The Pepper Salami Pizza
3228,1430,cali_ckn_m,1,1/24/2015,19:39:56,16.75,16.75,M,Chicken,"Chicken, Artichoke, Spinach, Garlic, Jalapeno Peppers, Fontina Cheese, Gouda Cheese",The California Chicken Pizza
3229,1430,ital_veggie_l,1,1/24/2015,19:39:56,21,21,L,Veggie,"Eggplant, Artichokes, Tomatoes, Zucchini, Red Peppers, Garlic, Pesto Sauce",The Italian Vegetables Pizza
3230,1430,the_greek_xl,1,1/24/2015,19:39:56,25.5,25.5,XL,Classic,"Kalamata Olives, Feta Cheese, Tomatoes, Garlic, Beef Chuck Roast, Red Onions",The Greek Pizza
3231,1431,mexicana_m,1,1/24/2015,19:40:03,16,16,M,Veggie,"Tomatoes, Red Peppers, Jalapeno Peppers, Red Onions, Cilantro, Corn, Chipotle Sauce, Garlic",The Mexicana Pizza
3232,1432,cali_ckn_m,1,1/24/2015,19:41:52,16.75,16.75,M,Chicken,"Chicken, Artichoke, Spinach, Garlic, Jalapeno Peppers, Fontina Cheese, Gouda Cheese",The California Chicken Pizza
3233,1432,ital_supr_l,1,1/24/2015,19:41:52,20.75,20.75,L,Supreme,"Calabrese Salami, Capocollo, Tomatoes, Red Onions, Green Olives, Garlic",The Italian Supreme Pizza
3234,1432,ital_veggie_m,1,1/24/2015,19:41:52,16.75,16.75,M,Veggie,"Eggplant, Artichokes, Tomatoes, Zucchini, Red Peppers, Garlic, Pesto Sauce",The Italian Vegetables Pizza
3235,1433,ital_cpcllo_s,1,1/24/2015,19:43:23,12,12,S,Classic,"Capocollo, Red Peppers, Tomatoes, Goat Cheese, Garlic, Oregano",The Italian Capocollo Pizza
3236,1433,prsc_argla_s,1,1/24/2015,19:43:23,12.5,12.5,S,Supreme,"Prosciutto di San Daniele, Arugula, Mozzarella Cheese",The Prosciutto and Arugula Pizza
3237,1434,brie_carre_s,1,1/24/2015,19:43:40,23.65,23.65,S,Supreme,"Brie Carre Cheese, Prosciutto, Caramelized Onions, Pears, Thyme, Garlic",The Brie Carre Pizza
3238,1434,mexicana_l,1,1/24/2015,19:43:40,20.25,20.25,L,Veggie,"Tomatoes, Red Peppers, Jalapeno Peppers, Red Onions, Cilantro, Corn, Chipotle Sauce, Garlic",The Mexicana Pizza
3239,1435,ital_supr_l,1,1/24/2015,19:44:56,20.75,20.75,L,Supreme,"Calabrese Salami, Capocollo, Tomatoes, Red Onions, Green Olives, Garlic",The Italian Supreme Pizza
3240,1435,prsc_argla_m,1,1/24/2015,19:44:56,16.5,16.5,M,Supreme,"Prosciutto di San Daniele, Arugula, Mozzarella Cheese",The Prosciutto and Arugula Pizza
3241,1435,sicilian_s,1,1/24/2015,19:44:56,12.25,12.25,S,Supreme,"Coarse Sicilian Salami, Tomatoes, Green Olives, Luganega Sausage, Onions, Garlic",The Sicilian Pizza
3242,1435,the_greek_s,1,1/24/2015,19:44:56,12,12,S,Classic,"Kalamata Olives, Feta Cheese, Tomatoes, Garlic, Beef Chuck Roast, Red Onions",The Greek Pizza
3243,1436,green_garden_m,1,1/24/2015,19:46:06,16,16,M,Veggie,"Spinach, Mushrooms, Tomatoes, Green Olives, Feta Cheese",The Green Garden Pizza
3244,1436,spin_pesto_s,1,1/24/2015,19:46:06,12.5,12.5,S,Veggie,"Spinach, Artichokes, Tomatoes, Sun-dried Tomatoes, Garlic, Pesto Sauce",The Spinach Pesto Pizza
3245,1436,the_greek_s,1,1/24/2015,19:46:06,12,12,S,Classic,"Kalamata Olives, Feta Cheese, Tomatoes, Garlic, Beef Chuck Roast, Red Onions",The Greek Pizza
3246,1437,bbq_ckn_s,1,1/24/2015,19:47:50,12.75,12.75,S,Chicken,"Barbecued Chicken, Red Peppers, Green Peppers, Tomatoes, Red Onions, Barbecue Sauce",The Barbecue Chicken Pizza
3247,1438,green_garden_m,1,1/24/2015,19:54:07,16,16,M,Veggie,"Spinach, Mushrooms, Tomatoes, Green Olives, Feta Cheese",The Green Garden Pizza
3248,1438,ital_supr_m,1,1/24/2015,19:54:07,16.5,16.5,M,Supreme,"Calabrese Salami, Capocollo, Tomatoes, Red Onions, Green Olives, Garlic",The Italian Supreme Pizza
3249,1439,peppr_salami_l,1,1/24/2015,19:56:32,20.75,20.75,L,Supreme,"Genoa Salami, Capocollo, Pepperoni, Tomatoes, Asiago Cheese, Garlic",The Pepper Salami Pizza
3250,1439,veggie_veg_s,1,1/24/2015,19:56:32,12,12,S,Veggie,"Mushrooms, Tomatoes, Red Peppers, Green Peppers, Red Onions, Zucchini, Spinach, Garlic",The Vegetables + Vegetables Pizza
3251,1440,classic_dlx_l,1,1/24/2015,19:56:33,20.5,20.5,L,Classic,"Pepperoni, Mushrooms, Red Onions, Red Peppers, Bacon",The Classic Deluxe Pizza
3252,1441,ital_supr_s,1,1/24/2015,20:13:00,12.5,12.5,S,Supreme,"Calabrese Salami, Capocollo, Tomatoes, Red Onions, Green Olives, Garlic",The Italian Supreme Pizza
3253,1441,southw_ckn_l,1,1/24/2015,20:13:00,20.75,20.75,L,Chicken,"Chicken, Tomatoes, Red Peppers, Red Onions, Jalapeno Peppers, Corn, Cilantro, Chipotle Sauce",The Southwest Chicken Pizza
3254,1442,ckn_alfredo_m,1,1/24/2015,20:21:20,16.75,16.75,M,Chicken,"Chicken, Red Onions, Red Peppers, Mushrooms, Asiago Cheese, Alfredo Sauce",The Chicken Alfredo Pizza
3255,1442,spinach_fet_m,1,1/24/2015,20:21:20,16,16,M,Veggie,"Spinach, Mushrooms, Red Onions, Feta Cheese, Garlic",The Spinach and Feta Pizza
3256,1442,spinach_fet_s,1,1/24/2015,20:21:20,12,12,S,Veggie,"Spinach, Mushrooms, Red Onions, Feta Cheese, Garlic",The Spinach and Feta Pizza
3257,1442,veggie_veg_s,1,1/24/2015,20:21:20,12,12,S,Veggie,"Mushrooms, Tomatoes, Red Peppers, Green Peppers, Red Onions, Zucchini, Spinach, Garlic",The Vegetables + Vegetables Pizza
3258,1443,classic_dlx_m,1,1/24/2015,20:23:34,16,16,M,Classic,"Pepperoni, Mushrooms, Red Onions, Red Peppers, Bacon",The Classic Deluxe Pizza
3259,1443,pepperoni_s,1,1/24/2015,20:23:34,9.75,9.75,S,Classic,"Mozzarella Cheese, Pepperoni",The Pepperoni Pizza
3260,1444,ital_cpcllo_l,1,1/24/2015,20:29:10,20.5,20.5,L,Classic,"Capocollo, Red Peppers, Tomatoes, Goat Cheese, Garlic, Oregano",The Italian Capocollo Pizza
3261,1445,big_meat_s,1,1/24/2015,20:29:40,12,12,S,Classic,"Bacon, Pepperoni, Italian Sausage, Chorizo Sausage",The Big Meat Pizza
3262,1445,calabrese_m,1,1/24/2015,20:29:40,16.25,16.25,M,Supreme,"æ…›duja Salami, Pancetta, Tomatoes, Red Onions, Friggitello Peppers, Garlic",The Calabrese Pizza
3263,1445,cali_ckn_m,1,1/24/2015,20:29:40,16.75,16.75,M,Chicken,"Chicken, Artichoke, Spinach, Garlic, Jalapeno Peppers, Fontina Cheese, Gouda Cheese",The California Chicken Pizza
3264,1445,thai_ckn_l,1,1/24/2015,20:29:40,20.75,20.75,L,Chicken,"Chicken, Pineapple, Tomatoes, Red Peppers, Thai Sweet Chilli Sauce",The Thai Chicken Pizza
3265,1446,ckn_alfredo_l,1,1/24/2015,20:40:47,20.75,20.75,L,Chicken,"Chicken, Red Onions, Red Peppers, Mushrooms, Asiago Cheese, Alfredo Sauce",The Chicken Alfredo Pizza
3266,1446,napolitana_l,1,1/24/2015,20:40:47,20.5,20.5,L,Classic,"Tomatoes, Anchovies, Green Olives, Red Onions, Garlic",The Napolitana Pizza
3267,1447,four_cheese_m,1,1/24/2015,20:41:28,14.75,14.75,M,Veggie,"Ricotta Cheese, Gorgonzola Piccante Cheese, Mozzarella Cheese, Parmigiano Reggiano Cheese, Garlic",The Four Cheese Pizza
3268,1447,prsc_argla_s,1,1/24/2015,20:41:28,12.5,12.5,S,Supreme,"Prosciutto di San Daniele, Arugula, Mozzarella Cheese",The Prosciutto and Arugula Pizza
3269,1448,ital_supr_m,1,1/24/2015,20:59:29,16.5,16.5,M,Supreme,"Calabrese Salami, Capocollo, Tomatoes, Red Onions, Green Olives, Garlic",The Italian Supreme Pizza
3270,1449,southw_ckn_l,1,1/24/2015,21:12:27,20.75,20.75,L,Chicken,"Chicken, Tomatoes, Red Peppers, Red Onions, Jalapeno Peppers, Corn, Cilantro, Chipotle Sauce",The Southwest Chicken Pizza
3271,1449,spicy_ital_s,1,1/24/2015,21:12:27,12.5,12.5,S,Supreme,"Capocollo, Tomatoes, Goat Cheese, Artichokes, Peperoncini verdi, Garlic",The Spicy Italian Pizza
3272,1450,bbq_ckn_l,1,1/24/2015,21:23:08,20.75,20.75,L,Chicken,"Barbecued Chicken, Red Peppers, Green Peppers, Tomatoes, Red Onions, Barbecue Sauce",The Barbecue Chicken Pizza
3273,1450,bbq_ckn_m,1,1/24/2015,21:23:08,16.75,16.75,M,Chicken,"Barbecued Chicken, Red Peppers, Green Peppers, Tomatoes, Red Onions, Barbecue Sauce",The Barbecue Chicken Pizza
3274,1450,five_cheese_l,1,1/24/2015,21:23:08,18.5,18.5,L,Veggie,"Mozzarella Cheese, Provolone Cheese, Smoked Gouda Cheese, Romano Cheese, Blue Cheese, Garlic",The Five Cheese Pizza
3275,1450,pepperoni_l,1,1/24/2015,21:23:08,15.25,15.25,L,Classic,"Mozzarella Cheese, Pepperoni",The Pepperoni Pizza
3276,1451,five_cheese_l,1,1/24/2015,21:23:59,18.5,18.5,L,Veggie,"Mozzarella Cheese, Provolone Cheese, Smoked Gouda Cheese, Romano Cheese, Blue Cheese, Garlic",The Five Cheese Pizza
3277,1451,four_cheese_l,1,1/24/2015,21:23:59,17.95,17.95,L,Veggie,"Ricotta Cheese, Gorgonzola Piccante Cheese, Mozzarella Cheese, Parmigiano Reggiano Cheese, Garlic",The Four Cheese Pizza
3278,1451,hawaiian_s,1,1/24/2015,21:23:59,10.5,10.5,S,Classic,"Sliced Ham, Pineapple, Mozzarella Cheese",The Hawaiian Pizza
3279,1451,pep_msh_pep_m,1,1/24/2015,21:23:59,14.5,14.5,M,Classic,"Pepperoni, Mushrooms, Green Peppers","The Pepperoni, Mushroom, and Peppers Pizza"
3280,1452,mediterraneo_s,1,1/24/2015,22:32:11,12,12,S,Veggie,"Spinach, Artichokes, Kalamata Olives, Sun-dried Tomatoes, Feta Cheese, Plum Tomatoes, Red Onions",The Mediterranean Pizza
3281,1452,prsc_argla_s,1,1/24/2015,22:32:11,12.5,12.5,S,Supreme,"Prosciutto di San Daniele, Arugula, Mozzarella Cheese",The Prosciutto and Arugula Pizza
3282,1453,calabrese_m,1,1/25/2015,12:24:36,16.25,16.25,M,Supreme,"æ…›duja Salami, Pancetta, Tomatoes, Red Onions, Friggitello Peppers, Garlic",The Calabrese Pizza
3283,1453,soppressata_s,1,1/25/2015,12:24:36,12.5,12.5,S,Supreme,"Soppressata Salami, Fontina Cheese, Mozzarella Cheese, Mushrooms, Garlic",The Soppressata Pizza
3284,1453,southw_ckn_l,1,1/25/2015,12:24:36,20.75,20.75,L,Chicken,"Chicken, Tomatoes, Red Peppers, Red Onions, Jalapeno Peppers, Corn, Cilantro, Chipotle Sauce",The Southwest Chicken Pizza
3285,1453,thai_ckn_s,1,1/25/2015,12:24:36,12.75,12.75,S,Chicken,"Chicken, Pineapple, Tomatoes, Red Peppers, Thai Sweet Chilli Sauce",The Thai Chicken Pizza
3286,1454,hawaiian_s,1,1/25/2015,12:27:51,10.5,10.5,S,Classic,"Sliced Ham, Pineapple, Mozzarella Cheese",The Hawaiian Pizza
3287,1454,the_greek_m,1,1/25/2015,12:27:51,16,16,M,Classic,"Kalamata Olives, Feta Cheese, Tomatoes, Garlic, Beef Chuck Roast, Red Onions",The Greek Pizza
3288,1455,hawaiian_s,1,1/25/2015,13:30:03,10.5,10.5,S,Classic,"Sliced Ham, Pineapple, Mozzarella Cheese",The Hawaiian Pizza
3289,1456,bbq_ckn_l,1,1/25/2015,13:35:14,20.75,20.75,L,Chicken,"Barbecued Chicken, Red Peppers, Green Peppers, Tomatoes, Red Onions, Barbecue Sauce",The Barbecue Chicken Pizza
3290,1457,bbq_ckn_s,1,1/25/2015,13:35:53,12.75,12.75,S,Chicken,"Barbecued Chicken, Red Peppers, Green Peppers, Tomatoes, Red Onions, Barbecue Sauce",The Barbecue Chicken Pizza
3291,1457,big_meat_s,1,1/25/2015,13:35:53,12,12,S,Classic,"Bacon, Pepperoni, Italian Sausage, Chorizo Sausage",The Big Meat Pizza
3292,1457,brie_carre_s,1,1/25/2015,13:35:53,23.65,23.65,S,Supreme,"Brie Carre Cheese, Prosciutto, Caramelized Onions, Pears, Thyme, Garlic",The Brie Carre Pizza
3293,1457,classic_dlx_m,1,1/25/2015,13:35:53,16,16,M,Classic,"Pepperoni, Mushrooms, Red Onions, Red Peppers, Bacon",The Classic Deluxe Pizza
3294,1457,five_cheese_l,1,1/25/2015,13:35:53,18.5,18.5,L,Veggie,"Mozzarella Cheese, Provolone Cheese, Smoked Gouda Cheese, Romano Cheese, Blue Cheese, Garlic",The Five Cheese Pizza
3295,1457,pep_msh_pep_m,1,1/25/2015,13:35:53,14.5,14.5,M,Classic,"Pepperoni, Mushrooms, Green Peppers","The Pepperoni, Mushroom, and Peppers Pizza"
3296,1457,southw_ckn_l,1,1/25/2015,13:35:53,20.75,20.75,L,Chicken,"Chicken, Tomatoes, Red Peppers, Red Onions, Jalapeno Peppers, Corn, Cilantro, Chipotle Sauce",The Southwest Chicken Pizza
3297,1457,spicy_ital_s,2,1/25/2015,13:35:53,12.5,25,S,Supreme,"Capocollo, Tomatoes, Goat Cheese, Artichokes, Peperoncini verdi, Garlic",The Spicy Italian Pizza
3298,1457,thai_ckn_l,1,1/25/2015,13:35:53,20.75,20.75,L,Chicken,"Chicken, Pineapple, Tomatoes, Red Peppers, Thai Sweet Chilli Sauce",The Thai Chicken Pizza
3299,1457,veggie_veg_m,1,1/25/2015,13:35:53,16,16,M,Veggie,"Mushrooms, Tomatoes, Red Peppers, Green Peppers, Red Onions, Zucchini, Spinach, Garlic",The Vegetables + Vegetables Pizza
3300,1458,cali_ckn_m,1,1/25/2015,13:46:05,16.75,16.75,M,Chicken,"Chicken, Artichoke, Spinach, Garlic, Jalapeno Peppers, Fontina Cheese, Gouda Cheese",The California Chicken Pizza
3301,1458,ital_cpcllo_m,1,1/25/2015,13:46:05,16,16,M,Classic,"Capocollo, Red Peppers, Tomatoes, Goat Cheese, Garlic, Oregano",The Italian Capocollo Pizza
3302,1458,napolitana_m,1,1/25/2015,13:46:05,16,16,M,Classic,"Tomatoes, Anchovies, Green Olives, Red Onions, Garlic",The Napolitana Pizza
3303,1458,prsc_argla_s,1,1/25/2015,13:46:05,12.5,12.5,S,Supreme,"Prosciutto di San Daniele, Arugula, Mozzarella Cheese",The Prosciutto and Arugula Pizza
3304,1459,mediterraneo_m,1,1/25/2015,14:01:11,16,16,M,Veggie,"Spinach, Artichokes, Kalamata Olives, Sun-dried Tomatoes, Feta Cheese, Plum Tomatoes, Red Onions",The Mediterranean Pizza
3305,1459,mexicana_s,1,1/25/2015,14:01:11,12,12,S,Veggie,"Tomatoes, Red Peppers, Jalapeno Peppers, Red Onions, Cilantro, Corn, Chipotle Sauce, Garlic",The Mexicana Pizza
3306,1460,spinach_supr_m,1,1/25/2015,14:17:13,16.5,16.5,M,Supreme,"Spinach, Red Onions, Pepperoni, Tomatoes, Artichokes, Kalamata Olives, Garlic, Asiago Cheese",The Spinach Supreme Pizza
3307,1461,classic_dlx_s,1,1/25/2015,14:21:02,12,12,S,Classic,"Pepperoni, Mushrooms, Red Onions, Red Peppers, Bacon",The Classic Deluxe Pizza
3308,1461,four_cheese_l,1,1/25/2015,14:21:02,17.95,17.95,L,Veggie,"Ricotta Cheese, Gorgonzola Piccante Cheese, Mozzarella Cheese, Parmigiano Reggiano Cheese, Garlic",The Four Cheese Pizza
3309,1461,mediterraneo_l,1,1/25/2015,14:21:02,20.25,20.25,L,Veggie,"Spinach, Artichokes, Kalamata Olives, Sun-dried Tomatoes, Feta Cheese, Plum Tomatoes, Red Onions",The Mediterranean Pizza
3310,1461,napolitana_l,1,1/25/2015,14:21:02,20.5,20.5,L,Classic,"Tomatoes, Anchovies, Green Olives, Red Onions, Garlic",The Napolitana Pizza
3311,1461,spinach_fet_l,1,1/25/2015,14:21:02,20.25,20.25,L,Veggie,"Spinach, Mushrooms, Red Onions, Feta Cheese, Garlic",The Spinach and Feta Pizza
3312,1462,spinach_fet_s,1,1/25/2015,14:32:07,12,12,S,Veggie,"Spinach, Mushrooms, Red Onions, Feta Cheese, Garlic",The Spinach and Feta Pizza
3313,1463,mexicana_s,1,1/25/2015,14:32:44,12,12,S,Veggie,"Tomatoes, Red Peppers, Jalapeno Peppers, Red Onions, Cilantro, Corn, Chipotle Sauce, Garlic",The Mexicana Pizza
3314,1464,bbq_ckn_l,1,1/25/2015,14:43:49,20.75,20.75,L,Chicken,"Barbecued Chicken, Red Peppers, Green Peppers, Tomatoes, Red Onions, Barbecue Sauce",The Barbecue Chicken Pizza
3315,1465,hawaiian_s,1,1/25/2015,14:45:05,10.5,10.5,S,Classic,"Sliced Ham, Pineapple, Mozzarella Cheese",The Hawaiian Pizza
3316,1465,peppr_salami_l,1,1/25/2015,14:45:05,20.75,20.75,L,Supreme,"Genoa Salami, Capocollo, Pepperoni, Tomatoes, Asiago Cheese, Garlic",The Pepper Salami Pizza
3317,1466,pepperoni_s,1,1/25/2015,14:48:05,9.75,9.75,S,Classic,"Mozzarella Cheese, Pepperoni",The Pepperoni Pizza
3318,1466,thai_ckn_s,1,1/25/2015,14:48:05,12.75,12.75,S,Chicken,"Chicken, Pineapple, Tomatoes, Red Peppers, Thai Sweet Chilli Sauce",The Thai Chicken Pizza
3319,1467,bbq_ckn_l,1,1/25/2015,14:50:29,20.75,20.75,L,Chicken,"Barbecued Chicken, Red Peppers, Green Peppers, Tomatoes, Red Onions, Barbecue Sauce",The Barbecue Chicken Pizza
3320,1468,bbq_ckn_m,1,1/25/2015,15:05:16,16.75,16.75,M,Chicken,"Barbecued Chicken, Red Peppers, Green Peppers, Tomatoes, Red Onions, Barbecue Sauce",The Barbecue Chicken Pizza
3321,1468,peppr_salami_l,1,1/25/2015,15:05:16,20.75,20.75,L,Supreme,"Genoa Salami, Capocollo, Pepperoni, Tomatoes, Asiago Cheese, Garlic",The Pepper Salami Pizza
3322,1469,calabrese_s,1,1/25/2015,15:23:21,12.25,12.25,S,Supreme,"æ…›duja Salami, Pancetta, Tomatoes, Red Onions, Friggitello Peppers, Garlic",The Calabrese Pizza
3323,1469,prsc_argla_m,1,1/25/2015,15:23:21,16.5,16.5,M,Supreme,"Prosciutto di San Daniele, Arugula, Mozzarella Cheese",The Prosciutto and Arugula Pizza
3324,1470,bbq_ckn_l,1,1/25/2015,15:29:05,20.75,20.75,L,Chicken,"Barbecued Chicken, Red Peppers, Green Peppers, Tomatoes, Red Onions, Barbecue Sauce",The Barbecue Chicken Pizza
3325,1470,sicilian_s,1,1/25/2015,15:29:05,12.25,12.25,S,Supreme,"Coarse Sicilian Salami, Tomatoes, Green Olives, Luganega Sausage, Onions, Garlic",The Sicilian Pizza
3326,1471,big_meat_s,1,1/25/2015,16:07:00,12,12,S,Classic,"Bacon, Pepperoni, Italian Sausage, Chorizo Sausage",The Big Meat Pizza
3327,1471,calabrese_l,1,1/25/2015,16:07:00,20.25,20.25,L,Supreme,"æ…›duja Salami, Pancetta, Tomatoes, Red Onions, Friggitello Peppers, Garlic",The Calabrese Pizza
3328,1471,cali_ckn_m,1,1/25/2015,16:07:00,16.75,16.75,M,Chicken,"Chicken, Artichoke, Spinach, Garlic, Jalapeno Peppers, Fontina Cheese, Gouda Cheese",The California Chicken Pizza
3329,1471,four_cheese_l,1,1/25/2015,16:07:00,17.95,17.95,L,Veggie,"Ricotta Cheese, Gorgonzola Piccante Cheese, Mozzarella Cheese, Parmigiano Reggiano Cheese, Garlic",The Four Cheese Pizza
3330,1472,mexicana_m,1,1/25/2015,16:32:36,16,16,M,Veggie,"Tomatoes, Red Peppers, Jalapeno Peppers, Red Onions, Cilantro, Corn, Chipotle Sauce, Garlic",The Mexicana Pizza
3331,1472,veggie_veg_l,1,1/25/2015,16:32:36,20.25,20.25,L,Veggie,"Mushrooms, Tomatoes, Red Peppers, Green Peppers, Red Onions, Zucchini, Spinach, Garlic",The Vegetables + Vegetables Pizza
3332,1473,prsc_argla_m,1,1/25/2015,16:36:54,16.5,16.5,M,Supreme,"Prosciutto di San Daniele, Arugula, Mozzarella Cheese",The Prosciutto and Arugula Pizza
3333,1473,prsc_argla_s,1,1/25/2015,16:36:54,12.5,12.5,S,Supreme,"Prosciutto di San Daniele, Arugula, Mozzarella Cheese",The Prosciutto and Arugula Pizza
3334,1474,big_meat_s,1,1/25/2015,16:52:12,12,12,S,Classic,"Bacon, Pepperoni, Italian Sausage, Chorizo Sausage",The Big Meat Pizza
3335,1474,soppressata_s,1,1/25/2015,16:52:12,12.5,12.5,S,Supreme,"Soppressata Salami, Fontina Cheese, Mozzarella Cheese, Mushrooms, Garlic",The Soppressata Pizza
3336,1475,four_cheese_m,1,1/25/2015,16:59:21,14.75,14.75,M,Veggie,"Ricotta Cheese, Gorgonzola Piccante Cheese, Mozzarella Cheese, Parmigiano Reggiano Cheese, Garlic",The Four Cheese Pizza
3337,1475,pepperoni_s,1,1/25/2015,16:59:21,9.75,9.75,S,Classic,"Mozzarella Cheese, Pepperoni",The Pepperoni Pizza
3338,1475,prsc_argla_m,1,1/25/2015,16:59:21,16.5,16.5,M,Supreme,"Prosciutto di San Daniele, Arugula, Mozzarella Cheese",The Prosciutto and Arugula Pizza
3339,1475,spin_pesto_m,1,1/25/2015,16:59:21,16.5,16.5,M,Veggie,"Spinach, Artichokes, Tomatoes, Sun-dried Tomatoes, Garlic, Pesto Sauce",The Spinach Pesto Pizza
3340,1476,bbq_ckn_m,1,1/25/2015,17:05:06,16.75,16.75,M,Chicken,"Barbecued Chicken, Red Peppers, Green Peppers, Tomatoes, Red Onions, Barbecue Sauce",The Barbecue Chicken Pizza
3341,1477,spinach_fet_s,1,1/25/2015,17:08:54,12,12,S,Veggie,"Spinach, Mushrooms, Red Onions, Feta Cheese, Garlic",The Spinach and Feta Pizza
3342,1478,ckn_pesto_s,1,1/25/2015,17:26:23,12.75,12.75,S,Chicken,"Chicken, Tomatoes, Red Peppers, Spinach, Garlic, Pesto Sauce",The Chicken Pesto Pizza
3343,1478,pepperoni_l,1,1/25/2015,17:26:23,15.25,15.25,L,Classic,"Mozzarella Cheese, Pepperoni",The Pepperoni Pizza
3344,1478,prsc_argla_l,1,1/25/2015,17:26:23,20.75,20.75,L,Supreme,"Prosciutto di San Daniele, Arugula, Mozzarella Cheese",The Prosciutto and Arugula Pizza
3345,1478,the_greek_s,1,1/25/2015,17:26:23,12,12,S,Classic,"Kalamata Olives, Feta Cheese, Tomatoes, Garlic, Beef Chuck Roast, Red Onions",The Greek Pizza
3346,1479,brie_carre_s,1,1/25/2015,17:30:14,23.65,23.65,S,Supreme,"Brie Carre Cheese, Prosciutto, Caramelized Onions, Pears, Thyme, Garlic",The Brie Carre Pizza
3347,1479,sicilian_l,1,1/25/2015,17:30:14,20.25,20.25,L,Supreme,"Coarse Sicilian Salami, Tomatoes, Green Olives, Luganega Sausage, Onions, Garlic",The Sicilian Pizza
3348,1480,four_cheese_l,1,1/25/2015,17:48:20,17.95,17.95,L,Veggie,"Ricotta Cheese, Gorgonzola Piccante Cheese, Mozzarella Cheese, Parmigiano Reggiano Cheese, Garlic",The Four Cheese Pizza
3349,1480,napolitana_m,1,1/25/2015,17:48:20,16,16,M,Classic,"Tomatoes, Anchovies, Green Olives, Red Onions, Garlic",The Napolitana Pizza
3350,1481,ckn_alfredo_l,1,1/25/2015,18:12:26,20.75,20.75,L,Chicken,"Chicken, Red Onions, Red Peppers, Mushrooms, Asiago Cheese, Alfredo Sauce",The Chicken Alfredo Pizza
3351,1481,southw_ckn_l,1,1/25/2015,18:12:26,20.75,20.75,L,Chicken,"Chicken, Tomatoes, Red Peppers, Red Onions, Jalapeno Peppers, Corn, Cilantro, Chipotle Sauce",The Southwest Chicken Pizza
3352,1482,mexicana_m,1,1/25/2015,18:32:16,16,16,M,Veggie,"Tomatoes, Red Peppers, Jalapeno Peppers, Red Onions, Cilantro, Corn, Chipotle Sauce, Garlic",The Mexicana Pizza
3353,1483,big_meat_s,1,1/25/2015,18:39:10,12,12,S,Classic,"Bacon, Pepperoni, Italian Sausage, Chorizo Sausage",The Big Meat Pizza
3354,1483,ckn_alfredo_m,1,1/25/2015,18:39:10,16.75,16.75,M,Chicken,"Chicken, Red Onions, Red Peppers, Mushrooms, Asiago Cheese, Alfredo Sauce",The Chicken Alfredo Pizza
3355,1483,mexicana_m,1,1/25/2015,18:39:10,16,16,M,Veggie,"Tomatoes, Red Peppers, Jalapeno Peppers, Red Onions, Cilantro, Corn, Chipotle Sauce, Garlic",The Mexicana Pizza
3356,1484,big_meat_s,1,1/25/2015,18:57:43,12,12,S,Classic,"Bacon, Pepperoni, Italian Sausage, Chorizo Sausage",The Big Meat Pizza
3357,1484,cali_ckn_m,1,1/25/2015,18:57:43,16.75,16.75,M,Chicken,"Chicken, Artichoke, Spinach, Garlic, Jalapeno Peppers, Fontina Cheese, Gouda Cheese",The California Chicken Pizza
3358,1484,thai_ckn_s,1,1/25/2015,18:57:43,12.75,12.75,S,Chicken,"Chicken, Pineapple, Tomatoes, Red Peppers, Thai Sweet Chilli Sauce",The Thai Chicken Pizza
3359,1485,brie_carre_s,1,1/25/2015,19:05:15,23.65,23.65,S,Supreme,"Brie Carre Cheese, Prosciutto, Caramelized Onions, Pears, Thyme, Garlic",The Brie Carre Pizza
3360,1485,spinach_fet_m,1,1/25/2015,19:05:15,16,16,M,Veggie,"Spinach, Mushrooms, Red Onions, Feta Cheese, Garlic",The Spinach and Feta Pizza
3361,1486,ital_veggie_m,1,1/25/2015,19:09:03,16.75,16.75,M,Veggie,"Eggplant, Artichokes, Tomatoes, Zucchini, Red Peppers, Garlic, Pesto Sauce",The Italian Vegetables Pizza
3362,1487,peppr_salami_s,1,1/25/2015,19:41:47,12.5,12.5,S,Supreme,"Genoa Salami, Capocollo, Pepperoni, Tomatoes, Asiago Cheese, Garlic",The Pepper Salami Pizza
3363,1488,pep_msh_pep_s,1,1/25/2015,19:49:28,11,11,S,Classic,"Pepperoni, Mushrooms, Green Peppers","The Pepperoni, Mushroom, and Peppers Pizza"
3364,1488,spinach_fet_l,1,1/25/2015,19:49:28,20.25,20.25,L,Veggie,"Spinach, Mushrooms, Red Onions, Feta Cheese, Garlic",The Spinach and Feta Pizza
3365,1489,pepperoni_s,1,1/25/2015,20:01:54,9.75,9.75,S,Classic,"Mozzarella Cheese, Pepperoni",The Pepperoni Pizza
3366,1490,four_cheese_m,1,1/25/2015,20:07:13,14.75,14.75,M,Veggie,"Ricotta Cheese, Gorgonzola Piccante Cheese, Mozzarella Cheese, Parmigiano Reggiano Cheese, Garlic",The Four Cheese Pizza
3367,1490,mediterraneo_l,1,1/25/2015,20:07:13,20.25,20.25,L,Veggie,"Spinach, Artichokes, Kalamata Olives, Sun-dried Tomatoes, Feta Cheese, Plum Tomatoes, Red Onions",The Mediterranean Pizza
3368,1490,the_greek_s,1,1/25/2015,20:07:13,12,12,S,Classic,"Kalamata Olives, Feta Cheese, Tomatoes, Garlic, Beef Chuck Roast, Red Onions",The Greek Pizza
3369,1490,veggie_veg_m,1,1/25/2015,20:07:13,16,16,M,Veggie,"Mushrooms, Tomatoes, Red Peppers, Green Peppers, Red Onions, Zucchini, Spinach, Garlic",The Vegetables + Vegetables Pizza
3370,1491,big_meat_s,1,1/25/2015,20:19:40,12,12,S,Classic,"Bacon, Pepperoni, Italian Sausage, Chorizo Sausage",The Big Meat Pizza
3371,1492,bbq_ckn_l,1,1/25/2015,20:46:56,20.75,20.75,L,Chicken,"Barbecued Chicken, Red Peppers, Green Peppers, Tomatoes, Red Onions, Barbecue Sauce",The Barbecue Chicken Pizza
3372,1492,hawaiian_l,1,1/25/2015,20:46:56,16.5,16.5,L,Classic,"Sliced Ham, Pineapple, Mozzarella Cheese",The Hawaiian Pizza
3373,1492,napolitana_m,1,1/25/2015,20:46:56,16,16,M,Classic,"Tomatoes, Anchovies, Green Olives, Red Onions, Garlic",The Napolitana Pizza
3374,1492,pepperoni_s,1,1/25/2015,20:46:56,9.75,9.75,S,Classic,"Mozzarella Cheese, Pepperoni",The Pepperoni Pizza
3375,1493,four_cheese_m,1,1/25/2015,21:00:40,14.75,14.75,M,Veggie,"Ricotta Cheese, Gorgonzola Piccante Cheese, Mozzarella Cheese, Parmigiano Reggiano Cheese, Garlic",The Four Cheese Pizza
3376,1494,napolitana_l,1,1/25/2015,21:01:50,20.5,20.5,L,Classic,"Tomatoes, Anchovies, Green Olives, Red Onions, Garlic",The Napolitana Pizza
3377,1494,sicilian_m,1,1/25/2015,21:01:50,16.25,16.25,M,Supreme,"Coarse Sicilian Salami, Tomatoes, Green Olives, Luganega Sausage, Onions, Garlic",The Sicilian Pizza
3378,1494,veggie_veg_l,1,1/25/2015,21:01:50,20.25,20.25,L,Veggie,"Mushrooms, Tomatoes, Red Peppers, Green Peppers, Red Onions, Zucchini, Spinach, Garlic",The Vegetables + Vegetables Pizza
3379,1495,mexicana_s,1,1/25/2015,21:17:32,12,12,S,Veggie,"Tomatoes, Red Peppers, Jalapeno Peppers, Red Onions, Cilantro, Corn, Chipotle Sauce, Garlic",The Mexicana Pizza
3380,1495,spicy_ital_s,1,1/25/2015,21:17:32,12.5,12.5,S,Supreme,"Capocollo, Tomatoes, Goat Cheese, Artichokes, Peperoncini verdi, Garlic",The Spicy Italian Pizza
3381,1495,spin_pesto_s,1,1/25/2015,21:17:32,12.5,12.5,S,Veggie,"Spinach, Artichokes, Tomatoes, Sun-dried Tomatoes, Garlic, Pesto Sauce",The Spinach Pesto Pizza
3382,1496,napolitana_l,1,1/25/2015,21:32:38,20.5,20.5,L,Classic,"Tomatoes, Anchovies, Green Olives, Red Onions, Garlic",The Napolitana Pizza
3383,1497,big_meat_s,1,1/26/2015,11:15:57,12,12,S,Classic,"Bacon, Pepperoni, Italian Sausage, Chorizo Sausage",The Big Meat Pizza
3384,1497,calabrese_l,1,1/26/2015,11:15:57,20.25,20.25,L,Supreme,"æ…›duja Salami, Pancetta, Tomatoes, Red Onions, Friggitello Peppers, Garlic",The Calabrese Pizza
3385,1497,ital_supr_m,1,1/26/2015,11:15:57,16.5,16.5,M,Supreme,"Calabrese Salami, Capocollo, Tomatoes, Red Onions, Green Olives, Garlic",The Italian Supreme Pizza
3386,1498,thai_ckn_l,1,1/26/2015,11:25:10,20.75,20.75,L,Chicken,"Chicken, Pineapple, Tomatoes, Red Peppers, Thai Sweet Chilli Sauce",The Thai Chicken Pizza
3387,1499,hawaiian_l,1,1/26/2015,11:33:33,16.5,16.5,L,Classic,"Sliced Ham, Pineapple, Mozzarella Cheese",The Hawaiian Pizza
3388,1500,classic_dlx_m,1,1/26/2015,11:52:57,16,16,M,Classic,"Pepperoni, Mushrooms, Red Onions, Red Peppers, Bacon",The Classic Deluxe Pizza
3389,1500,napolitana_l,1,1/26/2015,11:52:57,20.5,20.5,L,Classic,"Tomatoes, Anchovies, Green Olives, Red Onions, Garlic",The Napolitana Pizza
3390,1500,sicilian_l,1,1/26/2015,11:52:57,20.25,20.25,L,Supreme,"Coarse Sicilian Salami, Tomatoes, Green Olives, Luganega Sausage, Onions, Garlic",The Sicilian Pizza
3391,1500,spicy_ital_l,1,1/26/2015,11:52:57,20.75,20.75,L,Supreme,"Capocollo, Tomatoes, Goat Cheese, Artichokes, Peperoncini verdi, Garlic",The Spicy Italian Pizza
3392,1501,cali_ckn_m,1,1/26/2015,12:03:55,16.75,16.75,M,Chicken,"Chicken, Artichoke, Spinach, Garlic, Jalapeno Peppers, Fontina Cheese, Gouda Cheese",The California Chicken Pizza
3393,1501,four_cheese_m,1,1/26/2015,12:03:55,14.75,14.75,M,Veggie,"Ricotta Cheese, Gorgonzola Piccante Cheese, Mozzarella Cheese, Parmigiano Reggiano Cheese, Garlic",The Four Cheese Pizza
3394,1501,pepperoni_m,1,1/26/2015,12:03:55,12.5,12.5,M,Classic,"Mozzarella Cheese, Pepperoni",The Pepperoni Pizza
3395,1501,spicy_ital_l,1,1/26/2015,12:03:55,20.75,20.75,L,Supreme,"Capocollo, Tomatoes, Goat Cheese, Artichokes, Peperoncini verdi, Garlic",The Spicy Italian Pizza
3396,1502,four_cheese_l,1,1/26/2015,12:04:48,17.95,17.95,L,Veggie,"Ricotta Cheese, Gorgonzola Piccante Cheese, Mozzarella Cheese, Parmigiano Reggiano Cheese, Garlic",The Four Cheese Pizza
3397,1502,the_greek_xl,1,1/26/2015,12:04:48,25.5,25.5,XL,Classic,"Kalamata Olives, Feta Cheese, Tomatoes, Garlic, Beef Chuck Roast, Red Onions",The Greek Pizza
3398,1503,ital_supr_l,1,1/26/2015,12:10:49,20.75,20.75,L,Supreme,"Calabrese Salami, Capocollo, Tomatoes, Red Onions, Green Olives, Garlic",The Italian Supreme Pizza
3399,1504,big_meat_s,1,1/26/2015,12:44:38,12,12,S,Classic,"Bacon, Pepperoni, Italian Sausage, Chorizo Sausage",The Big Meat Pizza
3400,1504,cali_ckn_l,1,1/26/2015,12:44:38,20.75,20.75,L,Chicken,"Chicken, Artichoke, Spinach, Garlic, Jalapeno Peppers, Fontina Cheese, Gouda Cheese",The California Chicken Pizza
3401,1504,cali_ckn_s,1,1/26/2015,12:44:38,12.75,12.75,S,Chicken,"Chicken, Artichoke, Spinach, Garlic, Jalapeno Peppers, Fontina Cheese, Gouda Cheese",The California Chicken Pizza
3402,1504,green_garden_m,1,1/26/2015,12:44:38,16,16,M,Veggie,"Spinach, Mushrooms, Tomatoes, Green Olives, Feta Cheese",The Green Garden Pizza
3403,1504,mediterraneo_l,1,1/26/2015,12:44:38,20.25,20.25,L,Veggie,"Spinach, Artichokes, Kalamata Olives, Sun-dried Tomatoes, Feta Cheese, Plum Tomatoes, Red Onions",The Mediterranean Pizza
3404,1504,pepperoni_l,1,1/26/2015,12:44:38,15.25,15.25,L,Classic,"Mozzarella Cheese, Pepperoni",The Pepperoni Pizza
3405,1504,pepperoni_m,1,1/26/2015,12:44:38,12.5,12.5,M,Classic,"Mozzarella Cheese, Pepperoni",The Pepperoni Pizza
3406,1504,southw_ckn_l,1,1/26/2015,12:44:38,20.75,20.75,L,Chicken,"Chicken, Tomatoes, Red Peppers, Red Onions, Jalapeno Peppers, Corn, Cilantro, Chipotle Sauce",The Southwest Chicken Pizza
3407,1504,spin_pesto_l,1,1/26/2015,12:44:38,20.75,20.75,L,Veggie,"Spinach, Artichokes, Tomatoes, Sun-dried Tomatoes, Garlic, Pesto Sauce",The Spinach Pesto Pizza
3408,1504,thai_ckn_l,1,1/26/2015,12:44:38,20.75,20.75,L,Chicken,"Chicken, Pineapple, Tomatoes, Red Peppers, Thai Sweet Chilli Sauce",The Thai Chicken Pizza
3409,1505,brie_carre_s,1,1/26/2015,12:47:34,23.65,23.65,S,Supreme,"Brie Carre Cheese, Prosciutto, Caramelized Onions, Pears, Thyme, Garlic",The Brie Carre Pizza
3410,1505,cali_ckn_l,1,1/26/2015,12:47:34,20.75,20.75,L,Chicken,"Chicken, Artichoke, Spinach, Garlic, Jalapeno Peppers, Fontina Cheese, Gouda Cheese",The California Chicken Pizza
3411,1505,classic_dlx_l,1,1/26/2015,12:47:34,20.5,20.5,L,Classic,"Pepperoni, Mushrooms, Red Onions, Red Peppers, Bacon",The Classic Deluxe Pizza
3412,1505,veggie_veg_m,1,1/26/2015,12:47:34,16,16,M,Veggie,"Mushrooms, Tomatoes, Red Peppers, Green Peppers, Red Onions, Zucchini, Spinach, Garlic",The Vegetables + Vegetables Pizza
3413,1506,the_greek_s,1,1/26/2015,12:56:04,12,12,S,Classic,"Kalamata Olives, Feta Cheese, Tomatoes, Garlic, Beef Chuck Roast, Red Onions",The Greek Pizza
3414,1507,prsc_argla_s,1,1/26/2015,13:02:45,12.5,12.5,S,Supreme,"Prosciutto di San Daniele, Arugula, Mozzarella Cheese",The Prosciutto and Arugula Pizza
3415,1508,five_cheese_l,1,1/26/2015,13:03:59,18.5,18.5,L,Veggie,"Mozzarella Cheese, Provolone Cheese, Smoked Gouda Cheese, Romano Cheese, Blue Cheese, Garlic",The Five Cheese Pizza
3416,1509,cali_ckn_s,1,1/26/2015,13:08:25,12.75,12.75,S,Chicken,"Chicken, Artichoke, Spinach, Garlic, Jalapeno Peppers, Fontina Cheese, Gouda Cheese",The California Chicken Pizza
3417,1509,green_garden_s,1,1/26/2015,13:08:25,12,12,S,Veggie,"Spinach, Mushrooms, Tomatoes, Green Olives, Feta Cheese",The Green Garden Pizza
3418,1509,ital_veggie_s,1,1/26/2015,13:08:25,12.75,12.75,S,Veggie,"Eggplant, Artichokes, Tomatoes, Zucchini, Red Peppers, Garlic, Pesto Sauce",The Italian Vegetables Pizza
3419,1509,pep_msh_pep_s,1,1/26/2015,13:08:25,11,11,S,Classic,"Pepperoni, Mushrooms, Green Peppers","The Pepperoni, Mushroom, and Peppers Pizza"
3420,1509,sicilian_s,1,1/26/2015,13:08:25,12.25,12.25,S,Supreme,"Coarse Sicilian Salami, Tomatoes, Green Olives, Luganega Sausage, Onions, Garlic",The Sicilian Pizza
3421,1510,four_cheese_l,1,1/26/2015,13:15:18,17.95,17.95,L,Veggie,"Ricotta Cheese, Gorgonzola Piccante Cheese, Mozzarella Cheese, Parmigiano Reggiano Cheese, Garlic",The Four Cheese Pizza
3422,1511,five_cheese_l,1,1/26/2015,13:24:17,18.5,18.5,L,Veggie,"Mozzarella Cheese, Provolone Cheese, Smoked Gouda Cheese, Romano Cheese, Blue Cheese, Garlic",The Five Cheese Pizza
3423,1512,prsc_argla_m,1,1/26/2015,13:27:32,16.5,16.5,M,Supreme,"Prosciutto di San Daniele, Arugula, Mozzarella Cheese",The Prosciutto and Arugula Pizza
3424,1513,pepperoni_m,1,1/26/2015,13:46:01,12.5,12.5,M,Classic,"Mozzarella Cheese, Pepperoni",The Pepperoni Pizza
3425,1513,pepperoni_s,1,1/26/2015,13:46:01,9.75,9.75,S,Classic,"Mozzarella Cheese, Pepperoni",The Pepperoni Pizza
3426,1514,big_meat_s,1,1/26/2015,13:51:21,12,12,S,Classic,"Bacon, Pepperoni, Italian Sausage, Chorizo Sausage",The Big Meat Pizza
3427,1514,sicilian_m,1,1/26/2015,13:51:21,16.25,16.25,M,Supreme,"Coarse Sicilian Salami, Tomatoes, Green Olives, Luganega Sausage, Onions, Garlic",The Sicilian Pizza
3428,1515,mexicana_m,1,1/26/2015,13:52:36,16,16,M,Veggie,"Tomatoes, Red Peppers, Jalapeno Peppers, Red Onions, Cilantro, Corn, Chipotle Sauce, Garlic",The Mexicana Pizza
3429,1516,pepperoni_s,1,1/26/2015,13:54:36,9.75,9.75,S,Classic,"Mozzarella Cheese, Pepperoni",The Pepperoni Pizza
3430,1516,sicilian_l,1,1/26/2015,13:54:36,20.25,20.25,L,Supreme,"Coarse Sicilian Salami, Tomatoes, Green Olives, Luganega Sausage, Onions, Garlic",The Sicilian Pizza
3431,1517,southw_ckn_l,1,1/26/2015,13:56:01,20.75,20.75,L,Chicken,"Chicken, Tomatoes, Red Peppers, Red Onions, Jalapeno Peppers, Corn, Cilantro, Chipotle Sauce",The Southwest Chicken Pizza
3432,1518,ital_supr_l,1,1/26/2015,14:00:13,20.75,20.75,L,Supreme,"Calabrese Salami, Capocollo, Tomatoes, Red Onions, Green Olives, Garlic",The Italian Supreme Pizza
3433,1519,the_greek_m,1,1/26/2015,14:21:10,16,16,M,Classic,"Kalamata Olives, Feta Cheese, Tomatoes, Garlic, Beef Chuck Roast, Red Onions",The Greek Pizza
3434,1520,cali_ckn_l,1,1/26/2015,14:25:20,20.75,20.75,L,Chicken,"Chicken, Artichoke, Spinach, Garlic, Jalapeno Peppers, Fontina Cheese, Gouda Cheese",The California Chicken Pizza
3435,1520,ckn_alfredo_m,1,1/26/2015,14:25:20,16.75,16.75,M,Chicken,"Chicken, Red Onions, Red Peppers, Mushrooms, Asiago Cheese, Alfredo Sauce",The Chicken Alfredo Pizza
3436,1521,hawaiian_l,1,1/26/2015,14:32:57,16.5,16.5,L,Classic,"Sliced Ham, Pineapple, Mozzarella Cheese",The Hawaiian Pizza
3437,1521,sicilian_l,1,1/26/2015,14:32:57,20.25,20.25,L,Supreme,"Coarse Sicilian Salami, Tomatoes, Green Olives, Luganega Sausage, Onions, Garlic",The Sicilian Pizza
3438,1522,big_meat_s,1,1/26/2015,14:35:32,12,12,S,Classic,"Bacon, Pepperoni, Italian Sausage, Chorizo Sausage",The Big Meat Pizza
3439,1522,classic_dlx_m,1,1/26/2015,14:35:32,16,16,M,Classic,"Pepperoni, Mushrooms, Red Onions, Red Peppers, Bacon",The Classic Deluxe Pizza
3440,1522,classic_dlx_s,1,1/26/2015,14:35:32,12,12,S,Classic,"Pepperoni, Mushrooms, Red Onions, Red Peppers, Bacon",The Classic Deluxe Pizza
3441,1522,ital_supr_s,1,1/26/2015,14:35:32,12.5,12.5,S,Supreme,"Calabrese Salami, Capocollo, Tomatoes, Red Onions, Green Olives, Garlic",The Italian Supreme Pizza
3442,1523,prsc_argla_l,1,1/26/2015,14:38:13,20.75,20.75,L,Supreme,"Prosciutto di San Daniele, Arugula, Mozzarella Cheese",The Prosciutto and Arugula Pizza
3443,1524,veggie_veg_m,1,1/26/2015,14:47:17,16,16,M,Veggie,"Mushrooms, Tomatoes, Red Peppers, Green Peppers, Red Onions, Zucchini, Spinach, Garlic",The Vegetables + Vegetables Pizza
3444,1525,peppr_salami_l,1,1/26/2015,14:47:46,20.75,20.75,L,Supreme,"Genoa Salami, Capocollo, Pepperoni, Tomatoes, Asiago Cheese, Garlic",The Pepper Salami Pizza
3445,1526,thai_ckn_l,1,1/26/2015,14:55:06,20.75,20.75,L,Chicken,"Chicken, Pineapple, Tomatoes, Red Peppers, Thai Sweet Chilli Sauce",The Thai Chicken Pizza
3446,1527,calabrese_m,1,1/26/2015,15:14:30,16.25,16.25,M,Supreme,"æ…›duja Salami, Pancetta, Tomatoes, Red Onions, Friggitello Peppers, Garlic",The Calabrese Pizza
3447,1527,green_garden_m,1,1/26/2015,15:14:30,16,16,M,Veggie,"Spinach, Mushrooms, Tomatoes, Green Olives, Feta Cheese",The Green Garden Pizza
3448,1528,the_greek_xxl,1,1/26/2015,15:24:38,35.95,35.95,XXL,Classic,"Kalamata Olives, Feta Cheese, Tomatoes, Garlic, Beef Chuck Roast, Red Onions",The Greek Pizza
3449,1529,peppr_salami_l,1,1/26/2015,15:35:32,20.75,20.75,L,Supreme,"Genoa Salami, Capocollo, Pepperoni, Tomatoes, Asiago Cheese, Garlic",The Pepper Salami Pizza
3450,1529,the_greek_s,1,1/26/2015,15:35:32,12,12,S,Classic,"Kalamata Olives, Feta Cheese, Tomatoes, Garlic, Beef Chuck Roast, Red Onions",The Greek Pizza
3451,1530,four_cheese_l,1,1/26/2015,15:49:09,17.95,17.95,L,Veggie,"Ricotta Cheese, Gorgonzola Piccante Cheese, Mozzarella Cheese, Parmigiano Reggiano Cheese, Garlic",The Four Cheese Pizza
3452,1530,mediterraneo_s,1,1/26/2015,15:49:09,12,12,S,Veggie,"Spinach, Artichokes, Kalamata Olives, Sun-dried Tomatoes, Feta Cheese, Plum Tomatoes, Red Onions",The Mediterranean Pizza
3453,1531,hawaiian_s,1,1/26/2015,15:58:50,10.5,10.5,S,Classic,"Sliced Ham, Pineapple, Mozzarella Cheese",The Hawaiian Pizza
3454,1532,big_meat_s,1,1/26/2015,16:04:46,12,12,S,Classic,"Bacon, Pepperoni, Italian Sausage, Chorizo Sausage",The Big Meat Pizza
3455,1532,pepperoni_s,1,1/26/2015,16:04:46,9.75,9.75,S,Classic,"Mozzarella Cheese, Pepperoni",The Pepperoni Pizza
3456,1533,bbq_ckn_l,1,1/26/2015,16:08:02,20.75,20.75,L,Chicken,"Barbecued Chicken, Red Peppers, Green Peppers, Tomatoes, Red Onions, Barbecue Sauce",The Barbecue Chicken Pizza
3457,1533,pep_msh_pep_m,1,1/26/2015,16:08:02,14.5,14.5,M,Classic,"Pepperoni, Mushrooms, Green Peppers","The Pepperoni, Mushroom, and Peppers Pizza"
3458,1534,mediterraneo_s,1,1/26/2015,16:21:23,12,12,S,Veggie,"Spinach, Artichokes, Kalamata Olives, Sun-dried Tomatoes, Feta Cheese, Plum Tomatoes, Red Onions",The Mediterranean Pizza
3459,1534,spin_pesto_l,1,1/26/2015,16:21:23,20.75,20.75,L,Veggie,"Spinach, Artichokes, Tomatoes, Sun-dried Tomatoes, Garlic, Pesto Sauce",The Spinach Pesto Pizza
3460,1534,the_greek_l,1,1/26/2015,16:21:23,20.5,20.5,L,Classic,"Kalamata Olives, Feta Cheese, Tomatoes, Garlic, Beef Chuck Roast, Red Onions",The Greek Pizza
3461,1535,bbq_ckn_m,1,1/26/2015,16:38:21,16.75,16.75,M,Chicken,"Barbecued Chicken, Red Peppers, Green Peppers, Tomatoes, Red Onions, Barbecue Sauce",The Barbecue Chicken Pizza
3462,1535,four_cheese_l,1,1/26/2015,16:38:21,17.95,17.95,L,Veggie,"Ricotta Cheese, Gorgonzola Piccante Cheese, Mozzarella Cheese, Parmigiano Reggiano Cheese, Garlic",The Four Cheese Pizza
3463,1535,ital_veggie_m,1,1/26/2015,16:38:21,16.75,16.75,M,Veggie,"Eggplant, Artichokes, Tomatoes, Zucchini, Red Peppers, Garlic, Pesto Sauce",The Italian Vegetables Pizza
3464,1535,spinach_fet_l,1,1/26/2015,16:38:21,20.25,20.25,L,Veggie,"Spinach, Mushrooms, Red Onions, Feta Cheese, Garlic",The Spinach and Feta Pizza
3465,1536,calabrese_m,1,1/26/2015,16:52:11,16.25,16.25,M,Supreme,"æ…›duja Salami, Pancetta, Tomatoes, Red Onions, Friggitello Peppers, Garlic",The Calabrese Pizza
3466,1536,pepperoni_s,1,1/26/2015,16:52:11,9.75,9.75,S,Classic,"Mozzarella Cheese, Pepperoni",The Pepperoni Pizza
3467,1536,sicilian_s,1,1/26/2015,16:52:11,12.25,12.25,S,Supreme,"Coarse Sicilian Salami, Tomatoes, Green Olives, Luganega Sausage, Onions, Garlic",The Sicilian Pizza
3468,1537,ckn_pesto_l,1,1/26/2015,17:04:54,20.75,20.75,L,Chicken,"Chicken, Tomatoes, Red Peppers, Spinach, Garlic, Pesto Sauce",The Chicken Pesto Pizza
3469,1538,ckn_alfredo_l,1,1/26/2015,17:06:36,20.75,20.75,L,Chicken,"Chicken, Red Onions, Red Peppers, Mushrooms, Asiago Cheese, Alfredo Sauce",The Chicken Alfredo Pizza
3470,1538,spin_pesto_s,1,1/26/2015,17:06:36,12.5,12.5,S,Veggie,"Spinach, Artichokes, Tomatoes, Sun-dried Tomatoes, Garlic, Pesto Sauce",The Spinach Pesto Pizza
3471,1538,spinach_fet_s,1,1/26/2015,17:06:36,12,12,S,Veggie,"Spinach, Mushrooms, Red Onions, Feta Cheese, Garlic",The Spinach and Feta Pizza
3472,1539,five_cheese_l,1,1/26/2015,18:03:43,18.5,18.5,L,Veggie,"Mozzarella Cheese, Provolone Cheese, Smoked Gouda Cheese, Romano Cheese, Blue Cheese, Garlic",The Five Cheese Pizza
3473,1539,ital_supr_m,1,1/26/2015,18:03:43,16.5,16.5,M,Supreme,"Calabrese Salami, Capocollo, Tomatoes, Red Onions, Green Olives, Garlic",The Italian Supreme Pizza
3474,1539,thai_ckn_l,1,1/26/2015,18:03:43,20.75,20.75,L,Chicken,"Chicken, Pineapple, Tomatoes, Red Peppers, Thai Sweet Chilli Sauce",The Thai Chicken Pizza
3475,1540,ital_veggie_l,1,1/26/2015,18:08:56,21,21,L,Veggie,"Eggplant, Artichokes, Tomatoes, Zucchini, Red Peppers, Garlic, Pesto Sauce",The Italian Vegetables Pizza
3476,1540,soppressata_s,1,1/26/2015,18:08:56,12.5,12.5,S,Supreme,"Soppressata Salami, Fontina Cheese, Mozzarella Cheese, Mushrooms, Garlic",The Soppressata Pizza
3477,1541,thai_ckn_m,1,1/26/2015,18:10:06,16.75,16.75,M,Chicken,"Chicken, Pineapple, Tomatoes, Red Peppers, Thai Sweet Chilli Sauce",The Thai Chicken Pizza
3478,1542,calabrese_l,1,1/26/2015,18:37:22,20.25,20.25,L,Supreme,"æ…›duja Salami, Pancetta, Tomatoes, Red Onions, Friggitello Peppers, Garlic",The Calabrese Pizza
3479,1542,spin_pesto_s,1,1/26/2015,18:37:22,12.5,12.5,S,Veggie,"Spinach, Artichokes, Tomatoes, Sun-dried Tomatoes, Garlic, Pesto Sauce",The Spinach Pesto Pizza
3480,1542,spinach_supr_s,1,1/26/2015,18:37:22,12.5,12.5,S,Supreme,"Spinach, Red Onions, Pepperoni, Tomatoes, Artichokes, Kalamata Olives, Garlic, Asiago Cheese",The Spinach Supreme Pizza
3481,1542,thai_ckn_m,1,1/26/2015,18:37:22,16.75,16.75,M,Chicken,"Chicken, Pineapple, Tomatoes, Red Peppers, Thai Sweet Chilli Sauce",The Thai Chicken Pizza
3482,1543,five_cheese_l,1,1/26/2015,19:21:11,18.5,18.5,L,Veggie,"Mozzarella Cheese, Provolone Cheese, Smoked Gouda Cheese, Romano Cheese, Blue Cheese, Garlic",The Five Cheese Pizza
3483,1543,thai_ckn_l,1,1/26/2015,19:21:11,20.75,20.75,L,Chicken,"Chicken, Pineapple, Tomatoes, Red Peppers, Thai Sweet Chilli Sauce",The Thai Chicken Pizza
3484,1544,napolitana_s,1,1/26/2015,19:32:50,12,12,S,Classic,"Tomatoes, Anchovies, Green Olives, Red Onions, Garlic",The Napolitana Pizza
3485,1544,spicy_ital_m,1,1/26/2015,19:32:50,16.5,16.5,M,Supreme,"Capocollo, Tomatoes, Goat Cheese, Artichokes, Peperoncini verdi, Garlic",The Spicy Italian Pizza
3486,1545,hawaiian_l,1,1/26/2015,19:33:23,16.5,16.5,L,Classic,"Sliced Ham, Pineapple, Mozzarella Cheese",The Hawaiian Pizza
3487,1546,southw_ckn_m,1,1/26/2015,19:42:41,16.75,16.75,M,Chicken,"Chicken, Tomatoes, Red Peppers, Red Onions, Jalapeno Peppers, Corn, Cilantro, Chipotle Sauce",The Southwest Chicken Pizza
3488,1547,ital_cpcllo_l,1,1/26/2015,20:58:38,20.5,20.5,L,Classic,"Capocollo, Red Peppers, Tomatoes, Goat Cheese, Garlic, Oregano",The Italian Capocollo Pizza
3489,1547,spinach_fet_m,1,1/26/2015,20:58:38,16,16,M,Veggie,"Spinach, Mushrooms, Red Onions, Feta Cheese, Garlic",The Spinach and Feta Pizza
3490,1548,ital_cpcllo_m,1,1/26/2015,20:59:51,16,16,M,Classic,"Capocollo, Red Peppers, Tomatoes, Goat Cheese, Garlic, Oregano",The Italian Capocollo Pizza
3491,1548,southw_ckn_m,1,1/26/2015,20:59:51,16.75,16.75,M,Chicken,"Chicken, Tomatoes, Red Peppers, Red Onions, Jalapeno Peppers, Corn, Cilantro, Chipotle Sauce",The Southwest Chicken Pizza
3492,1549,southw_ckn_l,1,1/26/2015,21:12:55,20.75,20.75,L,Chicken,"Chicken, Tomatoes, Red Peppers, Red Onions, Jalapeno Peppers, Corn, Cilantro, Chipotle Sauce",The Southwest Chicken Pizza
3493,1550,big_meat_s,1,1/26/2015,21:23:19,12,12,S,Classic,"Bacon, Pepperoni, Italian Sausage, Chorizo Sausage",The Big Meat Pizza
3494,1550,peppr_salami_s,1,1/26/2015,21:23:19,12.5,12.5,S,Supreme,"Genoa Salami, Capocollo, Pepperoni, Tomatoes, Asiago Cheese, Garlic",The Pepper Salami Pizza
3495,1551,spin_pesto_s,1,1/26/2015,21:37:51,12.5,12.5,S,Veggie,"Spinach, Artichokes, Tomatoes, Sun-dried Tomatoes, Garlic, Pesto Sauce",The Spinach Pesto Pizza
3496,1552,ital_cpcllo_m,1,1/27/2015,11:23:30,16,16,M,Classic,"Capocollo, Red Peppers, Tomatoes, Goat Cheese, Garlic, Oregano",The Italian Capocollo Pizza
3497,1553,calabrese_m,1,1/27/2015,11:47:40,16.25,16.25,M,Supreme,"æ…›duja Salami, Pancetta, Tomatoes, Red Onions, Friggitello Peppers, Garlic",The Calabrese Pizza
3498,1554,ital_veggie_l,1,1/27/2015,11:57:19,21,21,L,Veggie,"Eggplant, Artichokes, Tomatoes, Zucchini, Red Peppers, Garlic, Pesto Sauce",The Italian Vegetables Pizza
3499,1554,peppr_salami_l,1,1/27/2015,11:57:19,20.75,20.75,L,Supreme,"Genoa Salami, Capocollo, Pepperoni, Tomatoes, Asiago Cheese, Garlic",The Pepper Salami Pizza
3500,1554,prsc_argla_l,1,1/27/2015,11:57:19,20.75,20.75,L,Supreme,"Prosciutto di San Daniele, Arugula, Mozzarella Cheese",The Prosciutto and Arugula Pizza
3501,1555,veggie_veg_l,1,1/27/2015,12:07:54,20.25,20.25,L,Veggie,"Mushrooms, Tomatoes, Red Peppers, Green Peppers, Red Onions, Zucchini, Spinach, Garlic",The Vegetables + Vegetables Pizza
3502,1556,mexicana_l,1,1/27/2015,12:19:15,20.25,20.25,L,Veggie,"Tomatoes, Red Peppers, Jalapeno Peppers, Red Onions, Cilantro, Corn, Chipotle Sauce, Garlic",The Mexicana Pizza
3503,1556,southw_ckn_m,1,1/27/2015,12:19:15,16.75,16.75,M,Chicken,"Chicken, Tomatoes, Red Peppers, Red Onions, Jalapeno Peppers, Corn, Cilantro, Chipotle Sauce",The Southwest Chicken Pizza
3504,1557,hawaiian_l,1,1/27/2015,12:21:21,16.5,16.5,L,Classic,"Sliced Ham, Pineapple, Mozzarella Cheese",The Hawaiian Pizza
3505,1558,ital_veggie_l,1,1/27/2015,12:27:55,21,21,L,Veggie,"Eggplant, Artichokes, Tomatoes, Zucchini, Red Peppers, Garlic, Pesto Sauce",The Italian Vegetables Pizza
3506,1558,veggie_veg_l,1,1/27/2015,12:27:55,20.25,20.25,L,Veggie,"Mushrooms, Tomatoes, Red Peppers, Green Peppers, Red Onions, Zucchini, Spinach, Garlic",The Vegetables + Vegetables Pizza
3507,1559,hawaiian_m,1,1/27/2015,12:34:12,13.25,13.25,M,Classic,"Sliced Ham, Pineapple, Mozzarella Cheese",The Hawaiian Pizza
3508,1560,ital_supr_l,1,1/27/2015,12:56:17,20.75,20.75,L,Supreme,"Calabrese Salami, Capocollo, Tomatoes, Red Onions, Green Olives, Garlic",The Italian Supreme Pizza
3509,1560,napolitana_l,1,1/27/2015,12:56:17,20.5,20.5,L,Classic,"Tomatoes, Anchovies, Green Olives, Red Onions, Garlic",The Napolitana Pizza
3510,1561,ckn_alfredo_l,1,1/27/2015,12:56:35,20.75,20.75,L,Chicken,"Chicken, Red Onions, Red Peppers, Mushrooms, Asiago Cheese, Alfredo Sauce",The Chicken Alfredo Pizza
3511,1562,classic_dlx_m,1,1/27/2015,13:00:08,16,16,M,Classic,"Pepperoni, Mushrooms, Red Onions, Red Peppers, Bacon",The Classic Deluxe Pizza
3512,1563,classic_dlx_l,1,1/27/2015,13:04:38,20.5,20.5,L,Classic,"Pepperoni, Mushrooms, Red Onions, Red Peppers, Bacon",The Classic Deluxe Pizza
3513,1563,ital_cpcllo_s,1,1/27/2015,13:04:38,12,12,S,Classic,"Capocollo, Red Peppers, Tomatoes, Goat Cheese, Garlic, Oregano",The Italian Capocollo Pizza
3514,1564,five_cheese_l,1,1/27/2015,13:05:50,18.5,18.5,L,Veggie,"Mozzarella Cheese, Provolone Cheese, Smoked Gouda Cheese, Romano Cheese, Blue Cheese, Garlic",The Five Cheese Pizza
3515,1564,hawaiian_l,1,1/27/2015,13:05:50,16.5,16.5,L,Classic,"Sliced Ham, Pineapple, Mozzarella Cheese",The Hawaiian Pizza
3516,1564,mexicana_l,1,1/27/2015,13:05:50,20.25,20.25,L,Veggie,"Tomatoes, Red Peppers, Jalapeno Peppers, Red Onions, Cilantro, Corn, Chipotle Sauce, Garlic",The Mexicana Pizza
3517,1564,pepperoni_l,1,1/27/2015,13:05:50,15.25,15.25,L,Classic,"Mozzarella Cheese, Pepperoni",The Pepperoni Pizza
3518,1565,bbq_ckn_l,1,1/27/2015,13:21:20,20.75,20.75,L,Chicken,"Barbecued Chicken, Red Peppers, Green Peppers, Tomatoes, Red Onions, Barbecue Sauce",The Barbecue Chicken Pizza
3519,1565,cali_ckn_s,1,1/27/2015,13:21:20,12.75,12.75,S,Chicken,"Chicken, Artichoke, Spinach, Garlic, Jalapeno Peppers, Fontina Cheese, Gouda Cheese",The California Chicken Pizza
3520,1565,ital_cpcllo_m,1,1/27/2015,13:21:20,16,16,M,Classic,"Capocollo, Red Peppers, Tomatoes, Goat Cheese, Garlic, Oregano",The Italian Capocollo Pizza
3521,1565,ital_cpcllo_s,1,1/27/2015,13:21:20,12,12,S,Classic,"Capocollo, Red Peppers, Tomatoes, Goat Cheese, Garlic, Oregano",The Italian Capocollo Pizza
3522,1566,spinach_fet_l,2,1/27/2015,13:23:02,20.25,40.5,L,Veggie,"Spinach, Mushrooms, Red Onions, Feta Cheese, Garlic",The Spinach and Feta Pizza
3523,1567,hawaiian_s,1,1/27/2015,13:31:08,10.5,10.5,S,Classic,"Sliced Ham, Pineapple, Mozzarella Cheese",The Hawaiian Pizza
3524,1567,mexicana_l,1,1/27/2015,13:31:08,20.25,20.25,L,Veggie,"Tomatoes, Red Peppers, Jalapeno Peppers, Red Onions, Cilantro, Corn, Chipotle Sauce, Garlic",The Mexicana Pizza
3525,1567,prsc_argla_l,1,1/27/2015,13:31:08,20.75,20.75,L,Supreme,"Prosciutto di San Daniele, Arugula, Mozzarella Cheese",The Prosciutto and Arugula Pizza
3526,1568,cali_ckn_s,1,1/27/2015,13:38:46,12.75,12.75,S,Chicken,"Chicken, Artichoke, Spinach, Garlic, Jalapeno Peppers, Fontina Cheese, Gouda Cheese",The California Chicken Pizza
3527,1568,classic_dlx_m,1,1/27/2015,13:38:46,16,16,M,Classic,"Pepperoni, Mushrooms, Red Onions, Red Peppers, Bacon",The Classic Deluxe Pizza
3528,1568,ital_veggie_s,1,1/27/2015,13:38:46,12.75,12.75,S,Veggie,"Eggplant, Artichokes, Tomatoes, Zucchini, Red Peppers, Garlic, Pesto Sauce",The Italian Vegetables Pizza
3529,1568,spinach_fet_l,1,1/27/2015,13:38:46,20.25,20.25,L,Veggie,"Spinach, Mushrooms, Red Onions, Feta Cheese, Garlic",The Spinach and Feta Pizza
3530,1569,bbq_ckn_l,2,1/27/2015,13:38:50,20.75,41.5,L,Chicken,"Barbecued Chicken, Red Peppers, Green Peppers, Tomatoes, Red Onions, Barbecue Sauce",The Barbecue Chicken Pizza
3531,1569,brie_carre_s,1,1/27/2015,13:38:50,23.65,23.65,S,Supreme,"Brie Carre Cheese, Prosciutto, Caramelized Onions, Pears, Thyme, Garlic",The Brie Carre Pizza
3532,1569,hawaiian_l,1,1/27/2015,13:38:50,16.5,16.5,L,Classic,"Sliced Ham, Pineapple, Mozzarella Cheese",The Hawaiian Pizza
3533,1569,ital_cpcllo_m,1,1/27/2015,13:38:50,16,16,M,Classic,"Capocollo, Red Peppers, Tomatoes, Goat Cheese, Garlic, Oregano",The Italian Capocollo Pizza
3534,1569,napolitana_l,1,1/27/2015,13:38:50,20.5,20.5,L,Classic,"Tomatoes, Anchovies, Green Olives, Red Onions, Garlic",The Napolitana Pizza
3535,1569,pepperoni_m,1,1/27/2015,13:38:50,12.5,12.5,M,Classic,"Mozzarella Cheese, Pepperoni",The Pepperoni Pizza
3536,1569,pepperoni_s,1,1/27/2015,13:38:50,9.75,9.75,S,Classic,"Mozzarella Cheese, Pepperoni",The Pepperoni Pizza
3537,1569,peppr_salami_l,1,1/27/2015,13:38:50,20.75,20.75,L,Supreme,"Genoa Salami, Capocollo, Pepperoni, Tomatoes, Asiago Cheese, Garlic",The Pepper Salami Pizza
3538,1569,soppressata_s,1,1/27/2015,13:38:50,12.5,12.5,S,Supreme,"Soppressata Salami, Fontina Cheese, Mozzarella Cheese, Mushrooms, Garlic",The Soppressata Pizza
3539,1569,southw_ckn_s,1,1/27/2015,13:38:50,12.75,12.75,S,Chicken,"Chicken, Tomatoes, Red Peppers, Red Onions, Jalapeno Peppers, Corn, Cilantro, Chipotle Sauce",The Southwest Chicken Pizza
3540,1569,spicy_ital_s,1,1/27/2015,13:38:50,12.5,12.5,S,Supreme,"Capocollo, Tomatoes, Goat Cheese, Artichokes, Peperoncini verdi, Garlic",The Spicy Italian Pizza
3541,1569,spinach_supr_s,1,1/27/2015,13:38:50,12.5,12.5,S,Supreme,"Spinach, Red Onions, Pepperoni, Tomatoes, Artichokes, Kalamata Olives, Garlic, Asiago Cheese",The Spinach Supreme Pizza
3542,1569,thai_ckn_l,1,1/27/2015,13:38:50,20.75,20.75,L,Chicken,"Chicken, Pineapple, Tomatoes, Red Peppers, Thai Sweet Chilli Sauce",The Thai Chicken Pizza
3543,1570,cali_ckn_m,1,1/27/2015,13:49:25,16.75,16.75,M,Chicken,"Chicken, Artichoke, Spinach, Garlic, Jalapeno Peppers, Fontina Cheese, Gouda Cheese",The California Chicken Pizza
3544,1571,bbq_ckn_m,1,1/27/2015,14:32:25,16.75,16.75,M,Chicken,"Barbecued Chicken, Red Peppers, Green Peppers, Tomatoes, Red Onions, Barbecue Sauce",The Barbecue Chicken Pizza
3545,1572,sicilian_m,1,1/27/2015,14:33:38,16.25,16.25,M,Supreme,"Coarse Sicilian Salami, Tomatoes, Green Olives, Luganega Sausage, Onions, Garlic",The Sicilian Pizza
3546,1572,spinach_supr_s,1,1/27/2015,14:33:38,12.5,12.5,S,Supreme,"Spinach, Red Onions, Pepperoni, Tomatoes, Artichokes, Kalamata Olives, Garlic, Asiago Cheese",The Spinach Supreme Pizza
3547,1572,thai_ckn_l,1,1/27/2015,14:33:38,20.75,20.75,L,Chicken,"Chicken, Pineapple, Tomatoes, Red Peppers, Thai Sweet Chilli Sauce",The Thai Chicken Pizza
3548,1573,thai_ckn_m,1,1/27/2015,14:39:50,16.75,16.75,M,Chicken,"Chicken, Pineapple, Tomatoes, Red Peppers, Thai Sweet Chilli Sauce",The Thai Chicken Pizza
3549,1574,bbq_ckn_l,1,1/27/2015,15:32:22,20.75,20.75,L,Chicken,"Barbecued Chicken, Red Peppers, Green Peppers, Tomatoes, Red Onions, Barbecue Sauce",The Barbecue Chicken Pizza
3550,1574,peppr_salami_l,1,1/27/2015,15:32:22,20.75,20.75,L,Supreme,"Genoa Salami, Capocollo, Pepperoni, Tomatoes, Asiago Cheese, Garlic",The Pepper Salami Pizza
3551,1574,spinach_fet_s,1,1/27/2015,15:32:22,12,12,S,Veggie,"Spinach, Mushrooms, Red Onions, Feta Cheese, Garlic",The Spinach and Feta Pizza
3552,1575,pep_msh_pep_s,1,1/27/2015,15:37:13,11,11,S,Classic,"Pepperoni, Mushrooms, Green Peppers","The Pepperoni, Mushroom, and Peppers Pizza"
3553,1576,soppressata_m,1,1/27/2015,15:44:22,16.5,16.5,M,Supreme,"Soppressata Salami, Fontina Cheese, Mozzarella Cheese, Mushrooms, Garlic",The Soppressata Pizza
3554,1576,the_greek_l,1,1/27/2015,15:44:22,20.5,20.5,L,Classic,"Kalamata Olives, Feta Cheese, Tomatoes, Garlic, Beef Chuck Roast, Red Onions",The Greek Pizza
3555,1577,pep_msh_pep_s,1,1/27/2015,15:48:27,11,11,S,Classic,"Pepperoni, Mushrooms, Green Peppers","The Pepperoni, Mushroom, and Peppers Pizza"
3556,1578,four_cheese_l,1,1/27/2015,16:07:40,17.95,17.95,L,Veggie,"Ricotta Cheese, Gorgonzola Piccante Cheese, Mozzarella Cheese, Parmigiano Reggiano Cheese, Garlic",The Four Cheese Pizza
3557,1578,mexicana_l,1,1/27/2015,16:07:40,20.25,20.25,L,Veggie,"Tomatoes, Red Peppers, Jalapeno Peppers, Red Onions, Cilantro, Corn, Chipotle Sauce, Garlic",The Mexicana Pizza
3558,1578,pepperoni_l,1,1/27/2015,16:07:40,15.25,15.25,L,Classic,"Mozzarella Cheese, Pepperoni",The Pepperoni Pizza
3559,1578,the_greek_xl,1,1/27/2015,16:07:40,25.5,25.5,XL,Classic,"Kalamata Olives, Feta Cheese, Tomatoes, Garlic, Beef Chuck Roast, Red Onions",The Greek Pizza
3560,1579,classic_dlx_m,1,1/27/2015,16:19:56,16,16,M,Classic,"Pepperoni, Mushrooms, Red Onions, Red Peppers, Bacon",The Classic Deluxe Pizza
3561,1579,spicy_ital_l,1,1/27/2015,16:19:56,20.75,20.75,L,Supreme,"Capocollo, Tomatoes, Goat Cheese, Artichokes, Peperoncini verdi, Garlic",The Spicy Italian Pizza
3562,1580,green_garden_s,1,1/27/2015,16:27:31,12,12,S,Veggie,"Spinach, Mushrooms, Tomatoes, Green Olives, Feta Cheese",The Green Garden Pizza
3563,1580,veggie_veg_l,1,1/27/2015,16:27:31,20.25,20.25,L,Veggie,"Mushrooms, Tomatoes, Red Peppers, Green Peppers, Red Onions, Zucchini, Spinach, Garlic",The Vegetables + Vegetables Pizza
3564,1581,the_greek_xxl,1,1/27/2015,16:28:38,35.95,35.95,XXL,Classic,"Kalamata Olives, Feta Cheese, Tomatoes, Garlic, Beef Chuck Roast, Red Onions",The Greek Pizza
3565,1582,cali_ckn_l,1,1/27/2015,16:34:55,20.75,20.75,L,Chicken,"Chicken, Artichoke, Spinach, Garlic, Jalapeno Peppers, Fontina Cheese, Gouda Cheese",The California Chicken Pizza
3566,1582,hawaiian_s,1,1/27/2015,16:34:55,10.5,10.5,S,Classic,"Sliced Ham, Pineapple, Mozzarella Cheese",The Hawaiian Pizza
3567,1582,soppressata_l,1,1/27/2015,16:34:55,20.75,20.75,L,Supreme,"Soppressata Salami, Fontina Cheese, Mozzarella Cheese, Mushrooms, Garlic",The Soppressata Pizza
3568,1582,thai_ckn_m,1,1/27/2015,16:34:55,16.75,16.75,M,Chicken,"Chicken, Pineapple, Tomatoes, Red Peppers, Thai Sweet Chilli Sauce",The Thai Chicken Pizza
3569,1583,ckn_alfredo_m,1,1/27/2015,17:01:03,16.75,16.75,M,Chicken,"Chicken, Red Onions, Red Peppers, Mushrooms, Asiago Cheese, Alfredo Sauce",The Chicken Alfredo Pizza
3570,1583,soppressata_m,1,1/27/2015,17:01:03,16.5,16.5,M,Supreme,"Soppressata Salami, Fontina Cheese, Mozzarella Cheese, Mushrooms, Garlic",The Soppressata Pizza
3571,1584,pep_msh_pep_m,1,1/27/2015,17:08:55,14.5,14.5,M,Classic,"Pepperoni, Mushrooms, Green Peppers","The Pepperoni, Mushroom, and Peppers Pizza"
3572,1584,southw_ckn_m,1,1/27/2015,17:08:55,16.75,16.75,M,Chicken,"Chicken, Tomatoes, Red Peppers, Red Onions, Jalapeno Peppers, Corn, Cilantro, Chipotle Sauce",The Southwest Chicken Pizza
3573,1585,big_meat_s,1,1/27/2015,17:14:26,12,12,S,Classic,"Bacon, Pepperoni, Italian Sausage, Chorizo Sausage",The Big Meat Pizza
3574,1585,ital_cpcllo_s,1,1/27/2015,17:14:26,12,12,S,Classic,"Capocollo, Red Peppers, Tomatoes, Goat Cheese, Garlic, Oregano",The Italian Capocollo Pizza
3575,1585,prsc_argla_s,1,1/27/2015,17:14:26,12.5,12.5,S,Supreme,"Prosciutto di San Daniele, Arugula, Mozzarella Cheese",The Prosciutto and Arugula Pizza
3576,1586,ital_cpcllo_m,1,1/27/2015,17:15:31,16,16,M,Classic,"Capocollo, Red Peppers, Tomatoes, Goat Cheese, Garlic, Oregano",The Italian Capocollo Pizza
3577,1586,southw_ckn_l,1,1/27/2015,17:15:31,20.75,20.75,L,Chicken,"Chicken, Tomatoes, Red Peppers, Red Onions, Jalapeno Peppers, Corn, Cilantro, Chipotle Sauce",The Southwest Chicken Pizza
3578,1586,spinach_fet_s,1,1/27/2015,17:15:31,12,12,S,Veggie,"Spinach, Mushrooms, Red Onions, Feta Cheese, Garlic",The Spinach and Feta Pizza
3579,1587,pepperoni_l,1,1/27/2015,17:26:55,15.25,15.25,L,Classic,"Mozzarella Cheese, Pepperoni",The Pepperoni Pizza
3580,1588,spinach_fet_s,1,1/27/2015,17:29:19,12,12,S,Veggie,"Spinach, Mushrooms, Red Onions, Feta Cheese, Garlic",The Spinach and Feta Pizza
3581,1588,spinach_supr_m,1,1/27/2015,17:29:19,16.5,16.5,M,Supreme,"Spinach, Red Onions, Pepperoni, Tomatoes, Artichokes, Kalamata Olives, Garlic, Asiago Cheese",The Spinach Supreme Pizza
3582,1589,mediterraneo_m,1,1/27/2015,17:46:02,16,16,M,Veggie,"Spinach, Artichokes, Kalamata Olives, Sun-dried Tomatoes, Feta Cheese, Plum Tomatoes, Red Onions",The Mediterranean Pizza
3583,1589,soppressata_l,1,1/27/2015,17:46:02,20.75,20.75,L,Supreme,"Soppressata Salami, Fontina Cheese, Mozzarella Cheese, Mushrooms, Garlic",The Soppressata Pizza
3584,1589,southw_ckn_l,1,1/27/2015,17:46:02,20.75,20.75,L,Chicken,"Chicken, Tomatoes, Red Peppers, Red Onions, Jalapeno Peppers, Corn, Cilantro, Chipotle Sauce",The Southwest Chicken Pizza
3585,1590,ckn_alfredo_m,1,1/27/2015,17:56:16,16.75,16.75,M,Chicken,"Chicken, Red Onions, Red Peppers, Mushrooms, Asiago Cheese, Alfredo Sauce",The Chicken Alfredo Pizza
3586,1590,napolitana_l,1,1/27/2015,17:56:16,20.5,20.5,L,Classic,"Tomatoes, Anchovies, Green Olives, Red Onions, Garlic",The Napolitana Pizza
3587,1590,pepperoni_l,1,1/27/2015,17:56:16,15.25,15.25,L,Classic,"Mozzarella Cheese, Pepperoni",The Pepperoni Pizza
3588,1590,spin_pesto_m,1,1/27/2015,17:56:16,16.5,16.5,M,Veggie,"Spinach, Artichokes, Tomatoes, Sun-dried Tomatoes, Garlic, Pesto Sauce",The Spinach Pesto Pizza
3589,1591,big_meat_s,1,1/27/2015,18:00:16,12,12,S,Classic,"Bacon, Pepperoni, Italian Sausage, Chorizo Sausage",The Big Meat Pizza
3590,1591,cali_ckn_m,1,1/27/2015,18:00:16,16.75,16.75,M,Chicken,"Chicken, Artichoke, Spinach, Garlic, Jalapeno Peppers, Fontina Cheese, Gouda Cheese",The California Chicken Pizza
3591,1591,four_cheese_m,1,1/27/2015,18:00:16,14.75,14.75,M,Veggie,"Ricotta Cheese, Gorgonzola Piccante Cheese, Mozzarella Cheese, Parmigiano Reggiano Cheese, Garlic",The Four Cheese Pizza
3592,1591,sicilian_s,1,1/27/2015,18:00:16,12.25,12.25,S,Supreme,"Coarse Sicilian Salami, Tomatoes, Green Olives, Luganega Sausage, Onions, Garlic",The Sicilian Pizza
3593,1592,ckn_pesto_m,1,1/27/2015,18:02:51,16.75,16.75,M,Chicken,"Chicken, Tomatoes, Red Peppers, Spinach, Garlic, Pesto Sauce",The Chicken Pesto Pizza
3594,1593,calabrese_m,1,1/27/2015,18:06:25,16.25,16.25,M,Supreme,"æ…›duja Salami, Pancetta, Tomatoes, Red Onions, Friggitello Peppers, Garlic",The Calabrese Pizza
3595,1593,prsc_argla_m,1,1/27/2015,18:06:25,16.5,16.5,M,Supreme,"Prosciutto di San Daniele, Arugula, Mozzarella Cheese",The Prosciutto and Arugula Pizza
3596,1593,spicy_ital_s,1,1/27/2015,18:06:25,12.5,12.5,S,Supreme,"Capocollo, Tomatoes, Goat Cheese, Artichokes, Peperoncini verdi, Garlic",The Spicy Italian Pizza
3597,1593,the_greek_m,1,1/27/2015,18:06:25,16,16,M,Classic,"Kalamata Olives, Feta Cheese, Tomatoes, Garlic, Beef Chuck Roast, Red Onions",The Greek Pizza
3598,1594,ckn_pesto_s,1,1/27/2015,18:16:02,12.75,12.75,S,Chicken,"Chicken, Tomatoes, Red Peppers, Spinach, Garlic, Pesto Sauce",The Chicken Pesto Pizza
3599,1595,sicilian_l,1,1/27/2015,18:17:38,20.25,20.25,L,Supreme,"Coarse Sicilian Salami, Tomatoes, Green Olives, Luganega Sausage, Onions, Garlic",The Sicilian Pizza
3600,1595,the_greek_s,1,1/27/2015,18:17:38,12,12,S,Classic,"Kalamata Olives, Feta Cheese, Tomatoes, Garlic, Beef Chuck Roast, Red Onions",The Greek Pizza
3601,1596,soppressata_s,1,1/27/2015,18:22:07,12.5,12.5,S,Supreme,"Soppressata Salami, Fontina Cheese, Mozzarella Cheese, Mushrooms, Garlic",The Soppressata Pizza
3602,1596,thai_ckn_l,1,1/27/2015,18:22:07,20.75,20.75,L,Chicken,"Chicken, Pineapple, Tomatoes, Red Peppers, Thai Sweet Chilli Sauce",The Thai Chicken Pizza
3603,1597,southw_ckn_l,1,1/27/2015,18:22:23,20.75,20.75,L,Chicken,"Chicken, Tomatoes, Red Peppers, Red Onions, Jalapeno Peppers, Corn, Cilantro, Chipotle Sauce",The Southwest Chicken Pizza
3604,1598,four_cheese_l,1,1/27/2015,18:31:26,17.95,17.95,L,Veggie,"Ricotta Cheese, Gorgonzola Piccante Cheese, Mozzarella Cheese, Parmigiano Reggiano Cheese, Garlic",The Four Cheese Pizza
3605,1598,prsc_argla_l,1,1/27/2015,18:31:26,20.75,20.75,L,Supreme,"Prosciutto di San Daniele, Arugula, Mozzarella Cheese",The Prosciutto and Arugula Pizza
3606,1599,five_cheese_l,1,1/27/2015,18:33:59,18.5,18.5,L,Veggie,"Mozzarella Cheese, Provolone Cheese, Smoked Gouda Cheese, Romano Cheese, Blue Cheese, Garlic",The Five Cheese Pizza
3607,1599,prsc_argla_s,1,1/27/2015,18:33:59,12.5,12.5,S,Supreme,"Prosciutto di San Daniele, Arugula, Mozzarella Cheese",The Prosciutto and Arugula Pizza
3608,1600,napolitana_l,1,1/27/2015,18:37:54,20.5,20.5,L,Classic,"Tomatoes, Anchovies, Green Olives, Red Onions, Garlic",The Napolitana Pizza
3609,1600,pep_msh_pep_l,1,1/27/2015,18:37:54,17.5,17.5,L,Classic,"Pepperoni, Mushrooms, Green Peppers","The Pepperoni, Mushroom, and Peppers Pizza"
3610,1601,ital_cpcllo_m,1,1/27/2015,18:48:01,16,16,M,Classic,"Capocollo, Red Peppers, Tomatoes, Goat Cheese, Garlic, Oregano",The Italian Capocollo Pizza
3611,1601,the_greek_s,1,1/27/2015,18:48:01,12,12,S,Classic,"Kalamata Olives, Feta Cheese, Tomatoes, Garlic, Beef Chuck Roast, Red Onions",The Greek Pizza
3612,1602,calabrese_l,1,1/27/2015,18:49:15,20.25,20.25,L,Supreme,"æ…›duja Salami, Pancetta, Tomatoes, Red Onions, Friggitello Peppers, Garlic",The Calabrese Pizza
3613,1602,thai_ckn_m,1,1/27/2015,18:49:15,16.75,16.75,M,Chicken,"Chicken, Pineapple, Tomatoes, Red Peppers, Thai Sweet Chilli Sauce",The Thai Chicken Pizza
3614,1603,hawaiian_m,1,1/27/2015,19:16:45,13.25,13.25,M,Classic,"Sliced Ham, Pineapple, Mozzarella Cheese",The Hawaiian Pizza
3615,1604,mexicana_l,1,1/27/2015,20:05:01,20.25,20.25,L,Veggie,"Tomatoes, Red Peppers, Jalapeno Peppers, Red Onions, Cilantro, Corn, Chipotle Sauce, Garlic",The Mexicana Pizza
3616,1604,napolitana_m,1,1/27/2015,20:05:01,16,16,M,Classic,"Tomatoes, Anchovies, Green Olives, Red Onions, Garlic",The Napolitana Pizza
3617,1605,ital_cpcllo_s,1,1/27/2015,20:05:27,12,12,S,Classic,"Capocollo, Red Peppers, Tomatoes, Goat Cheese, Garlic, Oregano",The Italian Capocollo Pizza
3618,1605,ital_veggie_m,1,1/27/2015,20:05:27,16.75,16.75,M,Veggie,"Eggplant, Artichokes, Tomatoes, Zucchini, Red Peppers, Garlic, Pesto Sauce",The Italian Vegetables Pizza
3619,1606,mediterraneo_m,1,1/27/2015,20:07:37,16,16,M,Veggie,"Spinach, Artichokes, Kalamata Olives, Sun-dried Tomatoes, Feta Cheese, Plum Tomatoes, Red Onions",The Mediterranean Pizza
3620,1606,pepperoni_l,1,1/27/2015,20:07:37,15.25,15.25,L,Classic,"Mozzarella Cheese, Pepperoni",The Pepperoni Pizza
3621,1607,brie_carre_s,1,1/27/2015,20:09:27,23.65,23.65,S,Supreme,"Brie Carre Cheese, Prosciutto, Caramelized Onions, Pears, Thyme, Garlic",The Brie Carre Pizza
3622,1607,hawaiian_s,1,1/27/2015,20:09:27,10.5,10.5,S,Classic,"Sliced Ham, Pineapple, Mozzarella Cheese",The Hawaiian Pizza
3623,1607,ital_cpcllo_m,1,1/27/2015,20:09:27,16,16,M,Classic,"Capocollo, Red Peppers, Tomatoes, Goat Cheese, Garlic, Oregano",The Italian Capocollo Pizza
3624,1608,veggie_veg_s,1,1/27/2015,20:10:32,12,12,S,Veggie,"Mushrooms, Tomatoes, Red Peppers, Green Peppers, Red Onions, Zucchini, Spinach, Garlic",The Vegetables + Vegetables Pizza
3625,1609,hawaiian_l,1,1/27/2015,20:17:48,16.5,16.5,L,Classic,"Sliced Ham, Pineapple, Mozzarella Cheese",The Hawaiian Pizza
3626,1609,mediterraneo_l,1,1/27/2015,20:17:48,20.25,20.25,L,Veggie,"Spinach, Artichokes, Kalamata Olives, Sun-dried Tomatoes, Feta Cheese, Plum Tomatoes, Red Onions",The Mediterranean Pizza
3627,1610,prsc_argla_l,1,1/27/2015,20:43:11,20.75,20.75,L,Supreme,"Prosciutto di San Daniele, Arugula, Mozzarella Cheese",The Prosciutto and Arugula Pizza
3628,1611,classic_dlx_s,1,1/27/2015,21:03:04,12,12,S,Classic,"Pepperoni, Mushrooms, Red Onions, Red Peppers, Bacon",The Classic Deluxe Pizza
3629,1611,pep_msh_pep_m,1,1/27/2015,21:03:04,14.5,14.5,M,Classic,"Pepperoni, Mushrooms, Green Peppers","The Pepperoni, Mushroom, and Peppers Pizza"
3630,1611,pepperoni_s,1,1/27/2015,21:03:04,9.75,9.75,S,Classic,"Mozzarella Cheese, Pepperoni",The Pepperoni Pizza
3631,1611,peppr_salami_l,1,1/27/2015,21:03:04,20.75,20.75,L,Supreme,"Genoa Salami, Capocollo, Pepperoni, Tomatoes, Asiago Cheese, Garlic",The Pepper Salami Pizza
3632,1612,spicy_ital_l,1,1/27/2015,21:03:29,20.75,20.75,L,Supreme,"Capocollo, Tomatoes, Goat Cheese, Artichokes, Peperoncini verdi, Garlic",The Spicy Italian Pizza
3633,1612,the_greek_m,1,1/27/2015,21:03:29,16,16,M,Classic,"Kalamata Olives, Feta Cheese, Tomatoes, Garlic, Beef Chuck Roast, Red Onions",The Greek Pizza
3634,1613,four_cheese_l,1,1/27/2015,21:05:59,17.95,17.95,L,Veggie,"Ricotta Cheese, Gorgonzola Piccante Cheese, Mozzarella Cheese, Parmigiano Reggiano Cheese, Garlic",The Four Cheese Pizza
3635,1613,ital_cpcllo_m,1,1/27/2015,21:05:59,16,16,M,Classic,"Capocollo, Red Peppers, Tomatoes, Goat Cheese, Garlic, Oregano",The Italian Capocollo Pizza
3636,1613,southw_ckn_m,1,1/27/2015,21:05:59,16.75,16.75,M,Chicken,"Chicken, Tomatoes, Red Peppers, Red Onions, Jalapeno Peppers, Corn, Cilantro, Chipotle Sauce",The Southwest Chicken Pizza
3637,1613,veggie_veg_s,1,1/27/2015,21:05:59,12,12,S,Veggie,"Mushrooms, Tomatoes, Red Peppers, Green Peppers, Red Onions, Zucchini, Spinach, Garlic",The Vegetables + Vegetables Pizza
3638,1614,big_meat_s,1,1/27/2015,22:10:01,12,12,S,Classic,"Bacon, Pepperoni, Italian Sausage, Chorizo Sausage",The Big Meat Pizza
3639,1614,napolitana_m,1,1/27/2015,22:10:01,16,16,M,Classic,"Tomatoes, Anchovies, Green Olives, Red Onions, Garlic",The Napolitana Pizza
3640,1615,napolitana_m,1,1/27/2015,22:11:38,16,16,M,Classic,"Tomatoes, Anchovies, Green Olives, Red Onions, Garlic",The Napolitana Pizza
3641,1616,pepperoni_s,1,1/27/2015,22:22:25,9.75,9.75,S,Classic,"Mozzarella Cheese, Pepperoni",The Pepperoni Pizza
3642,1616,spinach_supr_s,1,1/27/2015,22:22:25,12.5,12.5,S,Supreme,"Spinach, Red Onions, Pepperoni, Tomatoes, Artichokes, Kalamata Olives, Garlic, Asiago Cheese",The Spinach Supreme Pizza
3643,1617,four_cheese_l,1,1/27/2015,22:25:26,17.95,17.95,L,Veggie,"Ricotta Cheese, Gorgonzola Piccante Cheese, Mozzarella Cheese, Parmigiano Reggiano Cheese, Garlic",The Four Cheese Pizza
3644,1617,peppr_salami_m,1,1/27/2015,22:25:26,16.5,16.5,M,Supreme,"Genoa Salami, Capocollo, Pepperoni, Tomatoes, Asiago Cheese, Garlic",The Pepper Salami Pizza
3645,1618,big_meat_s,1,1/28/2015,11:28:33,12,12,S,Classic,"Bacon, Pepperoni, Italian Sausage, Chorizo Sausage",The Big Meat Pizza
3646,1618,ckn_pesto_l,1,1/28/2015,11:28:33,20.75,20.75,L,Chicken,"Chicken, Tomatoes, Red Peppers, Spinach, Garlic, Pesto Sauce",The Chicken Pesto Pizza
3647,1618,pepperoni_m,1,1/28/2015,11:28:33,12.5,12.5,M,Classic,"Mozzarella Cheese, Pepperoni",The Pepperoni Pizza
3648,1618,sicilian_s,1,1/28/2015,11:28:33,12.25,12.25,S,Supreme,"Coarse Sicilian Salami, Tomatoes, Green Olives, Luganega Sausage, Onions, Garlic",The Sicilian Pizza
3649,1619,bbq_ckn_l,1,1/28/2015,11:36:34,20.75,20.75,L,Chicken,"Barbecued Chicken, Red Peppers, Green Peppers, Tomatoes, Red Onions, Barbecue Sauce",The Barbecue Chicken Pizza
3650,1619,classic_dlx_s,1,1/28/2015,11:36:34,12,12,S,Classic,"Pepperoni, Mushrooms, Red Onions, Red Peppers, Bacon",The Classic Deluxe Pizza
3651,1620,peppr_salami_l,1,1/28/2015,11:38:50,20.75,20.75,L,Supreme,"Genoa Salami, Capocollo, Pepperoni, Tomatoes, Asiago Cheese, Garlic",The Pepper Salami Pizza
3652,1620,spicy_ital_l,1,1/28/2015,11:38:50,20.75,20.75,L,Supreme,"Capocollo, Tomatoes, Goat Cheese, Artichokes, Peperoncini verdi, Garlic",The Spicy Italian Pizza
3653,1621,big_meat_s,1,1/28/2015,11:43:54,12,12,S,Classic,"Bacon, Pepperoni, Italian Sausage, Chorizo Sausage",The Big Meat Pizza
3654,1622,brie_carre_s,1,1/28/2015,11:49:42,23.65,23.65,S,Supreme,"Brie Carre Cheese, Prosciutto, Caramelized Onions, Pears, Thyme, Garlic",The Brie Carre Pizza
3655,1622,spicy_ital_l,1,1/28/2015,11:49:42,20.75,20.75,L,Supreme,"Capocollo, Tomatoes, Goat Cheese, Artichokes, Peperoncini verdi, Garlic",The Spicy Italian Pizza
3656,1623,ital_supr_m,1,1/28/2015,11:50:41,16.5,16.5,M,Supreme,"Calabrese Salami, Capocollo, Tomatoes, Red Onions, Green Olives, Garlic",The Italian Supreme Pizza
3657,1624,cali_ckn_m,1,1/28/2015,11:55:46,16.75,16.75,M,Chicken,"Chicken, Artichoke, Spinach, Garlic, Jalapeno Peppers, Fontina Cheese, Gouda Cheese",The California Chicken Pizza
3658,1625,ital_supr_l,1,1/28/2015,11:58:42,20.75,20.75,L,Supreme,"Calabrese Salami, Capocollo, Tomatoes, Red Onions, Green Olives, Garlic",The Italian Supreme Pizza
3659,1626,hawaiian_s,1,1/28/2015,12:04:16,10.5,10.5,S,Classic,"Sliced Ham, Pineapple, Mozzarella Cheese",The Hawaiian Pizza
3660,1627,bbq_ckn_l,1,1/28/2015,12:09:40,20.75,20.75,L,Chicken,"Barbecued Chicken, Red Peppers, Green Peppers, Tomatoes, Red Onions, Barbecue Sauce",The Barbecue Chicken Pizza
3661,1628,brie_carre_s,1,1/28/2015,12:16:39,23.65,23.65,S,Supreme,"Brie Carre Cheese, Prosciutto, Caramelized Onions, Pears, Thyme, Garlic",The Brie Carre Pizza
3662,1628,four_cheese_l,1,1/28/2015,12:16:39,17.95,17.95,L,Veggie,"Ricotta Cheese, Gorgonzola Piccante Cheese, Mozzarella Cheese, Parmigiano Reggiano Cheese, Garlic",The Four Cheese Pizza
3663,1628,spinach_fet_m,1,1/28/2015,12:16:39,16,16,M,Veggie,"Spinach, Mushrooms, Red Onions, Feta Cheese, Garlic",The Spinach and Feta Pizza
3664,1629,classic_dlx_s,1,1/28/2015,12:17:09,12,12,S,Classic,"Pepperoni, Mushrooms, Red Onions, Red Peppers, Bacon",The Classic Deluxe Pizza
3665,1629,peppr_salami_l,1,1/28/2015,12:17:09,20.75,20.75,L,Supreme,"Genoa Salami, Capocollo, Pepperoni, Tomatoes, Asiago Cheese, Garlic",The Pepper Salami Pizza
3666,1629,thai_ckn_l,1,1/28/2015,12:17:09,20.75,20.75,L,Chicken,"Chicken, Pineapple, Tomatoes, Red Peppers, Thai Sweet Chilli Sauce",The Thai Chicken Pizza
3667,1630,five_cheese_l,1,1/28/2015,12:19:50,18.5,18.5,L,Veggie,"Mozzarella Cheese, Provolone Cheese, Smoked Gouda Cheese, Romano Cheese, Blue Cheese, Garlic",The Five Cheese Pizza
3668,1630,green_garden_s,1,1/28/2015,12:19:50,12,12,S,Veggie,"Spinach, Mushrooms, Tomatoes, Green Olives, Feta Cheese",The Green Garden Pizza
3669,1630,pepperoni_m,1,1/28/2015,12:19:50,12.5,12.5,M,Classic,"Mozzarella Cheese, Pepperoni",The Pepperoni Pizza
3670,1631,classic_dlx_s,1,1/28/2015,12:20:11,12,12,S,Classic,"Pepperoni, Mushrooms, Red Onions, Red Peppers, Bacon",The Classic Deluxe Pizza
3671,1631,veggie_veg_l,1,1/28/2015,12:20:11,20.25,20.25,L,Veggie,"Mushrooms, Tomatoes, Red Peppers, Green Peppers, Red Onions, Zucchini, Spinach, Garlic",The Vegetables + Vegetables Pizza
3672,1632,pep_msh_pep_l,1,1/28/2015,12:20:31,17.5,17.5,L,Classic,"Pepperoni, Mushrooms, Green Peppers","The Pepperoni, Mushroom, and Peppers Pizza"
3673,1632,spicy_ital_l,1,1/28/2015,12:20:31,20.75,20.75,L,Supreme,"Capocollo, Tomatoes, Goat Cheese, Artichokes, Peperoncini verdi, Garlic",The Spicy Italian Pizza
3674,1632,spinach_fet_s,1,1/28/2015,12:20:31,12,12,S,Veggie,"Spinach, Mushrooms, Red Onions, Feta Cheese, Garlic",The Spinach and Feta Pizza
3675,1633,pepperoni_m,1,1/28/2015,12:45:52,12.5,12.5,M,Classic,"Mozzarella Cheese, Pepperoni",The Pepperoni Pizza
3676,1633,sicilian_m,1,1/28/2015,12:45:52,16.25,16.25,M,Supreme,"Coarse Sicilian Salami, Tomatoes, Green Olives, Luganega Sausage, Onions, Garlic",The Sicilian Pizza
3677,1633,spin_pesto_m,1,1/28/2015,12:45:52,16.5,16.5,M,Veggie,"Spinach, Artichokes, Tomatoes, Sun-dried Tomatoes, Garlic, Pesto Sauce",The Spinach Pesto Pizza
3678,1634,green_garden_s,1,1/28/2015,12:47:43,12,12,S,Veggie,"Spinach, Mushrooms, Tomatoes, Green Olives, Feta Cheese",The Green Garden Pizza
3679,1635,big_meat_s,1,1/28/2015,13:07:37,12,12,S,Classic,"Bacon, Pepperoni, Italian Sausage, Chorizo Sausage",The Big Meat Pizza
3680,1636,veggie_veg_s,1,1/28/2015,13:07:52,12,12,S,Veggie,"Mushrooms, Tomatoes, Red Peppers, Green Peppers, Red Onions, Zucchini, Spinach, Garlic",The Vegetables + Vegetables Pizza
3681,1637,bbq_ckn_l,1,1/28/2015,13:21:08,20.75,20.75,L,Chicken,"Barbecued Chicken, Red Peppers, Green Peppers, Tomatoes, Red Onions, Barbecue Sauce",The Barbecue Chicken Pizza
3682,1637,classic_dlx_s,1,1/28/2015,13:21:08,12,12,S,Classic,"Pepperoni, Mushrooms, Red Onions, Red Peppers, Bacon",The Classic Deluxe Pizza
3683,1637,sicilian_s,1,1/28/2015,13:21:08,12.25,12.25,S,Supreme,"Coarse Sicilian Salami, Tomatoes, Green Olives, Luganega Sausage, Onions, Garlic",The Sicilian Pizza
3684,1638,ital_cpcllo_s,1,1/28/2015,13:34:25,12,12,S,Classic,"Capocollo, Red Peppers, Tomatoes, Goat Cheese, Garlic, Oregano",The Italian Capocollo Pizza
3685,1638,mexicana_m,1,1/28/2015,13:34:25,16,16,M,Veggie,"Tomatoes, Red Peppers, Jalapeno Peppers, Red Onions, Cilantro, Corn, Chipotle Sauce, Garlic",The Mexicana Pizza
3686,1638,spinach_fet_l,1,1/28/2015,13:34:25,20.25,20.25,L,Veggie,"Spinach, Mushrooms, Red Onions, Feta Cheese, Garlic",The Spinach and Feta Pizza
3687,1638,the_greek_xl,1,1/28/2015,13:34:25,25.5,25.5,XL,Classic,"Kalamata Olives, Feta Cheese, Tomatoes, Garlic, Beef Chuck Roast, Red Onions",The Greek Pizza
3688,1639,bbq_ckn_l,2,1/28/2015,13:37:57,20.75,41.5,L,Chicken,"Barbecued Chicken, Red Peppers, Green Peppers, Tomatoes, Red Onions, Barbecue Sauce",The Barbecue Chicken Pizza
3689,1639,ckn_pesto_m,1,1/28/2015,13:37:57,16.75,16.75,M,Chicken,"Chicken, Tomatoes, Red Peppers, Spinach, Garlic, Pesto Sauce",The Chicken Pesto Pizza
3690,1639,hawaiian_l,2,1/28/2015,13:37:57,16.5,33,L,Classic,"Sliced Ham, Pineapple, Mozzarella Cheese",The Hawaiian Pizza
3691,1639,hawaiian_m,1,1/28/2015,13:37:57,13.25,13.25,M,Classic,"Sliced Ham, Pineapple, Mozzarella Cheese",The Hawaiian Pizza
3692,1639,hawaiian_s,1,1/28/2015,13:37:57,10.5,10.5,S,Classic,"Sliced Ham, Pineapple, Mozzarella Cheese",The Hawaiian Pizza
3693,1639,peppr_salami_m,1,1/28/2015,13:37:57,16.5,16.5,M,Supreme,"Genoa Salami, Capocollo, Pepperoni, Tomatoes, Asiago Cheese, Garlic",The Pepper Salami Pizza
3694,1639,prsc_argla_m,1,1/28/2015,13:37:57,16.5,16.5,M,Supreme,"Prosciutto di San Daniele, Arugula, Mozzarella Cheese",The Prosciutto and Arugula Pizza
3695,1639,the_greek_xl,1,1/28/2015,13:37:57,25.5,25.5,XL,Classic,"Kalamata Olives, Feta Cheese, Tomatoes, Garlic, Beef Chuck Roast, Red Onions",The Greek Pizza
3696,1640,spinach_fet_s,1,1/28/2015,13:45:42,12,12,S,Veggie,"Spinach, Mushrooms, Red Onions, Feta Cheese, Garlic",The Spinach and Feta Pizza
3697,1641,classic_dlx_m,1,1/28/2015,14:21:48,16,16,M,Classic,"Pepperoni, Mushrooms, Red Onions, Red Peppers, Bacon",The Classic Deluxe Pizza
3698,1641,pepperoni_l,1,1/28/2015,14:21:48,15.25,15.25,L,Classic,"Mozzarella Cheese, Pepperoni",The Pepperoni Pizza
3699,1642,cali_ckn_l,1,1/28/2015,14:26:49,20.75,20.75,L,Chicken,"Chicken, Artichoke, Spinach, Garlic, Jalapeno Peppers, Fontina Cheese, Gouda Cheese",The California Chicken Pizza
3700,1642,classic_dlx_m,1,1/28/2015,14:26:49,16,16,M,Classic,"Pepperoni, Mushrooms, Red Onions, Red Peppers, Bacon",The Classic Deluxe Pizza
3701,1642,soppressata_l,1,1/28/2015,14:26:49,20.75,20.75,L,Supreme,"Soppressata Salami, Fontina Cheese, Mozzarella Cheese, Mushrooms, Garlic",The Soppressata Pizza
3702,1642,southw_ckn_m,1,1/28/2015,14:26:49,16.75,16.75,M,Chicken,"Chicken, Tomatoes, Red Peppers, Red Onions, Jalapeno Peppers, Corn, Cilantro, Chipotle Sauce",The Southwest Chicken Pizza
3703,1643,cali_ckn_m,1,1/28/2015,14:46:45,16.75,16.75,M,Chicken,"Chicken, Artichoke, Spinach, Garlic, Jalapeno Peppers, Fontina Cheese, Gouda Cheese",The California Chicken Pizza
3704,1643,ckn_alfredo_m,1,1/28/2015,14:46:45,16.75,16.75,M,Chicken,"Chicken, Red Onions, Red Peppers, Mushrooms, Asiago Cheese, Alfredo Sauce",The Chicken Alfredo Pizza
3705,1643,napolitana_s,1,1/28/2015,14:46:45,12,12,S,Classic,"Tomatoes, Anchovies, Green Olives, Red Onions, Garlic",The Napolitana Pizza
3706,1644,bbq_ckn_l,1,1/28/2015,15:01:14,20.75,20.75,L,Chicken,"Barbecued Chicken, Red Peppers, Green Peppers, Tomatoes, Red Onions, Barbecue Sauce",The Barbecue Chicken Pizza
3707,1644,bbq_ckn_m,1,1/28/2015,15:01:14,16.75,16.75,M,Chicken,"Barbecued Chicken, Red Peppers, Green Peppers, Tomatoes, Red Onions, Barbecue Sauce",The Barbecue Chicken Pizza
3708,1644,classic_dlx_l,1,1/28/2015,15:01:14,20.5,20.5,L,Classic,"Pepperoni, Mushrooms, Red Onions, Red Peppers, Bacon",The Classic Deluxe Pizza
3709,1645,veggie_veg_m,1,1/28/2015,15:16:01,16,16,M,Veggie,"Mushrooms, Tomatoes, Red Peppers, Green Peppers, Red Onions, Zucchini, Spinach, Garlic",The Vegetables + Vegetables Pizza
3710,1646,bbq_ckn_l,1,1/28/2015,15:28:30,20.75,20.75,L,Chicken,"Barbecued Chicken, Red Peppers, Green Peppers, Tomatoes, Red Onions, Barbecue Sauce",The Barbecue Chicken Pizza
3711,1646,ital_cpcllo_l,1,1/28/2015,15:28:30,20.5,20.5,L,Classic,"Capocollo, Red Peppers, Tomatoes, Goat Cheese, Garlic, Oregano",The Italian Capocollo Pizza
3712,1646,napolitana_l,1,1/28/2015,15:28:30,20.5,20.5,L,Classic,"Tomatoes, Anchovies, Green Olives, Red Onions, Garlic",The Napolitana Pizza
3713,1647,four_cheese_m,1,1/28/2015,15:29:24,14.75,14.75,M,Veggie,"Ricotta Cheese, Gorgonzola Piccante Cheese, Mozzarella Cheese, Parmigiano Reggiano Cheese, Garlic",The Four Cheese Pizza
3714,1648,ital_supr_m,1,1/28/2015,15:43:15,16.5,16.5,M,Supreme,"Calabrese Salami, Capocollo, Tomatoes, Red Onions, Green Olives, Garlic",The Italian Supreme Pizza
3715,1648,mexicana_l,1,1/28/2015,15:43:15,20.25,20.25,L,Veggie,"Tomatoes, Red Peppers, Jalapeno Peppers, Red Onions, Cilantro, Corn, Chipotle Sauce, Garlic",The Mexicana Pizza
3716,1648,southw_ckn_m,1,1/28/2015,15:43:15,16.75,16.75,M,Chicken,"Chicken, Tomatoes, Red Peppers, Red Onions, Jalapeno Peppers, Corn, Cilantro, Chipotle Sauce",The Southwest Chicken Pizza
3717,1648,spicy_ital_m,1,1/28/2015,15:43:15,16.5,16.5,M,Supreme,"Capocollo, Tomatoes, Goat Cheese, Artichokes, Peperoncini verdi, Garlic",The Spicy Italian Pizza
3718,1649,calabrese_l,1,1/28/2015,16:26:11,20.25,20.25,L,Supreme,"æ…›duja Salami, Pancetta, Tomatoes, Red Onions, Friggitello Peppers, Garlic",The Calabrese Pizza
3719,1650,bbq_ckn_l,1,1/28/2015,16:35:45,20.75,20.75,L,Chicken,"Barbecued Chicken, Red Peppers, Green Peppers, Tomatoes, Red Onions, Barbecue Sauce",The Barbecue Chicken Pizza
3720,1650,cali_ckn_l,1,1/28/2015,16:35:45,20.75,20.75,L,Chicken,"Chicken, Artichoke, Spinach, Garlic, Jalapeno Peppers, Fontina Cheese, Gouda Cheese",The California Chicken Pizza
3721,1650,ital_cpcllo_m,1,1/28/2015,16:35:45,16,16,M,Classic,"Capocollo, Red Peppers, Tomatoes, Goat Cheese, Garlic, Oregano",The Italian Capocollo Pizza
3722,1650,southw_ckn_s,1,1/28/2015,16:35:45,12.75,12.75,S,Chicken,"Chicken, Tomatoes, Red Peppers, Red Onions, Jalapeno Peppers, Corn, Cilantro, Chipotle Sauce",The Southwest Chicken Pizza
3723,1651,ital_veggie_m,1,1/28/2015,16:40:16,16.75,16.75,M,Veggie,"Eggplant, Artichokes, Tomatoes, Zucchini, Red Peppers, Garlic, Pesto Sauce",The Italian Vegetables Pizza
3724,1652,thai_ckn_l,1,1/28/2015,16:56:19,20.75,20.75,L,Chicken,"Chicken, Pineapple, Tomatoes, Red Peppers, Thai Sweet Chilli Sauce",The Thai Chicken Pizza
3725,1652,veggie_veg_m,1,1/28/2015,16:56:19,16,16,M,Veggie,"Mushrooms, Tomatoes, Red Peppers, Green Peppers, Red Onions, Zucchini, Spinach, Garlic",The Vegetables + Vegetables Pizza
3726,1653,big_meat_s,1,1/28/2015,17:28:53,12,12,S,Classic,"Bacon, Pepperoni, Italian Sausage, Chorizo Sausage",The Big Meat Pizza
3727,1653,mexicana_l,1,1/28/2015,17:28:53,20.25,20.25,L,Veggie,"Tomatoes, Red Peppers, Jalapeno Peppers, Red Onions, Cilantro, Corn, Chipotle Sauce, Garlic",The Mexicana Pizza
3728,1654,sicilian_l,1,1/28/2015,17:31:36,20.25,20.25,L,Supreme,"Coarse Sicilian Salami, Tomatoes, Green Olives, Luganega Sausage, Onions, Garlic",The Sicilian Pizza
3729,1654,spicy_ital_l,1,1/28/2015,17:31:36,20.75,20.75,L,Supreme,"Capocollo, Tomatoes, Goat Cheese, Artichokes, Peperoncini verdi, Garlic",The Spicy Italian Pizza
3730,1655,bbq_ckn_m,1,1/28/2015,18:15:14,16.75,16.75,M,Chicken,"Barbecued Chicken, Red Peppers, Green Peppers, Tomatoes, Red Onions, Barbecue Sauce",The Barbecue Chicken Pizza
3731,1655,soppressata_l,1,1/28/2015,18:15:14,20.75,20.75,L,Supreme,"Soppressata Salami, Fontina Cheese, Mozzarella Cheese, Mushrooms, Garlic",The Soppressata Pizza
3732,1655,spicy_ital_m,1,1/28/2015,18:15:14,16.5,16.5,M,Supreme,"Capocollo, Tomatoes, Goat Cheese, Artichokes, Peperoncini verdi, Garlic",The Spicy Italian Pizza
3733,1656,hawaiian_l,1,1/28/2015,18:15:57,16.5,16.5,L,Classic,"Sliced Ham, Pineapple, Mozzarella Cheese",The Hawaiian Pizza
3734,1656,pep_msh_pep_l,1,1/28/2015,18:15:57,17.5,17.5,L,Classic,"Pepperoni, Mushrooms, Green Peppers","The Pepperoni, Mushroom, and Peppers Pizza"
3735,1656,spinach_fet_l,1,1/28/2015,18:15:57,20.25,20.25,L,Veggie,"Spinach, Mushrooms, Red Onions, Feta Cheese, Garlic",The Spinach and Feta Pizza
3736,1656,the_greek_m,1,1/28/2015,18:15:57,16,16,M,Classic,"Kalamata Olives, Feta Cheese, Tomatoes, Garlic, Beef Chuck Roast, Red Onions",The Greek Pizza
3737,1657,bbq_ckn_l,1,1/28/2015,18:24:14,20.75,20.75,L,Chicken,"Barbecued Chicken, Red Peppers, Green Peppers, Tomatoes, Red Onions, Barbecue Sauce",The Barbecue Chicken Pizza
3738,1657,spinach_fet_l,1,1/28/2015,18:24:14,20.25,20.25,L,Veggie,"Spinach, Mushrooms, Red Onions, Feta Cheese, Garlic",The Spinach and Feta Pizza
3739,1658,classic_dlx_s,1,1/28/2015,18:44:20,12,12,S,Classic,"Pepperoni, Mushrooms, Red Onions, Red Peppers, Bacon",The Classic Deluxe Pizza
3740,1658,soppressata_l,1,1/28/2015,18:44:20,20.75,20.75,L,Supreme,"Soppressata Salami, Fontina Cheese, Mozzarella Cheese, Mushrooms, Garlic",The Soppressata Pizza
3741,1659,five_cheese_l,1,1/28/2015,18:48:06,18.5,18.5,L,Veggie,"Mozzarella Cheese, Provolone Cheese, Smoked Gouda Cheese, Romano Cheese, Blue Cheese, Garlic",The Five Cheese Pizza
3742,1659,ital_cpcllo_s,1,1/28/2015,18:48:06,12,12,S,Classic,"Capocollo, Red Peppers, Tomatoes, Goat Cheese, Garlic, Oregano",The Italian Capocollo Pizza
3743,1659,pep_msh_pep_l,1,1/28/2015,18:48:06,17.5,17.5,L,Classic,"Pepperoni, Mushrooms, Green Peppers","The Pepperoni, Mushroom, and Peppers Pizza"
3744,1659,sicilian_l,1,1/28/2015,18:48:06,20.25,20.25,L,Supreme,"Coarse Sicilian Salami, Tomatoes, Green Olives, Luganega Sausage, Onions, Garlic",The Sicilian Pizza
3745,1660,big_meat_s,1,1/28/2015,19:00:12,12,12,S,Classic,"Bacon, Pepperoni, Italian Sausage, Chorizo Sausage",The Big Meat Pizza
3746,1661,ckn_alfredo_m,1,1/28/2015,19:05:34,16.75,16.75,M,Chicken,"Chicken, Red Onions, Red Peppers, Mushrooms, Asiago Cheese, Alfredo Sauce",The Chicken Alfredo Pizza
3747,1661,napolitana_l,1,1/28/2015,19:05:34,20.5,20.5,L,Classic,"Tomatoes, Anchovies, Green Olives, Red Onions, Garlic",The Napolitana Pizza
3748,1662,napolitana_l,1,1/28/2015,19:54:25,20.5,20.5,L,Classic,"Tomatoes, Anchovies, Green Olives, Red Onions, Garlic",The Napolitana Pizza
3749,1663,ital_veggie_l,1,1/28/2015,20:46:18,21,21,L,Veggie,"Eggplant, Artichokes, Tomatoes, Zucchini, Red Peppers, Garlic, Pesto Sauce",The Italian Vegetables Pizza
3750,1663,ital_veggie_m,1,1/28/2015,20:46:18,16.75,16.75,M,Veggie,"Eggplant, Artichokes, Tomatoes, Zucchini, Red Peppers, Garlic, Pesto Sauce",The Italian Vegetables Pizza
3751,1663,sicilian_m,1,1/28/2015,20:46:18,16.25,16.25,M,Supreme,"Coarse Sicilian Salami, Tomatoes, Green Olives, Luganega Sausage, Onions, Garlic",The Sicilian Pizza
3752,1663,thai_ckn_l,1,1/28/2015,20:46:18,20.75,20.75,L,Chicken,"Chicken, Pineapple, Tomatoes, Red Peppers, Thai Sweet Chilli Sauce",The Thai Chicken Pizza
3753,1664,mexicana_m,1,1/28/2015,21:09:10,16,16,M,Veggie,"Tomatoes, Red Peppers, Jalapeno Peppers, Red Onions, Cilantro, Corn, Chipotle Sauce, Garlic",The Mexicana Pizza
3754,1665,sicilian_m,1,1/28/2015,21:24:32,16.25,16.25,M,Supreme,"Coarse Sicilian Salami, Tomatoes, Green Olives, Luganega Sausage, Onions, Garlic",The Sicilian Pizza
3755,1665,thai_ckn_l,1,1/28/2015,21:24:32,20.75,20.75,L,Chicken,"Chicken, Pineapple, Tomatoes, Red Peppers, Thai Sweet Chilli Sauce",The Thai Chicken Pizza
3756,1666,sicilian_s,1,1/28/2015,21:28:58,12.25,12.25,S,Supreme,"Coarse Sicilian Salami, Tomatoes, Green Olives, Luganega Sausage, Onions, Garlic",The Sicilian Pizza
3757,1667,napolitana_s,1,1/28/2015,21:41:42,12,12,S,Classic,"Tomatoes, Anchovies, Green Olives, Red Onions, Garlic",The Napolitana Pizza
3758,1668,big_meat_s,1,1/28/2015,22:28:44,12,12,S,Classic,"Bacon, Pepperoni, Italian Sausage, Chorizo Sausage",The Big Meat Pizza
3759,1668,hawaiian_l,1,1/28/2015,22:28:44,16.5,16.5,L,Classic,"Sliced Ham, Pineapple, Mozzarella Cheese",The Hawaiian Pizza
3760,1668,pepperoni_l,1,1/28/2015,22:28:44,15.25,15.25,L,Classic,"Mozzarella Cheese, Pepperoni",The Pepperoni Pizza
3761,1669,ckn_pesto_l,1,1/29/2015,11:43:36,20.75,20.75,L,Chicken,"Chicken, Tomatoes, Red Peppers, Spinach, Garlic, Pesto Sauce",The Chicken Pesto Pizza
3762,1670,five_cheese_l,1,1/29/2015,11:52:11,18.5,18.5,L,Veggie,"Mozzarella Cheese, Provolone Cheese, Smoked Gouda Cheese, Romano Cheese, Blue Cheese, Garlic",The Five Cheese Pizza
3763,1670,southw_ckn_l,1,1/29/2015,11:52:11,20.75,20.75,L,Chicken,"Chicken, Tomatoes, Red Peppers, Red Onions, Jalapeno Peppers, Corn, Cilantro, Chipotle Sauce",The Southwest Chicken Pizza
3764,1670,spicy_ital_l,1,1/29/2015,11:52:11,20.75,20.75,L,Supreme,"Capocollo, Tomatoes, Goat Cheese, Artichokes, Peperoncini verdi, Garlic",The Spicy Italian Pizza
3765,1670,veggie_veg_l,1,1/29/2015,11:52:11,20.25,20.25,L,Veggie,"Mushrooms, Tomatoes, Red Peppers, Green Peppers, Red Onions, Zucchini, Spinach, Garlic",The Vegetables + Vegetables Pizza
3766,1671,bbq_ckn_l,1,1/29/2015,11:55:01,20.75,20.75,L,Chicken,"Barbecued Chicken, Red Peppers, Green Peppers, Tomatoes, Red Onions, Barbecue Sauce",The Barbecue Chicken Pizza
3767,1671,cali_ckn_s,1,1/29/2015,11:55:01,12.75,12.75,S,Chicken,"Chicken, Artichoke, Spinach, Garlic, Jalapeno Peppers, Fontina Cheese, Gouda Cheese",The California Chicken Pizza
3768,1672,spin_pesto_l,1,1/29/2015,12:14:46,20.75,20.75,L,Veggie,"Spinach, Artichokes, Tomatoes, Sun-dried Tomatoes, Garlic, Pesto Sauce",The Spinach Pesto Pizza
3769,1673,mexicana_m,1,1/29/2015,12:19:02,16,16,M,Veggie,"Tomatoes, Red Peppers, Jalapeno Peppers, Red Onions, Cilantro, Corn, Chipotle Sauce, Garlic",The Mexicana Pizza
3770,1674,five_cheese_l,1,1/29/2015,12:26:17,18.5,18.5,L,Veggie,"Mozzarella Cheese, Provolone Cheese, Smoked Gouda Cheese, Romano Cheese, Blue Cheese, Garlic",The Five Cheese Pizza
3771,1675,hawaiian_m,1,1/29/2015,12:26:53,13.25,13.25,M,Classic,"Sliced Ham, Pineapple, Mozzarella Cheese",The Hawaiian Pizza
3772,1675,pepperoni_s,1,1/29/2015,12:26:53,9.75,9.75,S,Classic,"Mozzarella Cheese, Pepperoni",The Pepperoni Pizza
3773,1675,sicilian_l,1,1/29/2015,12:26:53,20.25,20.25,L,Supreme,"Coarse Sicilian Salami, Tomatoes, Green Olives, Luganega Sausage, Onions, Garlic",The Sicilian Pizza
3774,1675,spicy_ital_s,1,1/29/2015,12:26:53,12.5,12.5,S,Supreme,"Capocollo, Tomatoes, Goat Cheese, Artichokes, Peperoncini verdi, Garlic",The Spicy Italian Pizza
3775,1676,four_cheese_l,1,1/29/2015,12:39:31,17.95,17.95,L,Veggie,"Ricotta Cheese, Gorgonzola Piccante Cheese, Mozzarella Cheese, Parmigiano Reggiano Cheese, Garlic",The Four Cheese Pizza
3776,1677,ckn_pesto_l,1,1/29/2015,12:45:39,20.75,20.75,L,Chicken,"Chicken, Tomatoes, Red Peppers, Spinach, Garlic, Pesto Sauce",The Chicken Pesto Pizza
3777,1678,pepperoni_s,1,1/29/2015,13:06:51,9.75,9.75,S,Classic,"Mozzarella Cheese, Pepperoni",The Pepperoni Pizza
3778,1679,calabrese_m,1,1/29/2015,13:08:52,16.25,16.25,M,Supreme,"æ…›duja Salami, Pancetta, Tomatoes, Red Onions, Friggitello Peppers, Garlic",The Calabrese Pizza
3779,1680,the_greek_xl,1,1/29/2015,13:10:44,25.5,25.5,XL,Classic,"Kalamata Olives, Feta Cheese, Tomatoes, Garlic, Beef Chuck Roast, Red Onions",The Greek Pizza
3780,1681,bbq_ckn_l,1,1/29/2015,13:23:39,20.75,20.75,L,Chicken,"Barbecued Chicken, Red Peppers, Green Peppers, Tomatoes, Red Onions, Barbecue Sauce",The Barbecue Chicken Pizza
3781,1681,cali_ckn_m,1,1/29/2015,13:23:39,16.75,16.75,M,Chicken,"Chicken, Artichoke, Spinach, Garlic, Jalapeno Peppers, Fontina Cheese, Gouda Cheese",The California Chicken Pizza
3782,1682,bbq_ckn_m,1,1/29/2015,13:27:10,16.75,16.75,M,Chicken,"Barbecued Chicken, Red Peppers, Green Peppers, Tomatoes, Red Onions, Barbecue Sauce",The Barbecue Chicken Pizza
3783,1682,pepperoni_l,1,1/29/2015,13:27:10,15.25,15.25,L,Classic,"Mozzarella Cheese, Pepperoni",The Pepperoni Pizza
3784,1683,mexicana_l,1,1/29/2015,13:27:41,20.25,20.25,L,Veggie,"Tomatoes, Red Peppers, Jalapeno Peppers, Red Onions, Cilantro, Corn, Chipotle Sauce, Garlic",The Mexicana Pizza
3785,1684,bbq_ckn_l,1,1/29/2015,13:33:16,20.75,20.75,L,Chicken,"Barbecued Chicken, Red Peppers, Green Peppers, Tomatoes, Red Onions, Barbecue Sauce",The Barbecue Chicken Pizza
3786,1684,big_meat_s,1,1/29/2015,13:33:16,12,12,S,Classic,"Bacon, Pepperoni, Italian Sausage, Chorizo Sausage",The Big Meat Pizza
3787,1684,pepperoni_s,1,1/29/2015,13:33:16,9.75,9.75,S,Classic,"Mozzarella Cheese, Pepperoni",The Pepperoni Pizza
3788,1684,sicilian_s,1,1/29/2015,13:33:16,12.25,12.25,S,Supreme,"Coarse Sicilian Salami, Tomatoes, Green Olives, Luganega Sausage, Onions, Garlic",The Sicilian Pizza
3789,1684,soppressata_l,1,1/29/2015,13:33:16,20.75,20.75,L,Supreme,"Soppressata Salami, Fontina Cheese, Mozzarella Cheese, Mushrooms, Garlic",The Soppressata Pizza
3790,1684,thai_ckn_l,1,1/29/2015,13:33:16,20.75,20.75,L,Chicken,"Chicken, Pineapple, Tomatoes, Red Peppers, Thai Sweet Chilli Sauce",The Thai Chicken Pizza
3791,1685,bbq_ckn_l,1,1/29/2015,13:36:52,20.75,20.75,L,Chicken,"Barbecued Chicken, Red Peppers, Green Peppers, Tomatoes, Red Onions, Barbecue Sauce",The Barbecue Chicken Pizza
3792,1685,cali_ckn_l,1,1/29/2015,13:36:52,20.75,20.75,L,Chicken,"Chicken, Artichoke, Spinach, Garlic, Jalapeno Peppers, Fontina Cheese, Gouda Cheese",The California Chicken Pizza
3793,1685,five_cheese_l,1,1/29/2015,13:36:52,18.5,18.5,L,Veggie,"Mozzarella Cheese, Provolone Cheese, Smoked Gouda Cheese, Romano Cheese, Blue Cheese, Garlic",The Five Cheese Pizza
3794,1685,ital_cpcllo_l,1,1/29/2015,13:36:52,20.5,20.5,L,Classic,"Capocollo, Red Peppers, Tomatoes, Goat Cheese, Garlic, Oregano",The Italian Capocollo Pizza
3795,1685,ital_supr_m,1,1/29/2015,13:36:52,16.5,16.5,M,Supreme,"Calabrese Salami, Capocollo, Tomatoes, Red Onions, Green Olives, Garlic",The Italian Supreme Pizza
3796,1685,mediterraneo_l,2,1/29/2015,13:36:52,20.25,40.5,L,Veggie,"Spinach, Artichokes, Kalamata Olives, Sun-dried Tomatoes, Feta Cheese, Plum Tomatoes, Red Onions",The Mediterranean Pizza
3797,1685,mediterraneo_s,1,1/29/2015,13:36:52,12,12,S,Veggie,"Spinach, Artichokes, Kalamata Olives, Sun-dried Tomatoes, Feta Cheese, Plum Tomatoes, Red Onions",The Mediterranean Pizza
3798,1685,napolitana_l,1,1/29/2015,13:36:52,20.5,20.5,L,Classic,"Tomatoes, Anchovies, Green Olives, Red Onions, Garlic",The Napolitana Pizza
3799,1685,peppr_salami_m,1,1/29/2015,13:36:52,16.5,16.5,M,Supreme,"Genoa Salami, Capocollo, Pepperoni, Tomatoes, Asiago Cheese, Garlic",The Pepper Salami Pizza
3800,1685,sicilian_l,2,1/29/2015,13:36:52,20.25,40.5,L,Supreme,"Coarse Sicilian Salami, Tomatoes, Green Olives, Luganega Sausage, Onions, Garlic",The Sicilian Pizza
3801,1685,sicilian_m,1,1/29/2015,13:36:52,16.25,16.25,M,Supreme,"Coarse Sicilian Salami, Tomatoes, Green Olives, Luganega Sausage, Onions, Garlic",The Sicilian Pizza
3802,1685,southw_ckn_m,1,1/29/2015,13:36:52,16.75,16.75,M,Chicken,"Chicken, Tomatoes, Red Peppers, Red Onions, Jalapeno Peppers, Corn, Cilantro, Chipotle Sauce",The Southwest Chicken Pizza
3803,1685,thai_ckn_s,1,1/29/2015,13:36:52,12.75,12.75,S,Chicken,"Chicken, Pineapple, Tomatoes, Red Peppers, Thai Sweet Chilli Sauce",The Thai Chicken Pizza
3804,1686,five_cheese_l,1,1/29/2015,13:37:50,18.5,18.5,L,Veggie,"Mozzarella Cheese, Provolone Cheese, Smoked Gouda Cheese, Romano Cheese, Blue Cheese, Garlic",The Five Cheese Pizza
3805,1686,ital_cpcllo_l,1,1/29/2015,13:37:50,20.5,20.5,L,Classic,"Capocollo, Red Peppers, Tomatoes, Goat Cheese, Garlic, Oregano",The Italian Capocollo Pizza
3806,1686,prsc_argla_m,1,1/29/2015,13:37:50,16.5,16.5,M,Supreme,"Prosciutto di San Daniele, Arugula, Mozzarella Cheese",The Prosciutto and Arugula Pizza
3807,1686,veggie_veg_s,1,1/29/2015,13:37:50,12,12,S,Veggie,"Mushrooms, Tomatoes, Red Peppers, Green Peppers, Red Onions, Zucchini, Spinach, Garlic",The Vegetables + Vegetables Pizza
3808,1687,peppr_salami_l,2,1/29/2015,13:39:42,20.75,41.5,L,Supreme,"Genoa Salami, Capocollo, Pepperoni, Tomatoes, Asiago Cheese, Garlic",The Pepper Salami Pizza
3809,1687,thai_ckn_l,1,1/29/2015,13:39:42,20.75,20.75,L,Chicken,"Chicken, Pineapple, Tomatoes, Red Peppers, Thai Sweet Chilli Sauce",The Thai Chicken Pizza
3810,1688,pepperoni_s,1,1/29/2015,13:42:20,9.75,9.75,S,Classic,"Mozzarella Cheese, Pepperoni",The Pepperoni Pizza
3811,1689,spinach_fet_l,1,1/29/2015,13:51:07,20.25,20.25,L,Veggie,"Spinach, Mushrooms, Red Onions, Feta Cheese, Garlic",The Spinach and Feta Pizza
3812,1690,four_cheese_m,1,1/29/2015,13:55:35,14.75,14.75,M,Veggie,"Ricotta Cheese, Gorgonzola Piccante Cheese, Mozzarella Cheese, Parmigiano Reggiano Cheese, Garlic",The Four Cheese Pizza
3813,1691,ital_cpcllo_m,1,1/29/2015,14:13:32,16,16,M,Classic,"Capocollo, Red Peppers, Tomatoes, Goat Cheese, Garlic, Oregano",The Italian Capocollo Pizza
3814,1692,ital_veggie_s,1,1/29/2015,14:24:36,12.75,12.75,S,Veggie,"Eggplant, Artichokes, Tomatoes, Zucchini, Red Peppers, Garlic, Pesto Sauce",The Italian Vegetables Pizza
3815,1693,ital_veggie_s,1,1/29/2015,14:28:24,12.75,12.75,S,Veggie,"Eggplant, Artichokes, Tomatoes, Zucchini, Red Peppers, Garlic, Pesto Sauce",The Italian Vegetables Pizza
3816,1694,cali_ckn_l,1,1/29/2015,14:39:52,20.75,20.75,L,Chicken,"Chicken, Artichoke, Spinach, Garlic, Jalapeno Peppers, Fontina Cheese, Gouda Cheese",The California Chicken Pizza
3817,1695,sicilian_m,1,1/29/2015,15:11:01,16.25,16.25,M,Supreme,"Coarse Sicilian Salami, Tomatoes, Green Olives, Luganega Sausage, Onions, Garlic",The Sicilian Pizza
3818,1695,thai_ckn_l,1,1/29/2015,15:11:01,20.75,20.75,L,Chicken,"Chicken, Pineapple, Tomatoes, Red Peppers, Thai Sweet Chilli Sauce",The Thai Chicken Pizza
3819,1696,bbq_ckn_l,1,1/29/2015,15:26:55,20.75,20.75,L,Chicken,"Barbecued Chicken, Red Peppers, Green Peppers, Tomatoes, Red Onions, Barbecue Sauce",The Barbecue Chicken Pizza
3820,1696,mexicana_l,1,1/29/2015,15:26:55,20.25,20.25,L,Veggie,"Tomatoes, Red Peppers, Jalapeno Peppers, Red Onions, Cilantro, Corn, Chipotle Sauce, Garlic",The Mexicana Pizza
3821,1697,classic_dlx_m,1,1/29/2015,16:01:52,16,16,M,Classic,"Pepperoni, Mushrooms, Red Onions, Red Peppers, Bacon",The Classic Deluxe Pizza
3822,1697,prsc_argla_s,1,1/29/2015,16:01:52,12.5,12.5,S,Supreme,"Prosciutto di San Daniele, Arugula, Mozzarella Cheese",The Prosciutto and Arugula Pizza
3823,1698,ital_supr_l,1,1/29/2015,16:04:23,20.75,20.75,L,Supreme,"Calabrese Salami, Capocollo, Tomatoes, Red Onions, Green Olives, Garlic",The Italian Supreme Pizza
3824,1698,prsc_argla_l,1,1/29/2015,16:04:23,20.75,20.75,L,Supreme,"Prosciutto di San Daniele, Arugula, Mozzarella Cheese",The Prosciutto and Arugula Pizza
3825,1698,sicilian_m,1,1/29/2015,16:04:23,16.25,16.25,M,Supreme,"Coarse Sicilian Salami, Tomatoes, Green Olives, Luganega Sausage, Onions, Garlic",The Sicilian Pizza
3826,1699,southw_ckn_l,1,1/29/2015,16:05:53,20.75,20.75,L,Chicken,"Chicken, Tomatoes, Red Peppers, Red Onions, Jalapeno Peppers, Corn, Cilantro, Chipotle Sauce",The Southwest Chicken Pizza
3827,1700,calabrese_l,1,1/29/2015,16:07:41,20.25,20.25,L,Supreme,"æ…›duja Salami, Pancetta, Tomatoes, Red Onions, Friggitello Peppers, Garlic",The Calabrese Pizza
3828,1701,napolitana_m,1,1/29/2015,16:40:57,16,16,M,Classic,"Tomatoes, Anchovies, Green Olives, Red Onions, Garlic",The Napolitana Pizza
3829,1702,ckn_pesto_s,1,1/29/2015,16:48:09,12.75,12.75,S,Chicken,"Chicken, Tomatoes, Red Peppers, Spinach, Garlic, Pesto Sauce",The Chicken Pesto Pizza
3830,1703,bbq_ckn_s,1,1/29/2015,17:47:55,12.75,12.75,S,Chicken,"Barbecued Chicken, Red Peppers, Green Peppers, Tomatoes, Red Onions, Barbecue Sauce",The Barbecue Chicken Pizza
3831,1703,prsc_argla_m,1,1/29/2015,17:47:55,16.5,16.5,M,Supreme,"Prosciutto di San Daniele, Arugula, Mozzarella Cheese",The Prosciutto and Arugula Pizza
3832,1704,ckn_alfredo_s,1,1/29/2015,18:15:40,12.75,12.75,S,Chicken,"Chicken, Red Onions, Red Peppers, Mushrooms, Asiago Cheese, Alfredo Sauce",The Chicken Alfredo Pizza
3833,1704,ital_supr_l,1,1/29/2015,18:15:40,20.75,20.75,L,Supreme,"Calabrese Salami, Capocollo, Tomatoes, Red Onions, Green Olives, Garlic",The Italian Supreme Pizza
3834,1704,soppressata_m,1,1/29/2015,18:15:40,16.5,16.5,M,Supreme,"Soppressata Salami, Fontina Cheese, Mozzarella Cheese, Mushrooms, Garlic",The Soppressata Pizza
3835,1704,veggie_veg_s,1,1/29/2015,18:15:40,12,12,S,Veggie,"Mushrooms, Tomatoes, Red Peppers, Green Peppers, Red Onions, Zucchini, Spinach, Garlic",The Vegetables + Vegetables Pizza
3836,1705,ital_cpcllo_l,1,1/29/2015,18:38:41,20.5,20.5,L,Classic,"Capocollo, Red Peppers, Tomatoes, Goat Cheese, Garlic, Oregano",The Italian Capocollo Pizza
3837,1705,mexicana_m,1,1/29/2015,18:38:41,16,16,M,Veggie,"Tomatoes, Red Peppers, Jalapeno Peppers, Red Onions, Cilantro, Corn, Chipotle Sauce, Garlic",The Mexicana Pizza
3838,1706,mexicana_l,2,1/29/2015,18:44:29,20.25,40.5,L,Veggie,"Tomatoes, Red Peppers, Jalapeno Peppers, Red Onions, Cilantro, Corn, Chipotle Sauce, Garlic",The Mexicana Pizza
3839,1707,ital_cpcllo_m,1,1/29/2015,18:45:58,16,16,M,Classic,"Capocollo, Red Peppers, Tomatoes, Goat Cheese, Garlic, Oregano",The Italian Capocollo Pizza
3840,1707,pepperoni_l,1,1/29/2015,18:45:58,15.25,15.25,L,Classic,"Mozzarella Cheese, Pepperoni",The Pepperoni Pizza
3841,1708,ital_supr_m,1,1/29/2015,18:53:35,16.5,16.5,M,Supreme,"Calabrese Salami, Capocollo, Tomatoes, Red Onions, Green Olives, Garlic",The Italian Supreme Pizza
3842,1709,bbq_ckn_m,1,1/29/2015,18:55:40,16.75,16.75,M,Chicken,"Barbecued Chicken, Red Peppers, Green Peppers, Tomatoes, Red Onions, Barbecue Sauce",The Barbecue Chicken Pizza
3843,1709,peppr_salami_m,1,1/29/2015,18:55:40,16.5,16.5,M,Supreme,"Genoa Salami, Capocollo, Pepperoni, Tomatoes, Asiago Cheese, Garlic",The Pepper Salami Pizza
3844,1709,the_greek_xl,1,1/29/2015,18:55:40,25.5,25.5,XL,Classic,"Kalamata Olives, Feta Cheese, Tomatoes, Garlic, Beef Chuck Roast, Red Onions",The Greek Pizza
3845,1710,cali_ckn_s,1,1/29/2015,18:58:20,12.75,12.75,S,Chicken,"Chicken, Artichoke, Spinach, Garlic, Jalapeno Peppers, Fontina Cheese, Gouda Cheese",The California Chicken Pizza
3846,1710,four_cheese_m,1,1/29/2015,18:58:20,14.75,14.75,M,Veggie,"Ricotta Cheese, Gorgonzola Piccante Cheese, Mozzarella Cheese, Parmigiano Reggiano Cheese, Garlic",The Four Cheese Pizza
3847,1710,hawaiian_m,1,1/29/2015,18:58:20,13.25,13.25,M,Classic,"Sliced Ham, Pineapple, Mozzarella Cheese",The Hawaiian Pizza
3848,1711,four_cheese_l,1,1/29/2015,18:59:29,17.95,17.95,L,Veggie,"Ricotta Cheese, Gorgonzola Piccante Cheese, Mozzarella Cheese, Parmigiano Reggiano Cheese, Garlic",The Four Cheese Pizza
3849,1712,cali_ckn_l,1,1/29/2015,19:23:49,20.75,20.75,L,Chicken,"Chicken, Artichoke, Spinach, Garlic, Jalapeno Peppers, Fontina Cheese, Gouda Cheese",The California Chicken Pizza
3850,1712,ital_supr_l,1,1/29/2015,19:23:49,20.75,20.75,L,Supreme,"Calabrese Salami, Capocollo, Tomatoes, Red Onions, Green Olives, Garlic",The Italian Supreme Pizza
3851,1713,ital_veggie_s,1,1/29/2015,19:32:08,12.75,12.75,S,Veggie,"Eggplant, Artichokes, Tomatoes, Zucchini, Red Peppers, Garlic, Pesto Sauce",The Italian Vegetables Pizza
3852,1714,pep_msh_pep_l,1,1/29/2015,19:34:31,17.5,17.5,L,Classic,"Pepperoni, Mushrooms, Green Peppers","The Pepperoni, Mushroom, and Peppers Pizza"
3853,1715,five_cheese_l,1,1/29/2015,19:36:45,18.5,18.5,L,Veggie,"Mozzarella Cheese, Provolone Cheese, Smoked Gouda Cheese, Romano Cheese, Blue Cheese, Garlic",The Five Cheese Pizza
3854,1715,hawaiian_l,1,1/29/2015,19:36:45,16.5,16.5,L,Classic,"Sliced Ham, Pineapple, Mozzarella Cheese",The Hawaiian Pizza
3855,1715,pepperoni_l,1,1/29/2015,19:36:45,15.25,15.25,L,Classic,"Mozzarella Cheese, Pepperoni",The Pepperoni Pizza
3856,1715,veggie_veg_s,1,1/29/2015,19:36:45,12,12,S,Veggie,"Mushrooms, Tomatoes, Red Peppers, Green Peppers, Red Onions, Zucchini, Spinach, Garlic",The Vegetables + Vegetables Pizza
3857,1716,pep_msh_pep_l,1,1/29/2015,20:05:12,17.5,17.5,L,Classic,"Pepperoni, Mushrooms, Green Peppers","The Pepperoni, Mushroom, and Peppers Pizza"
3858,1716,pepperoni_l,1,1/29/2015,20:05:12,15.25,15.25,L,Classic,"Mozzarella Cheese, Pepperoni",The Pepperoni Pizza
3859,1717,five_cheese_l,1,1/29/2015,20:15:35,18.5,18.5,L,Veggie,"Mozzarella Cheese, Provolone Cheese, Smoked Gouda Cheese, Romano Cheese, Blue Cheese, Garlic",The Five Cheese Pizza
3860,1718,cali_ckn_s,1,1/29/2015,20:15:51,12.75,12.75,S,Chicken,"Chicken, Artichoke, Spinach, Garlic, Jalapeno Peppers, Fontina Cheese, Gouda Cheese",The California Chicken Pizza
3861,1718,prsc_argla_s,1,1/29/2015,20:15:51,12.5,12.5,S,Supreme,"Prosciutto di San Daniele, Arugula, Mozzarella Cheese",The Prosciutto and Arugula Pizza
3862,1718,spicy_ital_l,1,1/29/2015,20:15:51,20.75,20.75,L,Supreme,"Capocollo, Tomatoes, Goat Cheese, Artichokes, Peperoncini verdi, Garlic",The Spicy Italian Pizza
3863,1718,spin_pesto_s,1,1/29/2015,20:15:51,12.5,12.5,S,Veggie,"Spinach, Artichokes, Tomatoes, Sun-dried Tomatoes, Garlic, Pesto Sauce",The Spinach Pesto Pizza
3864,1719,southw_ckn_s,1,1/29/2015,20:23:41,12.75,12.75,S,Chicken,"Chicken, Tomatoes, Red Peppers, Red Onions, Jalapeno Peppers, Corn, Cilantro, Chipotle Sauce",The Southwest Chicken Pizza
3865,1720,mexicana_l,1,1/29/2015,20:37:53,20.25,20.25,L,Veggie,"Tomatoes, Red Peppers, Jalapeno Peppers, Red Onions, Cilantro, Corn, Chipotle Sauce, Garlic",The Mexicana Pizza
3866,1720,the_greek_s,1,1/29/2015,20:37:53,12,12,S,Classic,"Kalamata Olives, Feta Cheese, Tomatoes, Garlic, Beef Chuck Roast, Red Onions",The Greek Pizza
3867,1721,bbq_ckn_m,1,1/29/2015,20:38:52,16.75,16.75,M,Chicken,"Barbecued Chicken, Red Peppers, Green Peppers, Tomatoes, Red Onions, Barbecue Sauce",The Barbecue Chicken Pizza
3868,1721,thai_ckn_l,1,1/29/2015,20:38:52,20.75,20.75,L,Chicken,"Chicken, Pineapple, Tomatoes, Red Peppers, Thai Sweet Chilli Sauce",The Thai Chicken Pizza
3869,1722,ckn_pesto_l,1,1/29/2015,20:41:46,20.75,20.75,L,Chicken,"Chicken, Tomatoes, Red Peppers, Spinach, Garlic, Pesto Sauce",The Chicken Pesto Pizza
3870,1723,brie_carre_s,1,1/29/2015,20:50:55,23.65,23.65,S,Supreme,"Brie Carre Cheese, Prosciutto, Caramelized Onions, Pears, Thyme, Garlic",The Brie Carre Pizza
3871,1724,spicy_ital_s,1,1/29/2015,21:04:42,12.5,12.5,S,Supreme,"Capocollo, Tomatoes, Goat Cheese, Artichokes, Peperoncini verdi, Garlic",The Spicy Italian Pizza
3872,1725,hawaiian_m,1,1/29/2015,21:27:53,13.25,13.25,M,Classic,"Sliced Ham, Pineapple, Mozzarella Cheese",The Hawaiian Pizza
3873,1725,spin_pesto_l,1,1/29/2015,21:27:53,20.75,20.75,L,Veggie,"Spinach, Artichokes, Tomatoes, Sun-dried Tomatoes, Garlic, Pesto Sauce",The Spinach Pesto Pizza
3874,1726,classic_dlx_s,1,1/29/2015,22:44:10,12,12,S,Classic,"Pepperoni, Mushrooms, Red Onions, Red Peppers, Bacon",The Classic Deluxe Pizza
3875,1726,pep_msh_pep_l,1,1/29/2015,22:44:10,17.5,17.5,L,Classic,"Pepperoni, Mushrooms, Green Peppers","The Pepperoni, Mushroom, and Peppers Pizza"
3876,1727,pepperoni_m,1,1/30/2015,11:25:25,12.5,12.5,M,Classic,"Mozzarella Cheese, Pepperoni",The Pepperoni Pizza
3877,1727,thai_ckn_l,1,1/30/2015,11:25:25,20.75,20.75,L,Chicken,"Chicken, Pineapple, Tomatoes, Red Peppers, Thai Sweet Chilli Sauce",The Thai Chicken Pizza
3878,1728,mexicana_m,1,1/30/2015,11:30:32,16,16,M,Veggie,"Tomatoes, Red Peppers, Jalapeno Peppers, Red Onions, Cilantro, Corn, Chipotle Sauce, Garlic",The Mexicana Pizza
3879,1728,prsc_argla_m,1,1/30/2015,11:30:32,16.5,16.5,M,Supreme,"Prosciutto di San Daniele, Arugula, Mozzarella Cheese",The Prosciutto and Arugula Pizza
3880,1729,classic_dlx_m,1,1/30/2015,11:37:42,16,16,M,Classic,"Pepperoni, Mushrooms, Red Onions, Red Peppers, Bacon",The Classic Deluxe Pizza
3881,1730,hawaiian_s,1,1/30/2015,11:39:14,10.5,10.5,S,Classic,"Sliced Ham, Pineapple, Mozzarella Cheese",The Hawaiian Pizza
3882,1730,ital_supr_l,1,1/30/2015,11:39:14,20.75,20.75,L,Supreme,"Calabrese Salami, Capocollo, Tomatoes, Red Onions, Green Olives, Garlic",The Italian Supreme Pizza
3883,1730,prsc_argla_m,1,1/30/2015,11:39:14,16.5,16.5,M,Supreme,"Prosciutto di San Daniele, Arugula, Mozzarella Cheese",The Prosciutto and Arugula Pizza
3884,1731,sicilian_s,1,1/30/2015,12:17:29,12.25,12.25,S,Supreme,"Coarse Sicilian Salami, Tomatoes, Green Olives, Luganega Sausage, Onions, Garlic",The Sicilian Pizza
3885,1732,bbq_ckn_l,1,1/30/2015,12:20:46,20.75,20.75,L,Chicken,"Barbecued Chicken, Red Peppers, Green Peppers, Tomatoes, Red Onions, Barbecue Sauce",The Barbecue Chicken Pizza
3886,1732,big_meat_s,1,1/30/2015,12:20:46,12,12,S,Classic,"Bacon, Pepperoni, Italian Sausage, Chorizo Sausage",The Big Meat Pizza
3887,1732,prsc_argla_m,1,1/30/2015,12:20:46,16.5,16.5,M,Supreme,"Prosciutto di San Daniele, Arugula, Mozzarella Cheese",The Prosciutto and Arugula Pizza
3888,1733,ital_cpcllo_l,1,1/30/2015,12:26:56,20.5,20.5,L,Classic,"Capocollo, Red Peppers, Tomatoes, Goat Cheese, Garlic, Oregano",The Italian Capocollo Pizza
3889,1734,bbq_ckn_l,1,1/30/2015,12:36:42,20.75,20.75,L,Chicken,"Barbecued Chicken, Red Peppers, Green Peppers, Tomatoes, Red Onions, Barbecue Sauce",The Barbecue Chicken Pizza
3890,1734,big_meat_s,1,1/30/2015,12:36:42,12,12,S,Classic,"Bacon, Pepperoni, Italian Sausage, Chorizo Sausage",The Big Meat Pizza
3891,1734,cali_ckn_l,1,1/30/2015,12:36:42,20.75,20.75,L,Chicken,"Chicken, Artichoke, Spinach, Garlic, Jalapeno Peppers, Fontina Cheese, Gouda Cheese",The California Chicken Pizza
3892,1734,ckn_alfredo_s,1,1/30/2015,12:36:42,12.75,12.75,S,Chicken,"Chicken, Red Onions, Red Peppers, Mushrooms, Asiago Cheese, Alfredo Sauce",The Chicken Alfredo Pizza
3893,1734,ckn_pesto_s,1,1/30/2015,12:36:42,12.75,12.75,S,Chicken,"Chicken, Tomatoes, Red Peppers, Spinach, Garlic, Pesto Sauce",The Chicken Pesto Pizza
3894,1734,classic_dlx_s,1,1/30/2015,12:36:42,12,12,S,Classic,"Pepperoni, Mushrooms, Red Onions, Red Peppers, Bacon",The Classic Deluxe Pizza
3895,1734,four_cheese_l,1,1/30/2015,12:36:42,17.95,17.95,L,Veggie,"Ricotta Cheese, Gorgonzola Piccante Cheese, Mozzarella Cheese, Parmigiano Reggiano Cheese, Garlic",The Four Cheese Pizza
3896,1734,ital_supr_l,1,1/30/2015,12:36:42,20.75,20.75,L,Supreme,"Calabrese Salami, Capocollo, Tomatoes, Red Onions, Green Olives, Garlic",The Italian Supreme Pizza
3897,1734,mexicana_l,1,1/30/2015,12:36:42,20.25,20.25,L,Veggie,"Tomatoes, Red Peppers, Jalapeno Peppers, Red Onions, Cilantro, Corn, Chipotle Sauce, Garlic",The Mexicana Pizza
3898,1734,sicilian_l,1,1/30/2015,12:36:42,20.25,20.25,L,Supreme,"Coarse Sicilian Salami, Tomatoes, Green Olives, Luganega Sausage, Onions, Garlic",The Sicilian Pizza
3899,1734,spicy_ital_s,1,1/30/2015,12:36:42,12.5,12.5,S,Supreme,"Capocollo, Tomatoes, Goat Cheese, Artichokes, Peperoncini verdi, Garlic",The Spicy Italian Pizza
3900,1734,thai_ckn_l,1,1/30/2015,12:36:42,20.75,20.75,L,Chicken,"Chicken, Pineapple, Tomatoes, Red Peppers, Thai Sweet Chilli Sauce",The Thai Chicken Pizza
3901,1734,thai_ckn_s,1,1/30/2015,12:36:42,12.75,12.75,S,Chicken,"Chicken, Pineapple, Tomatoes, Red Peppers, Thai Sweet Chilli Sauce",The Thai Chicken Pizza
3902,1735,cali_ckn_m,1,1/30/2015,12:59:38,16.75,16.75,M,Chicken,"Chicken, Artichoke, Spinach, Garlic, Jalapeno Peppers, Fontina Cheese, Gouda Cheese",The California Chicken Pizza
3903,1736,pepperoni_m,1,1/30/2015,13:34:18,12.5,12.5,M,Classic,"Mozzarella Cheese, Pepperoni",The Pepperoni Pizza
3904,1737,calabrese_m,1,1/30/2015,13:41:21,16.25,16.25,M,Supreme,"æ…›duja Salami, Pancetta, Tomatoes, Red Onions, Friggitello Peppers, Garlic",The Calabrese Pizza
3905,1737,ckn_alfredo_m,1,1/30/2015,13:41:21,16.75,16.75,M,Chicken,"Chicken, Red Onions, Red Peppers, Mushrooms, Asiago Cheese, Alfredo Sauce",The Chicken Alfredo Pizza
3906,1737,ckn_pesto_m,1,1/30/2015,13:41:21,16.75,16.75,M,Chicken,"Chicken, Tomatoes, Red Peppers, Spinach, Garlic, Pesto Sauce",The Chicken Pesto Pizza
3907,1738,bbq_ckn_m,1,1/30/2015,13:46:49,16.75,16.75,M,Chicken,"Barbecued Chicken, Red Peppers, Green Peppers, Tomatoes, Red Onions, Barbecue Sauce",The Barbecue Chicken Pizza
3908,1738,hawaiian_s,1,1/30/2015,13:46:49,10.5,10.5,S,Classic,"Sliced Ham, Pineapple, Mozzarella Cheese",The Hawaiian Pizza
3909,1738,ital_supr_m,1,1/30/2015,13:46:49,16.5,16.5,M,Supreme,"Calabrese Salami, Capocollo, Tomatoes, Red Onions, Green Olives, Garlic",The Italian Supreme Pizza
3910,1738,ital_veggie_m,1,1/30/2015,13:46:49,16.75,16.75,M,Veggie,"Eggplant, Artichokes, Tomatoes, Zucchini, Red Peppers, Garlic, Pesto Sauce",The Italian Vegetables Pizza
3911,1739,bbq_ckn_l,1,1/30/2015,13:49:56,20.75,20.75,L,Chicken,"Barbecued Chicken, Red Peppers, Green Peppers, Tomatoes, Red Onions, Barbecue Sauce",The Barbecue Chicken Pizza
3912,1739,bbq_ckn_s,1,1/30/2015,13:49:56,12.75,12.75,S,Chicken,"Barbecued Chicken, Red Peppers, Green Peppers, Tomatoes, Red Onions, Barbecue Sauce",The Barbecue Chicken Pizza
3913,1740,ckn_alfredo_m,1,1/30/2015,14:14:17,16.75,16.75,M,Chicken,"Chicken, Red Onions, Red Peppers, Mushrooms, Asiago Cheese, Alfredo Sauce",The Chicken Alfredo Pizza
3914,1741,sicilian_s,1,1/30/2015,14:19:34,12.25,12.25,S,Supreme,"Coarse Sicilian Salami, Tomatoes, Green Olives, Luganega Sausage, Onions, Garlic",The Sicilian Pizza
3915,1742,five_cheese_l,1,1/30/2015,14:23:30,18.5,18.5,L,Veggie,"Mozzarella Cheese, Provolone Cheese, Smoked Gouda Cheese, Romano Cheese, Blue Cheese, Garlic",The Five Cheese Pizza
3916,1743,soppressata_s,1,1/30/2015,14:25:35,12.5,12.5,S,Supreme,"Soppressata Salami, Fontina Cheese, Mozzarella Cheese, Mushrooms, Garlic",The Soppressata Pizza
3917,1744,bbq_ckn_m,1,1/30/2015,14:26:51,16.75,16.75,M,Chicken,"Barbecued Chicken, Red Peppers, Green Peppers, Tomatoes, Red Onions, Barbecue Sauce",The Barbecue Chicken Pizza
3918,1744,classic_dlx_m,1,1/30/2015,14:26:51,16,16,M,Classic,"Pepperoni, Mushrooms, Red Onions, Red Peppers, Bacon",The Classic Deluxe Pizza
3919,1744,peppr_salami_l,1,1/30/2015,14:26:51,20.75,20.75,L,Supreme,"Genoa Salami, Capocollo, Pepperoni, Tomatoes, Asiago Cheese, Garlic",The Pepper Salami Pizza
3920,1745,brie_carre_s,1,1/30/2015,14:43:16,23.65,23.65,S,Supreme,"Brie Carre Cheese, Prosciutto, Caramelized Onions, Pears, Thyme, Garlic",The Brie Carre Pizza
3921,1745,classic_dlx_l,1,1/30/2015,14:43:16,20.5,20.5,L,Classic,"Pepperoni, Mushrooms, Red Onions, Red Peppers, Bacon",The Classic Deluxe Pizza
3922,1745,green_garden_s,1,1/30/2015,14:43:16,12,12,S,Veggie,"Spinach, Mushrooms, Tomatoes, Green Olives, Feta Cheese",The Green Garden Pizza
3923,1745,spinach_supr_s,1,1/30/2015,14:43:16,12.5,12.5,S,Supreme,"Spinach, Red Onions, Pepperoni, Tomatoes, Artichokes, Kalamata Olives, Garlic, Asiago Cheese",The Spinach Supreme Pizza
3924,1746,classic_dlx_s,1,1/30/2015,15:07:16,12,12,S,Classic,"Pepperoni, Mushrooms, Red Onions, Red Peppers, Bacon",The Classic Deluxe Pizza
3925,1747,pepperoni_m,1,1/30/2015,15:17:51,12.5,12.5,M,Classic,"Mozzarella Cheese, Pepperoni",The Pepperoni Pizza
3926,1747,the_greek_xl,1,1/30/2015,15:17:51,25.5,25.5,XL,Classic,"Kalamata Olives, Feta Cheese, Tomatoes, Garlic, Beef Chuck Roast, Red Onions",The Greek Pizza
3927,1748,cali_ckn_s,1,1/30/2015,15:32:57,12.75,12.75,S,Chicken,"Chicken, Artichoke, Spinach, Garlic, Jalapeno Peppers, Fontina Cheese, Gouda Cheese",The California Chicken Pizza
3928,1749,spin_pesto_s,1,1/30/2015,16:02:56,12.5,12.5,S,Veggie,"Spinach, Artichokes, Tomatoes, Sun-dried Tomatoes, Garlic, Pesto Sauce",The Spinach Pesto Pizza
3929,1749,spinach_supr_s,1,1/30/2015,16:02:56,12.5,12.5,S,Supreme,"Spinach, Red Onions, Pepperoni, Tomatoes, Artichokes, Kalamata Olives, Garlic, Asiago Cheese",The Spinach Supreme Pizza
3930,1749,the_greek_xl,1,1/30/2015,16:02:56,25.5,25.5,XL,Classic,"Kalamata Olives, Feta Cheese, Tomatoes, Garlic, Beef Chuck Roast, Red Onions",The Greek Pizza
3931,1750,bbq_ckn_l,1,1/30/2015,16:12:42,20.75,20.75,L,Chicken,"Barbecued Chicken, Red Peppers, Green Peppers, Tomatoes, Red Onions, Barbecue Sauce",The Barbecue Chicken Pizza
3932,1750,mediterraneo_m,1,1/30/2015,16:12:42,16,16,M,Veggie,"Spinach, Artichokes, Kalamata Olives, Sun-dried Tomatoes, Feta Cheese, Plum Tomatoes, Red Onions",The Mediterranean Pizza
3933,1751,cali_ckn_m,1,1/30/2015,16:49:58,16.75,16.75,M,Chicken,"Chicken, Artichoke, Spinach, Garlic, Jalapeno Peppers, Fontina Cheese, Gouda Cheese",The California Chicken Pizza
3934,1751,four_cheese_m,1,1/30/2015,16:49:58,14.75,14.75,M,Veggie,"Ricotta Cheese, Gorgonzola Piccante Cheese, Mozzarella Cheese, Parmigiano Reggiano Cheese, Garlic",The Four Cheese Pizza
3935,1752,ital_veggie_m,1,1/30/2015,16:51:01,16.75,16.75,M,Veggie,"Eggplant, Artichokes, Tomatoes, Zucchini, Red Peppers, Garlic, Pesto Sauce",The Italian Vegetables Pizza
3936,1752,spicy_ital_m,1,1/30/2015,16:51:01,16.5,16.5,M,Supreme,"Capocollo, Tomatoes, Goat Cheese, Artichokes, Peperoncini verdi, Garlic",The Spicy Italian Pizza
3937,1753,cali_ckn_l,1,1/30/2015,16:53:40,20.75,20.75,L,Chicken,"Chicken, Artichoke, Spinach, Garlic, Jalapeno Peppers, Fontina Cheese, Gouda Cheese",The California Chicken Pizza
3938,1753,spinach_supr_s,1,1/30/2015,16:53:40,12.5,12.5,S,Supreme,"Spinach, Red Onions, Pepperoni, Tomatoes, Artichokes, Kalamata Olives, Garlic, Asiago Cheese",The Spinach Supreme Pizza
3939,1754,bbq_ckn_m,1,1/30/2015,17:11:32,16.75,16.75,M,Chicken,"Barbecued Chicken, Red Peppers, Green Peppers, Tomatoes, Red Onions, Barbecue Sauce",The Barbecue Chicken Pizza
3940,1754,ckn_alfredo_m,1,1/30/2015,17:11:32,16.75,16.75,M,Chicken,"Chicken, Red Onions, Red Peppers, Mushrooms, Asiago Cheese, Alfredo Sauce",The Chicken Alfredo Pizza
3941,1754,ital_veggie_s,1,1/30/2015,17:11:32,12.75,12.75,S,Veggie,"Eggplant, Artichokes, Tomatoes, Zucchini, Red Peppers, Garlic, Pesto Sauce",The Italian Vegetables Pizza
3942,1754,southw_ckn_l,1,1/30/2015,17:11:32,20.75,20.75,L,Chicken,"Chicken, Tomatoes, Red Peppers, Red Onions, Jalapeno Peppers, Corn, Cilantro, Chipotle Sauce",The Southwest Chicken Pizza
3943,1755,hawaiian_s,1,1/30/2015,17:22:31,10.5,10.5,S,Classic,"Sliced Ham, Pineapple, Mozzarella Cheese",The Hawaiian Pizza
3944,1755,the_greek_l,1,1/30/2015,17:22:31,20.5,20.5,L,Classic,"Kalamata Olives, Feta Cheese, Tomatoes, Garlic, Beef Chuck Roast, Red Onions",The Greek Pizza
3945,1756,mediterraneo_s,1,1/30/2015,17:30:17,12,12,S,Veggie,"Spinach, Artichokes, Kalamata Olives, Sun-dried Tomatoes, Feta Cheese, Plum Tomatoes, Red Onions",The Mediterranean Pizza
3946,1757,classic_dlx_m,1,1/30/2015,17:32:30,16,16,M,Classic,"Pepperoni, Mushrooms, Red Onions, Red Peppers, Bacon",The Classic Deluxe Pizza
3947,1757,ital_cpcllo_l,1,1/30/2015,17:32:30,20.5,20.5,L,Classic,"Capocollo, Red Peppers, Tomatoes, Goat Cheese, Garlic, Oregano",The Italian Capocollo Pizza
3948,1758,southw_ckn_m,1,1/30/2015,17:38:25,16.75,16.75,M,Chicken,"Chicken, Tomatoes, Red Peppers, Red Onions, Jalapeno Peppers, Corn, Cilantro, Chipotle Sauce",The Southwest Chicken Pizza
3949,1758,veggie_veg_s,1,1/30/2015,17:38:25,12,12,S,Veggie,"Mushrooms, Tomatoes, Red Peppers, Green Peppers, Red Onions, Zucchini, Spinach, Garlic",The Vegetables + Vegetables Pizza
3950,1759,ital_supr_l,1,1/30/2015,17:49:25,20.75,20.75,L,Supreme,"Calabrese Salami, Capocollo, Tomatoes, Red Onions, Green Olives, Garlic",The Italian Supreme Pizza
3951,1759,mexicana_l,1,1/30/2015,17:49:25,20.25,20.25,L,Veggie,"Tomatoes, Red Peppers, Jalapeno Peppers, Red Onions, Cilantro, Corn, Chipotle Sauce, Garlic",The Mexicana Pizza
3952,1759,prsc_argla_m,1,1/30/2015,17:49:25,16.5,16.5,M,Supreme,"Prosciutto di San Daniele, Arugula, Mozzarella Cheese",The Prosciutto and Arugula Pizza
3953,1759,spinach_fet_m,1,1/30/2015,17:49:25,16,16,M,Veggie,"Spinach, Mushrooms, Red Onions, Feta Cheese, Garlic",The Spinach and Feta Pizza
3954,1760,green_garden_s,1,1/30/2015,18:00:46,12,12,S,Veggie,"Spinach, Mushrooms, Tomatoes, Green Olives, Feta Cheese",The Green Garden Pizza
3955,1761,classic_dlx_m,1,1/30/2015,18:02:30,16,16,M,Classic,"Pepperoni, Mushrooms, Red Onions, Red Peppers, Bacon",The Classic Deluxe Pizza
3956,1762,ital_cpcllo_m,1,1/30/2015,18:14:18,16,16,M,Classic,"Capocollo, Red Peppers, Tomatoes, Goat Cheese, Garlic, Oregano",The Italian Capocollo Pizza
3957,1763,four_cheese_l,1,1/30/2015,18:24:28,17.95,17.95,L,Veggie,"Ricotta Cheese, Gorgonzola Piccante Cheese, Mozzarella Cheese, Parmigiano Reggiano Cheese, Garlic",The Four Cheese Pizza
3958,1764,ital_veggie_s,1,1/30/2015,18:24:57,12.75,12.75,S,Veggie,"Eggplant, Artichokes, Tomatoes, Zucchini, Red Peppers, Garlic, Pesto Sauce",The Italian Vegetables Pizza
3959,1764,soppressata_l,1,1/30/2015,18:24:57,20.75,20.75,L,Supreme,"Soppressata Salami, Fontina Cheese, Mozzarella Cheese, Mushrooms, Garlic",The Soppressata Pizza
3960,1764,spin_pesto_s,1,1/30/2015,18:24:57,12.5,12.5,S,Veggie,"Spinach, Artichokes, Tomatoes, Sun-dried Tomatoes, Garlic, Pesto Sauce",The Spinach Pesto Pizza
3961,1765,ital_veggie_s,1,1/30/2015,18:32:30,12.75,12.75,S,Veggie,"Eggplant, Artichokes, Tomatoes, Zucchini, Red Peppers, Garlic, Pesto Sauce",The Italian Vegetables Pizza
3962,1765,mexicana_l,1,1/30/2015,18:32:30,20.25,20.25,L,Veggie,"Tomatoes, Red Peppers, Jalapeno Peppers, Red Onions, Cilantro, Corn, Chipotle Sauce, Garlic",The Mexicana Pizza
3963,1766,mexicana_m,1,1/30/2015,18:50:13,16,16,M,Veggie,"Tomatoes, Red Peppers, Jalapeno Peppers, Red Onions, Cilantro, Corn, Chipotle Sauce, Garlic",The Mexicana Pizza
3964,1767,cali_ckn_m,1,1/30/2015,19:03:49,16.75,16.75,M,Chicken,"Chicken, Artichoke, Spinach, Garlic, Jalapeno Peppers, Fontina Cheese, Gouda Cheese",The California Chicken Pizza
3965,1767,classic_dlx_m,1,1/30/2015,19:03:49,16,16,M,Classic,"Pepperoni, Mushrooms, Red Onions, Red Peppers, Bacon",The Classic Deluxe Pizza
3966,1767,five_cheese_l,1,1/30/2015,19:03:49,18.5,18.5,L,Veggie,"Mozzarella Cheese, Provolone Cheese, Smoked Gouda Cheese, Romano Cheese, Blue Cheese, Garlic",The Five Cheese Pizza
3967,1767,ital_supr_m,1,1/30/2015,19:03:49,16.5,16.5,M,Supreme,"Calabrese Salami, Capocollo, Tomatoes, Red Onions, Green Olives, Garlic",The Italian Supreme Pizza
3968,1768,ckn_alfredo_l,1,1/30/2015,19:28:42,20.75,20.75,L,Chicken,"Chicken, Red Onions, Red Peppers, Mushrooms, Asiago Cheese, Alfredo Sauce",The Chicken Alfredo Pizza
3969,1769,hawaiian_m,1,1/30/2015,19:28:51,13.25,13.25,M,Classic,"Sliced Ham, Pineapple, Mozzarella Cheese",The Hawaiian Pizza
3970,1769,prsc_argla_l,1,1/30/2015,19:28:51,20.75,20.75,L,Supreme,"Prosciutto di San Daniele, Arugula, Mozzarella Cheese",The Prosciutto and Arugula Pizza
3971,1770,ckn_alfredo_m,1,1/30/2015,19:31:17,16.75,16.75,M,Chicken,"Chicken, Red Onions, Red Peppers, Mushrooms, Asiago Cheese, Alfredo Sauce",The Chicken Alfredo Pizza
3972,1771,classic_dlx_m,1,1/30/2015,19:46:17,16,16,M,Classic,"Pepperoni, Mushrooms, Red Onions, Red Peppers, Bacon",The Classic Deluxe Pizza
3973,1771,spinach_fet_m,1,1/30/2015,19:46:17,16,16,M,Veggie,"Spinach, Mushrooms, Red Onions, Feta Cheese, Garlic",The Spinach and Feta Pizza
3974,1772,ital_veggie_s,1,1/30/2015,19:57:11,12.75,12.75,S,Veggie,"Eggplant, Artichokes, Tomatoes, Zucchini, Red Peppers, Garlic, Pesto Sauce",The Italian Vegetables Pizza
3975,1773,big_meat_s,1,1/30/2015,20:06:40,12,12,S,Classic,"Bacon, Pepperoni, Italian Sausage, Chorizo Sausage",The Big Meat Pizza
3976,1773,classic_dlx_s,1,1/30/2015,20:06:40,12,12,S,Classic,"Pepperoni, Mushrooms, Red Onions, Red Peppers, Bacon",The Classic Deluxe Pizza
3977,1773,spinach_supr_s,1,1/30/2015,20:06:40,12.5,12.5,S,Supreme,"Spinach, Red Onions, Pepperoni, Tomatoes, Artichokes, Kalamata Olives, Garlic, Asiago Cheese",The Spinach Supreme Pizza
3978,1773,thai_ckn_s,1,1/30/2015,20:06:40,12.75,12.75,S,Chicken,"Chicken, Pineapple, Tomatoes, Red Peppers, Thai Sweet Chilli Sauce",The Thai Chicken Pizza
3979,1774,prsc_argla_l,1,1/30/2015,20:07:05,20.75,20.75,L,Supreme,"Prosciutto di San Daniele, Arugula, Mozzarella Cheese",The Prosciutto and Arugula Pizza
3980,1775,peppr_salami_m,1,1/30/2015,20:07:17,16.5,16.5,M,Supreme,"Genoa Salami, Capocollo, Pepperoni, Tomatoes, Asiago Cheese, Garlic",The Pepper Salami Pizza
3981,1776,four_cheese_m,1,1/30/2015,20:09:16,14.75,14.75,M,Veggie,"Ricotta Cheese, Gorgonzola Piccante Cheese, Mozzarella Cheese, Parmigiano Reggiano Cheese, Garlic",The Four Cheese Pizza
3982,1776,spin_pesto_s,1,1/30/2015,20:09:16,12.5,12.5,S,Veggie,"Spinach, Artichokes, Tomatoes, Sun-dried Tomatoes, Garlic, Pesto Sauce",The Spinach Pesto Pizza
3983,1776,thai_ckn_m,1,1/30/2015,20:09:16,16.75,16.75,M,Chicken,"Chicken, Pineapple, Tomatoes, Red Peppers, Thai Sweet Chilli Sauce",The Thai Chicken Pizza
3984,1777,sicilian_l,1,1/30/2015,20:11:18,20.25,20.25,L,Supreme,"Coarse Sicilian Salami, Tomatoes, Green Olives, Luganega Sausage, Onions, Garlic",The Sicilian Pizza
3985,1778,hawaiian_s,1,1/30/2015,20:26:02,10.5,10.5,S,Classic,"Sliced Ham, Pineapple, Mozzarella Cheese",The Hawaiian Pizza
3986,1779,calabrese_m,1,1/30/2015,20:27:12,16.25,16.25,M,Supreme,"æ…›duja Salami, Pancetta, Tomatoes, Red Onions, Friggitello Peppers, Garlic",The Calabrese Pizza
3987,1780,peppr_salami_l,1,1/30/2015,20:54:47,20.75,20.75,L,Supreme,"Genoa Salami, Capocollo, Pepperoni, Tomatoes, Asiago Cheese, Garlic",The Pepper Salami Pizza
3988,1781,bbq_ckn_l,1,1/30/2015,21:05:03,20.75,20.75,L,Chicken,"Barbecued Chicken, Red Peppers, Green Peppers, Tomatoes, Red Onions, Barbecue Sauce",The Barbecue Chicken Pizza
3989,1781,calabrese_l,1,1/30/2015,21:05:03,20.25,20.25,L,Supreme,"æ…›duja Salami, Pancetta, Tomatoes, Red Onions, Friggitello Peppers, Garlic",The Calabrese Pizza
3990,1782,bbq_ckn_m,1,1/30/2015,21:05:29,16.75,16.75,M,Chicken,"Barbecued Chicken, Red Peppers, Green Peppers, Tomatoes, Red Onions, Barbecue Sauce",The Barbecue Chicken Pizza
3991,1782,napolitana_m,1,1/30/2015,21:05:29,16,16,M,Classic,"Tomatoes, Anchovies, Green Olives, Red Onions, Garlic",The Napolitana Pizza
3992,1783,four_cheese_m,1,1/30/2015,21:05:39,14.75,14.75,M,Veggie,"Ricotta Cheese, Gorgonzola Piccante Cheese, Mozzarella Cheese, Parmigiano Reggiano Cheese, Garlic",The Four Cheese Pizza
3993,1784,classic_dlx_m,1,1/30/2015,21:06:05,16,16,M,Classic,"Pepperoni, Mushrooms, Red Onions, Red Peppers, Bacon",The Classic Deluxe Pizza
3994,1784,four_cheese_m,1,1/30/2015,21:06:05,14.75,14.75,M,Veggie,"Ricotta Cheese, Gorgonzola Piccante Cheese, Mozzarella Cheese, Parmigiano Reggiano Cheese, Garlic",The Four Cheese Pizza
3995,1784,ital_veggie_l,1,1/30/2015,21:06:05,21,21,L,Veggie,"Eggplant, Artichokes, Tomatoes, Zucchini, Red Peppers, Garlic, Pesto Sauce",The Italian Vegetables Pizza
3996,1784,spicy_ital_m,1,1/30/2015,21:06:05,16.5,16.5,M,Supreme,"Capocollo, Tomatoes, Goat Cheese, Artichokes, Peperoncini verdi, Garlic",The Spicy Italian Pizza
3997,1785,classic_dlx_s,1,1/30/2015,21:08:02,12,12,S,Classic,"Pepperoni, Mushrooms, Red Onions, Red Peppers, Bacon",The Classic Deluxe Pizza
3998,1785,five_cheese_l,1,1/30/2015,21:08:02,18.5,18.5,L,Veggie,"Mozzarella Cheese, Provolone Cheese, Smoked Gouda Cheese, Romano Cheese, Blue Cheese, Garlic",The Five Cheese Pizza
3999,1786,cali_ckn_l,1,1/30/2015,21:20:25,20.75,20.75,L,Chicken,"Chicken, Artichoke, Spinach, Garlic, Jalapeno Peppers, Fontina Cheese, Gouda Cheese",The California Chicken Pizza
4000,1786,the_greek_l,1,1/30/2015,21:20:25,20.5,20.5,L,Classic,"Kalamata Olives, Feta Cheese, Tomatoes, Garlic, Beef Chuck Roast, Red Onions",The Greek Pizza
4001,1787,ital_cpcllo_l,1,1/30/2015,21:25:54,20.5,20.5,L,Classic,"Capocollo, Red Peppers, Tomatoes, Goat Cheese, Garlic, Oregano",The Italian Capocollo Pizza
4002,1787,pepperoni_l,1,1/30/2015,21:25:54,15.25,15.25,L,Classic,"Mozzarella Cheese, Pepperoni",The Pepperoni Pizza
4003,1787,veggie_veg_s,1,1/30/2015,21:25:54,12,12,S,Veggie,"Mushrooms, Tomatoes, Red Peppers, Green Peppers, Red Onions, Zucchini, Spinach, Garlic",The Vegetables + Vegetables Pizza
4004,1788,peppr_salami_l,1,1/30/2015,21:35:08,20.75,20.75,L,Supreme,"Genoa Salami, Capocollo, Pepperoni, Tomatoes, Asiago Cheese, Garlic",The Pepper Salami Pizza
4005,1788,spinach_supr_l,1,1/30/2015,21:35:08,20.75,20.75,L,Supreme,"Spinach, Red Onions, Pepperoni, Tomatoes, Artichokes, Kalamata Olives, Garlic, Asiago Cheese",The Spinach Supreme Pizza
4006,1789,four_cheese_m,1,1/30/2015,21:49:27,14.75,14.75,M,Veggie,"Ricotta Cheese, Gorgonzola Piccante Cheese, Mozzarella Cheese, Parmigiano Reggiano Cheese, Garlic",The Four Cheese Pizza
4007,1789,sicilian_l,1,1/30/2015,21:49:27,20.25,20.25,L,Supreme,"Coarse Sicilian Salami, Tomatoes, Green Olives, Luganega Sausage, Onions, Garlic",The Sicilian Pizza
4008,1789,spinach_supr_s,1,1/30/2015,21:49:27,12.5,12.5,S,Supreme,"Spinach, Red Onions, Pepperoni, Tomatoes, Artichokes, Kalamata Olives, Garlic, Asiago Cheese",The Spinach Supreme Pizza
4009,1790,spicy_ital_m,1,1/30/2015,22:07:03,16.5,16.5,M,Supreme,"Capocollo, Tomatoes, Goat Cheese, Artichokes, Peperoncini verdi, Garlic",The Spicy Italian Pizza
4010,1791,cali_ckn_m,1,1/30/2015,22:46:02,16.75,16.75,M,Chicken,"Chicken, Artichoke, Spinach, Garlic, Jalapeno Peppers, Fontina Cheese, Gouda Cheese",The California Chicken Pizza
4011,1791,four_cheese_m,1,1/30/2015,22:46:02,14.75,14.75,M,Veggie,"Ricotta Cheese, Gorgonzola Piccante Cheese, Mozzarella Cheese, Parmigiano Reggiano Cheese, Garlic",The Four Cheese Pizza
4012,1791,pep_msh_pep_l,1,1/30/2015,22:46:02,17.5,17.5,L,Classic,"Pepperoni, Mushrooms, Green Peppers","The Pepperoni, Mushroom, and Peppers Pizza"
4013,1791,thai_ckn_l,1,1/30/2015,22:46:02,20.75,20.75,L,Chicken,"Chicken, Pineapple, Tomatoes, Red Peppers, Thai Sweet Chilli Sauce",The Thai Chicken Pizza
4014,1792,mexicana_m,1,1/31/2015,11:31:03,16,16,M,Veggie,"Tomatoes, Red Peppers, Jalapeno Peppers, Red Onions, Cilantro, Corn, Chipotle Sauce, Garlic",The Mexicana Pizza
4015,1792,spinach_supr_s,1,1/31/2015,11:31:03,12.5,12.5,S,Supreme,"Spinach, Red Onions, Pepperoni, Tomatoes, Artichokes, Kalamata Olives, Garlic, Asiago Cheese",The Spinach Supreme Pizza
4016,1792,the_greek_xl,1,1/31/2015,11:31:03,25.5,25.5,XL,Classic,"Kalamata Olives, Feta Cheese, Tomatoes, Garlic, Beef Chuck Roast, Red Onions",The Greek Pizza
4017,1793,four_cheese_m,1,1/31/2015,11:44:04,14.75,14.75,M,Veggie,"Ricotta Cheese, Gorgonzola Piccante Cheese, Mozzarella Cheese, Parmigiano Reggiano Cheese, Garlic",The Four Cheese Pizza
4018,1793,peppr_salami_m,1,1/31/2015,11:44:04,16.5,16.5,M,Supreme,"Genoa Salami, Capocollo, Pepperoni, Tomatoes, Asiago Cheese, Garlic",The Pepper Salami Pizza
4019,1793,veggie_veg_m,1,1/31/2015,11:44:04,16,16,M,Veggie,"Mushrooms, Tomatoes, Red Peppers, Green Peppers, Red Onions, Zucchini, Spinach, Garlic",The Vegetables + Vegetables Pizza
4020,1794,cali_ckn_l,1,1/31/2015,11:56:54,20.75,20.75,L,Chicken,"Chicken, Artichoke, Spinach, Garlic, Jalapeno Peppers, Fontina Cheese, Gouda Cheese",The California Chicken Pizza
4021,1795,bbq_ckn_l,1,1/31/2015,13:21:53,20.75,20.75,L,Chicken,"Barbecued Chicken, Red Peppers, Green Peppers, Tomatoes, Red Onions, Barbecue Sauce",The Barbecue Chicken Pizza
4022,1795,bbq_ckn_m,1,1/31/2015,13:21:53,16.75,16.75,M,Chicken,"Barbecued Chicken, Red Peppers, Green Peppers, Tomatoes, Red Onions, Barbecue Sauce",The Barbecue Chicken Pizza
4023,1795,calabrese_l,1,1/31/2015,13:21:53,20.25,20.25,L,Supreme,"æ…›duja Salami, Pancetta, Tomatoes, Red Onions, Friggitello Peppers, Garlic",The Calabrese Pizza
4024,1795,ckn_pesto_m,1,1/31/2015,13:21:53,16.75,16.75,M,Chicken,"Chicken, Tomatoes, Red Peppers, Spinach, Garlic, Pesto Sauce",The Chicken Pesto Pizza
4025,1795,classic_dlx_s,1,1/31/2015,13:21:53,12,12,S,Classic,"Pepperoni, Mushrooms, Red Onions, Red Peppers, Bacon",The Classic Deluxe Pizza
4026,1795,four_cheese_l,1,1/31/2015,13:21:53,17.95,17.95,L,Veggie,"Ricotta Cheese, Gorgonzola Piccante Cheese, Mozzarella Cheese, Parmigiano Reggiano Cheese, Garlic",The Four Cheese Pizza
4027,1795,mexicana_l,2,1/31/2015,13:21:53,20.25,40.5,L,Veggie,"Tomatoes, Red Peppers, Jalapeno Peppers, Red Onions, Cilantro, Corn, Chipotle Sauce, Garlic",The Mexicana Pizza
4028,1795,sicilian_s,1,1/31/2015,13:21:53,12.25,12.25,S,Supreme,"Coarse Sicilian Salami, Tomatoes, Green Olives, Luganega Sausage, Onions, Garlic",The Sicilian Pizza
4029,1795,soppressata_s,1,1/31/2015,13:21:53,12.5,12.5,S,Supreme,"Soppressata Salami, Fontina Cheese, Mozzarella Cheese, Mushrooms, Garlic",The Soppressata Pizza
4030,1795,spicy_ital_l,1,1/31/2015,13:21:53,20.75,20.75,L,Supreme,"Capocollo, Tomatoes, Goat Cheese, Artichokes, Peperoncini verdi, Garlic",The Spicy Italian Pizza
4031,1795,spicy_ital_s,1,1/31/2015,13:21:53,12.5,12.5,S,Supreme,"Capocollo, Tomatoes, Goat Cheese, Artichokes, Peperoncini verdi, Garlic",The Spicy Italian Pizza
4032,1796,cali_ckn_m,1,1/31/2015,13:31:47,16.75,16.75,M,Chicken,"Chicken, Artichoke, Spinach, Garlic, Jalapeno Peppers, Fontina Cheese, Gouda Cheese",The California Chicken Pizza
4033,1796,four_cheese_l,1,1/31/2015,13:31:47,17.95,17.95,L,Veggie,"Ricotta Cheese, Gorgonzola Piccante Cheese, Mozzarella Cheese, Parmigiano Reggiano Cheese, Garlic",The Four Cheese Pizza
4034,1796,ital_cpcllo_s,1,1/31/2015,13:31:47,12,12,S,Classic,"Capocollo, Red Peppers, Tomatoes, Goat Cheese, Garlic, Oregano",The Italian Capocollo Pizza
4035,1796,napolitana_l,1,1/31/2015,13:31:47,20.5,20.5,L,Classic,"Tomatoes, Anchovies, Green Olives, Red Onions, Garlic",The Napolitana Pizza
4036,1796,peppr_salami_l,1,1/31/2015,13:31:47,20.75,20.75,L,Supreme,"Genoa Salami, Capocollo, Pepperoni, Tomatoes, Asiago Cheese, Garlic",The Pepper Salami Pizza
4037,1796,soppressata_m,1,1/31/2015,13:31:47,16.5,16.5,M,Supreme,"Soppressata Salami, Fontina Cheese, Mozzarella Cheese, Mushrooms, Garlic",The Soppressata Pizza
4038,1797,napolitana_l,1,1/31/2015,13:40:00,20.5,20.5,L,Classic,"Tomatoes, Anchovies, Green Olives, Red Onions, Garlic",The Napolitana Pizza
4039,1797,thai_ckn_m,1,1/31/2015,13:40:00,16.75,16.75,M,Chicken,"Chicken, Pineapple, Tomatoes, Red Peppers, Thai Sweet Chilli Sauce",The Thai Chicken Pizza
4040,1798,ckn_pesto_l,1,1/31/2015,14:03:30,20.75,20.75,L,Chicken,"Chicken, Tomatoes, Red Peppers, Spinach, Garlic, Pesto Sauce",The Chicken Pesto Pizza
4041,1799,peppr_salami_s,1,1/31/2015,14:07:32,12.5,12.5,S,Supreme,"Genoa Salami, Capocollo, Pepperoni, Tomatoes, Asiago Cheese, Garlic",The Pepper Salami Pizza
4042,1800,spinach_supr_m,1,1/31/2015,14:17:39,16.5,16.5,M,Supreme,"Spinach, Red Onions, Pepperoni, Tomatoes, Artichokes, Kalamata Olives, Garlic, Asiago Cheese",The Spinach Supreme Pizza
4043,1801,cali_ckn_l,1,1/31/2015,14:37:52,20.75,20.75,L,Chicken,"Chicken, Artichoke, Spinach, Garlic, Jalapeno Peppers, Fontina Cheese, Gouda Cheese",The California Chicken Pizza
4044,1801,ital_cpcllo_s,1,1/31/2015,14:37:52,12,12,S,Classic,"Capocollo, Red Peppers, Tomatoes, Goat Cheese, Garlic, Oregano",The Italian Capocollo Pizza
4045,1801,ital_supr_m,1,1/31/2015,14:37:52,16.5,16.5,M,Supreme,"Calabrese Salami, Capocollo, Tomatoes, Red Onions, Green Olives, Garlic",The Italian Supreme Pizza
4046,1801,sicilian_s,1,1/31/2015,14:37:52,12.25,12.25,S,Supreme,"Coarse Sicilian Salami, Tomatoes, Green Olives, Luganega Sausage, Onions, Garlic",The Sicilian Pizza
4047,1801,the_greek_xl,1,1/31/2015,14:37:52,25.5,25.5,XL,Classic,"Kalamata Olives, Feta Cheese, Tomatoes, Garlic, Beef Chuck Roast, Red Onions",The Greek Pizza
4048,1802,brie_carre_s,1,1/31/2015,14:55:20,23.65,23.65,S,Supreme,"Brie Carre Cheese, Prosciutto, Caramelized Onions, Pears, Thyme, Garlic",The Brie Carre Pizza
4049,1802,ital_cpcllo_l,1,1/31/2015,14:55:20,20.5,20.5,L,Classic,"Capocollo, Red Peppers, Tomatoes, Goat Cheese, Garlic, Oregano",The Italian Capocollo Pizza
4050,1802,thai_ckn_m,1,1/31/2015,14:55:20,16.75,16.75,M,Chicken,"Chicken, Pineapple, Tomatoes, Red Peppers, Thai Sweet Chilli Sauce",The Thai Chicken Pizza
4051,1802,veggie_veg_l,1,1/31/2015,14:55:20,20.25,20.25,L,Veggie,"Mushrooms, Tomatoes, Red Peppers, Green Peppers, Red Onions, Zucchini, Spinach, Garlic",The Vegetables + Vegetables Pizza
4052,1803,ital_cpcllo_l,1,1/31/2015,15:12:38,20.5,20.5,L,Classic,"Capocollo, Red Peppers, Tomatoes, Goat Cheese, Garlic, Oregano",The Italian Capocollo Pizza
4053,1803,ital_veggie_m,1,1/31/2015,15:12:38,16.75,16.75,M,Veggie,"Eggplant, Artichokes, Tomatoes, Zucchini, Red Peppers, Garlic, Pesto Sauce",The Italian Vegetables Pizza
4054,1803,veggie_veg_m,1,1/31/2015,15:12:38,16,16,M,Veggie,"Mushrooms, Tomatoes, Red Peppers, Green Peppers, Red Onions, Zucchini, Spinach, Garlic",The Vegetables + Vegetables Pizza
4055,1804,calabrese_m,1,1/31/2015,15:44:13,16.25,16.25,M,Supreme,"æ…›duja Salami, Pancetta, Tomatoes, Red Onions, Friggitello Peppers, Garlic",The Calabrese Pizza
4056,1804,four_cheese_m,1,1/31/2015,15:44:13,14.75,14.75,M,Veggie,"Ricotta Cheese, Gorgonzola Piccante Cheese, Mozzarella Cheese, Parmigiano Reggiano Cheese, Garlic",The Four Cheese Pizza
4057,1805,hawaiian_s,1,1/31/2015,16:01:42,10.5,10.5,S,Classic,"Sliced Ham, Pineapple, Mozzarella Cheese",The Hawaiian Pizza
4058,1805,spinach_supr_l,1,1/31/2015,16:01:42,20.75,20.75,L,Supreme,"Spinach, Red Onions, Pepperoni, Tomatoes, Artichokes, Kalamata Olives, Garlic, Asiago Cheese",The Spinach Supreme Pizza
4059,1806,hawaiian_l,1,1/31/2015,16:02:17,16.5,16.5,L,Classic,"Sliced Ham, Pineapple, Mozzarella Cheese",The Hawaiian Pizza
4060,1806,napolitana_s,1,1/31/2015,16:02:17,12,12,S,Classic,"Tomatoes, Anchovies, Green Olives, Red Onions, Garlic",The Napolitana Pizza
4061,1806,pepperoni_m,1,1/31/2015,16:02:17,12.5,12.5,M,Classic,"Mozzarella Cheese, Pepperoni",The Pepperoni Pizza
4062,1807,big_meat_s,1,1/31/2015,16:07:02,12,12,S,Classic,"Bacon, Pepperoni, Italian Sausage, Chorizo Sausage",The Big Meat Pizza
4063,1807,green_garden_m,1,1/31/2015,16:07:02,16,16,M,Veggie,"Spinach, Mushrooms, Tomatoes, Green Olives, Feta Cheese",The Green Garden Pizza
4064,1807,spinach_fet_l,2,1/31/2015,16:07:02,20.25,40.5,L,Veggie,"Spinach, Mushrooms, Red Onions, Feta Cheese, Garlic",The Spinach and Feta Pizza
4065,1808,big_meat_s,1,1/31/2015,16:07:49,12,12,S,Classic,"Bacon, Pepperoni, Italian Sausage, Chorizo Sausage",The Big Meat Pizza
4066,1808,veggie_veg_m,1,1/31/2015,16:07:49,16,16,M,Veggie,"Mushrooms, Tomatoes, Red Peppers, Green Peppers, Red Onions, Zucchini, Spinach, Garlic",The Vegetables + Vegetables Pizza
4067,1809,five_cheese_l,1,1/31/2015,16:13:08,18.5,18.5,L,Veggie,"Mozzarella Cheese, Provolone Cheese, Smoked Gouda Cheese, Romano Cheese, Blue Cheese, Garlic",The Five Cheese Pizza
4068,1809,sicilian_m,1,1/31/2015,16:13:08,16.25,16.25,M,Supreme,"Coarse Sicilian Salami, Tomatoes, Green Olives, Luganega Sausage, Onions, Garlic",The Sicilian Pizza
4069,1810,classic_dlx_m,1,1/31/2015,16:16:19,16,16,M,Classic,"Pepperoni, Mushrooms, Red Onions, Red Peppers, Bacon",The Classic Deluxe Pizza
4070,1811,green_garden_s,1,1/31/2015,16:23:44,12,12,S,Veggie,"Spinach, Mushrooms, Tomatoes, Green Olives, Feta Cheese",The Green Garden Pizza
4071,1811,hawaiian_s,1,1/31/2015,16:23:44,10.5,10.5,S,Classic,"Sliced Ham, Pineapple, Mozzarella Cheese",The Hawaiian Pizza
4072,1811,peppr_salami_s,1,1/31/2015,16:23:44,12.5,12.5,S,Supreme,"Genoa Salami, Capocollo, Pepperoni, Tomatoes, Asiago Cheese, Garlic",The Pepper Salami Pizza
4073,1812,classic_dlx_m,1,1/31/2015,17:13:55,16,16,M,Classic,"Pepperoni, Mushrooms, Red Onions, Red Peppers, Bacon",The Classic Deluxe Pizza
4074,1812,veggie_veg_l,1,1/31/2015,17:13:55,20.25,20.25,L,Veggie,"Mushrooms, Tomatoes, Red Peppers, Green Peppers, Red Onions, Zucchini, Spinach, Garlic",The Vegetables + Vegetables Pizza
4075,1813,five_cheese_l,1,1/31/2015,17:21:03,18.5,18.5,L,Veggie,"Mozzarella Cheese, Provolone Cheese, Smoked Gouda Cheese, Romano Cheese, Blue Cheese, Garlic",The Five Cheese Pizza
4076,1813,veggie_veg_l,1,1/31/2015,17:21:03,20.25,20.25,L,Veggie,"Mushrooms, Tomatoes, Red Peppers, Green Peppers, Red Onions, Zucchini, Spinach, Garlic",The Vegetables + Vegetables Pizza
4077,1814,big_meat_s,1,1/31/2015,17:24:47,12,12,S,Classic,"Bacon, Pepperoni, Italian Sausage, Chorizo Sausage",The Big Meat Pizza
4078,1814,ckn_alfredo_m,1,1/31/2015,17:24:47,16.75,16.75,M,Chicken,"Chicken, Red Onions, Red Peppers, Mushrooms, Asiago Cheese, Alfredo Sauce",The Chicken Alfredo Pizza
4079,1814,sicilian_s,1,1/31/2015,17:24:47,12.25,12.25,S,Supreme,"Coarse Sicilian Salami, Tomatoes, Green Olives, Luganega Sausage, Onions, Garlic",The Sicilian Pizza
4080,1815,big_meat_s,1,1/31/2015,17:33:56,12,12,S,Classic,"Bacon, Pepperoni, Italian Sausage, Chorizo Sausage",The Big Meat Pizza
4081,1815,hawaiian_s,1,1/31/2015,17:33:56,10.5,10.5,S,Classic,"Sliced Ham, Pineapple, Mozzarella Cheese",The Hawaiian Pizza
4082,1815,ital_cpcllo_l,1,1/31/2015,17:33:56,20.5,20.5,L,Classic,"Capocollo, Red Peppers, Tomatoes, Goat Cheese, Garlic, Oregano",The Italian Capocollo Pizza
4083,1816,four_cheese_l,1,1/31/2015,17:59:29,17.95,17.95,L,Veggie,"Ricotta Cheese, Gorgonzola Piccante Cheese, Mozzarella Cheese, Parmigiano Reggiano Cheese, Garlic",The Four Cheese Pizza
4084,1816,hawaiian_m,1,1/31/2015,17:59:29,13.25,13.25,M,Classic,"Sliced Ham, Pineapple, Mozzarella Cheese",The Hawaiian Pizza
4085,1816,spicy_ital_m,1,1/31/2015,17:59:29,16.5,16.5,M,Supreme,"Capocollo, Tomatoes, Goat Cheese, Artichokes, Peperoncini verdi, Garlic",The Spicy Italian Pizza
4086,1817,big_meat_s,1,1/31/2015,18:05:04,12,12,S,Classic,"Bacon, Pepperoni, Italian Sausage, Chorizo Sausage",The Big Meat Pizza
4087,1817,peppr_salami_l,1,1/31/2015,18:05:04,20.75,20.75,L,Supreme,"Genoa Salami, Capocollo, Pepperoni, Tomatoes, Asiago Cheese, Garlic",The Pepper Salami Pizza
4088,1817,sicilian_m,1,1/31/2015,18:05:04,16.25,16.25,M,Supreme,"Coarse Sicilian Salami, Tomatoes, Green Olives, Luganega Sausage, Onions, Garlic",The Sicilian Pizza
4089,1818,napolitana_l,1,1/31/2015,18:05:33,20.5,20.5,L,Classic,"Tomatoes, Anchovies, Green Olives, Red Onions, Garlic",The Napolitana Pizza
4090,1818,sicilian_s,1,1/31/2015,18:05:33,12.25,12.25,S,Supreme,"Coarse Sicilian Salami, Tomatoes, Green Olives, Luganega Sausage, Onions, Garlic",The Sicilian Pizza
4091,1819,bbq_ckn_m,1,1/31/2015,18:06:26,16.75,16.75,M,Chicken,"Barbecued Chicken, Red Peppers, Green Peppers, Tomatoes, Red Onions, Barbecue Sauce",The Barbecue Chicken Pizza
4092,1819,pepperoni_m,1,1/31/2015,18:06:26,12.5,12.5,M,Classic,"Mozzarella Cheese, Pepperoni",The Pepperoni Pizza
4093,1819,veggie_veg_m,1,1/31/2015,18:06:26,16,16,M,Veggie,"Mushrooms, Tomatoes, Red Peppers, Green Peppers, Red Onions, Zucchini, Spinach, Garlic",The Vegetables + Vegetables Pizza
4094,1820,cali_ckn_s,1,1/31/2015,18:13:57,12.75,12.75,S,Chicken,"Chicken, Artichoke, Spinach, Garlic, Jalapeno Peppers, Fontina Cheese, Gouda Cheese",The California Chicken Pizza
4095,1820,four_cheese_l,1,1/31/2015,18:13:57,17.95,17.95,L,Veggie,"Ricotta Cheese, Gorgonzola Piccante Cheese, Mozzarella Cheese, Parmigiano Reggiano Cheese, Garlic",The Four Cheese Pizza
4096,1820,napolitana_m,1,1/31/2015,18:13:57,16,16,M,Classic,"Tomatoes, Anchovies, Green Olives, Red Onions, Garlic",The Napolitana Pizza
4097,1821,ckn_alfredo_m,1,1/31/2015,18:14:53,16.75,16.75,M,Chicken,"Chicken, Red Onions, Red Peppers, Mushrooms, Asiago Cheese, Alfredo Sauce",The Chicken Alfredo Pizza
4098,1821,spinach_fet_l,1,1/31/2015,18:14:53,20.25,20.25,L,Veggie,"Spinach, Mushrooms, Red Onions, Feta Cheese, Garlic",The Spinach and Feta Pizza
4099,1822,calabrese_m,1,1/31/2015,18:17:53,16.25,16.25,M,Supreme,"æ…›duja Salami, Pancetta, Tomatoes, Red Onions, Friggitello Peppers, Garlic",The Calabrese Pizza
4100,1822,ital_supr_l,1,1/31/2015,18:17:53,20.75,20.75,L,Supreme,"Calabrese Salami, Capocollo, Tomatoes, Red Onions, Green Olives, Garlic",The Italian Supreme Pizza
4101,1823,cali_ckn_m,1,1/31/2015,18:19:33,16.75,16.75,M,Chicken,"Chicken, Artichoke, Spinach, Garlic, Jalapeno Peppers, Fontina Cheese, Gouda Cheese",The California Chicken Pizza
4102,1824,big_meat_s,1,1/31/2015,18:20:38,12,12,S,Classic,"Bacon, Pepperoni, Italian Sausage, Chorizo Sausage",The Big Meat Pizza
4103,1824,southw_ckn_m,1,1/31/2015,18:20:38,16.75,16.75,M,Chicken,"Chicken, Tomatoes, Red Peppers, Red Onions, Jalapeno Peppers, Corn, Cilantro, Chipotle Sauce",The Southwest Chicken Pizza
4104,1825,classic_dlx_l,1,1/31/2015,18:22:51,20.5,20.5,L,Classic,"Pepperoni, Mushrooms, Red Onions, Red Peppers, Bacon",The Classic Deluxe Pizza
4105,1825,five_cheese_l,1,1/31/2015,18:22:51,18.5,18.5,L,Veggie,"Mozzarella Cheese, Provolone Cheese, Smoked Gouda Cheese, Romano Cheese, Blue Cheese, Garlic",The Five Cheese Pizza
4106,1825,sicilian_l,1,1/31/2015,18:22:51,20.25,20.25,L,Supreme,"Coarse Sicilian Salami, Tomatoes, Green Olives, Luganega Sausage, Onions, Garlic",The Sicilian Pizza
4107,1826,four_cheese_l,1,1/31/2015,18:33:05,17.95,17.95,L,Veggie,"Ricotta Cheese, Gorgonzola Piccante Cheese, Mozzarella Cheese, Parmigiano Reggiano Cheese, Garlic",The Four Cheese Pizza
4108,1826,prsc_argla_l,1,1/31/2015,18:33:05,20.75,20.75,L,Supreme,"Prosciutto di San Daniele, Arugula, Mozzarella Cheese",The Prosciutto and Arugula Pizza
4109,1826,prsc_argla_s,1,1/31/2015,18:33:05,12.5,12.5,S,Supreme,"Prosciutto di San Daniele, Arugula, Mozzarella Cheese",The Prosciutto and Arugula Pizza
4110,1826,the_greek_m,1,1/31/2015,18:33:05,16,16,M,Classic,"Kalamata Olives, Feta Cheese, Tomatoes, Garlic, Beef Chuck Roast, Red Onions",The Greek Pizza
4111,1827,ital_supr_m,1,1/31/2015,18:56:22,16.5,16.5,M,Supreme,"Calabrese Salami, Capocollo, Tomatoes, Red Onions, Green Olives, Garlic",The Italian Supreme Pizza
4112,1827,mexicana_m,1,1/31/2015,18:56:22,16,16,M,Veggie,"Tomatoes, Red Peppers, Jalapeno Peppers, Red Onions, Cilantro, Corn, Chipotle Sauce, Garlic",The Mexicana Pizza
4113,1827,soppressata_s,1,1/31/2015,18:56:22,12.5,12.5,S,Supreme,"Soppressata Salami, Fontina Cheese, Mozzarella Cheese, Mushrooms, Garlic",The Soppressata Pizza
4114,1828,pepperoni_s,1,1/31/2015,19:12:25,9.75,9.75,S,Classic,"Mozzarella Cheese, Pepperoni",The Pepperoni Pizza
4115,1828,spinach_supr_s,1,1/31/2015,19:12:25,12.5,12.5,S,Supreme,"Spinach, Red Onions, Pepperoni, Tomatoes, Artichokes, Kalamata Olives, Garlic, Asiago Cheese",The Spinach Supreme Pizza
4116,1828,thai_ckn_l,1,1/31/2015,19:12:25,20.75,20.75,L,Chicken,"Chicken, Pineapple, Tomatoes, Red Peppers, Thai Sweet Chilli Sauce",The Thai Chicken Pizza
4117,1829,cali_ckn_l,1,1/31/2015,19:15:50,20.75,20.75,L,Chicken,"Chicken, Artichoke, Spinach, Garlic, Jalapeno Peppers, Fontina Cheese, Gouda Cheese",The California Chicken Pizza
4118,1829,pep_msh_pep_l,1,1/31/2015,19:15:50,17.5,17.5,L,Classic,"Pepperoni, Mushrooms, Green Peppers","The Pepperoni, Mushroom, and Peppers Pizza"
4119,1829,thai_ckn_l,1,1/31/2015,19:15:50,20.75,20.75,L,Chicken,"Chicken, Pineapple, Tomatoes, Red Peppers, Thai Sweet Chilli Sauce",The Thai Chicken Pizza
4120,1829,the_greek_l,1,1/31/2015,19:15:50,20.5,20.5,L,Classic,"Kalamata Olives, Feta Cheese, Tomatoes, Garlic, Beef Chuck Roast, Red Onions",The Greek Pizza
4121,1830,sicilian_l,1,1/31/2015,19:23:54,20.25,20.25,L,Supreme,"Coarse Sicilian Salami, Tomatoes, Green Olives, Luganega Sausage, Onions, Garlic",The Sicilian Pizza
4122,1831,sicilian_l,1,1/31/2015,20:02:14,20.25,20.25,L,Supreme,"Coarse Sicilian Salami, Tomatoes, Green Olives, Luganega Sausage, Onions, Garlic",The Sicilian Pizza
4123,1832,napolitana_l,1,1/31/2015,20:08:22,20.5,20.5,L,Classic,"Tomatoes, Anchovies, Green Olives, Red Onions, Garlic",The Napolitana Pizza
4124,1833,cali_ckn_l,1,1/31/2015,20:11:10,20.75,20.75,L,Chicken,"Chicken, Artichoke, Spinach, Garlic, Jalapeno Peppers, Fontina Cheese, Gouda Cheese",The California Chicken Pizza
4125,1833,mexicana_m,1,1/31/2015,20:11:10,16,16,M,Veggie,"Tomatoes, Red Peppers, Jalapeno Peppers, Red Onions, Cilantro, Corn, Chipotle Sauce, Garlic",The Mexicana Pizza
4126,1834,ital_supr_m,1,1/31/2015,20:26:06,16.5,16.5,M,Supreme,"Calabrese Salami, Capocollo, Tomatoes, Red Onions, Green Olives, Garlic",The Italian Supreme Pizza
4127,1834,prsc_argla_m,1,1/31/2015,20:26:06,16.5,16.5,M,Supreme,"Prosciutto di San Daniele, Arugula, Mozzarella Cheese",The Prosciutto and Arugula Pizza
4128,1835,cali_ckn_m,1,1/31/2015,20:28:11,16.75,16.75,M,Chicken,"Chicken, Artichoke, Spinach, Garlic, Jalapeno Peppers, Fontina Cheese, Gouda Cheese",The California Chicken Pizza
4129,1835,hawaiian_m,1,1/31/2015,20:28:11,13.25,13.25,M,Classic,"Sliced Ham, Pineapple, Mozzarella Cheese",The Hawaiian Pizza
4130,1835,ital_veggie_s,1,1/31/2015,20:28:11,12.75,12.75,S,Veggie,"Eggplant, Artichokes, Tomatoes, Zucchini, Red Peppers, Garlic, Pesto Sauce",The Italian Vegetables Pizza
4131,1835,pep_msh_pep_l,1,1/31/2015,20:28:11,17.5,17.5,L,Classic,"Pepperoni, Mushrooms, Green Peppers","The Pepperoni, Mushroom, and Peppers Pizza"
4132,1836,veggie_veg_s,1,1/31/2015,20:46:18,12,12,S,Veggie,"Mushrooms, Tomatoes, Red Peppers, Green Peppers, Red Onions, Zucchini, Spinach, Garlic",The Vegetables + Vegetables Pizza
4133,1837,bbq_ckn_m,1,1/31/2015,20:56:35,16.75,16.75,M,Chicken,"Barbecued Chicken, Red Peppers, Green Peppers, Tomatoes, Red Onions, Barbecue Sauce",The Barbecue Chicken Pizza
4134,1837,ital_cpcllo_l,1,1/31/2015,20:56:35,20.5,20.5,L,Classic,"Capocollo, Red Peppers, Tomatoes, Goat Cheese, Garlic, Oregano",The Italian Capocollo Pizza
4135,1837,mediterraneo_m,1,1/31/2015,20:56:35,16,16,M,Veggie,"Spinach, Artichokes, Kalamata Olives, Sun-dried Tomatoes, Feta Cheese, Plum Tomatoes, Red Onions",The Mediterranean Pizza
4136,1837,veggie_veg_l,1,1/31/2015,20:56:35,20.25,20.25,L,Veggie,"Mushrooms, Tomatoes, Red Peppers, Green Peppers, Red Onions, Zucchini, Spinach, Garlic",The Vegetables + Vegetables Pizza
4137,1838,four_cheese_l,1,1/31/2015,20:56:38,17.95,17.95,L,Veggie,"Ricotta Cheese, Gorgonzola Piccante Cheese, Mozzarella Cheese, Parmigiano Reggiano Cheese, Garlic",The Four Cheese Pizza
4138,1838,ital_cpcllo_l,1,1/31/2015,20:56:38,20.5,20.5,L,Classic,"Capocollo, Red Peppers, Tomatoes, Goat Cheese, Garlic, Oregano",The Italian Capocollo Pizza
4139,1838,southw_ckn_l,1,1/31/2015,20:56:38,20.75,20.75,L,Chicken,"Chicken, Tomatoes, Red Peppers, Red Onions, Jalapeno Peppers, Corn, Cilantro, Chipotle Sauce",The Southwest Chicken Pizza
4140,1839,spicy_ital_l,1,1/31/2015,20:58:38,20.75,20.75,L,Supreme,"Capocollo, Tomatoes, Goat Cheese, Artichokes, Peperoncini verdi, Garlic",The Spicy Italian Pizza
4141,1840,big_meat_s,1,1/31/2015,21:01:00,12,12,S,Classic,"Bacon, Pepperoni, Italian Sausage, Chorizo Sausage",The Big Meat Pizza
4142,1840,classic_dlx_m,1,1/31/2015,21:01:00,16,16,M,Classic,"Pepperoni, Mushrooms, Red Onions, Red Peppers, Bacon",The Classic Deluxe Pizza
4143,1840,hawaiian_m,1,1/31/2015,21:01:00,13.25,13.25,M,Classic,"Sliced Ham, Pineapple, Mozzarella Cheese",The Hawaiian Pizza
4144,1840,ital_supr_m,1,1/31/2015,21:01:00,16.5,16.5,M,Supreme,"Calabrese Salami, Capocollo, Tomatoes, Red Onions, Green Olives, Garlic",The Italian Supreme Pizza
4145,1841,soppressata_m,1,1/31/2015,21:01:18,16.5,16.5,M,Supreme,"Soppressata Salami, Fontina Cheese, Mozzarella Cheese, Mushrooms, Garlic",The Soppressata Pizza
4146,1841,spicy_ital_s,1,1/31/2015,21:01:18,12.5,12.5,S,Supreme,"Capocollo, Tomatoes, Goat Cheese, Artichokes, Peperoncini verdi, Garlic",The Spicy Italian Pizza
4147,1842,napolitana_l,1,1/31/2015,21:07:17,20.5,20.5,L,Classic,"Tomatoes, Anchovies, Green Olives, Red Onions, Garlic",The Napolitana Pizza
4148,1842,pepperoni_m,1,1/31/2015,21:07:17,12.5,12.5,M,Classic,"Mozzarella Cheese, Pepperoni",The Pepperoni Pizza
4149,1843,big_meat_s,1,1/31/2015,21:28:07,12,12,S,Classic,"Bacon, Pepperoni, Italian Sausage, Chorizo Sausage",The Big Meat Pizza
4150,1843,pepperoni_l,1,1/31/2015,21:28:07,15.25,15.25,L,Classic,"Mozzarella Cheese, Pepperoni",The Pepperoni Pizza
4151,1844,pep_msh_pep_m,1,1/31/2015,22:09:40,14.5,14.5,M,Classic,"Pepperoni, Mushrooms, Green Peppers","The Pepperoni, Mushroom, and Peppers Pizza"
4152,1844,spinach_supr_s,1,1/31/2015,22:09:40,12.5,12.5,S,Supreme,"Spinach, Red Onions, Pepperoni, Tomatoes, Artichokes, Kalamata Olives, Garlic, Asiago Cheese",The Spinach Supreme Pizza
4153,1845,ital_veggie_l,1,1/31/2015,22:43:07,21,21,L,Veggie,"Eggplant, Artichokes, Tomatoes, Zucchini, Red Peppers, Garlic, Pesto Sauce",The Italian Vegetables Pizza
4154,1845,peppr_salami_l,1,1/31/2015,22:43:07,20.75,20.75,L,Supreme,"Genoa Salami, Capocollo, Pepperoni, Tomatoes, Asiago Cheese, Garlic",The Pepper Salami Pizza
4155,1845,soppressata_s,1,1/31/2015,22:43:07,12.5,12.5,S,Supreme,"Soppressata Salami, Fontina Cheese, Mozzarella Cheese, Mushrooms, Garlic",The Soppressata Pizza
4156,1845,veggie_veg_m,1,1/31/2015,22:43:07,16,16,M,Veggie,"Mushrooms, Tomatoes, Red Peppers, Green Peppers, Red Onions, Zucchini, Spinach, Garlic",The Vegetables + Vegetables Pizza
4157,1846,big_meat_s,1,02-01-15,11:32:07,12,12,S,Classic,"Bacon, Pepperoni, Italian Sausage, Chorizo Sausage",The Big Meat Pizza
4158,1847,classic_dlx_m,1,02-01-15,11:36:27,16,16,M,Classic,"Pepperoni, Mushrooms, Red Onions, Red Peppers, Bacon",The Classic Deluxe Pizza
4159,1848,classic_dlx_l,1,02-01-15,11:40:46,20.5,20.5,L,Classic,"Pepperoni, Mushrooms, Red Onions, Red Peppers, Bacon",The Classic Deluxe Pizza
4160,1848,ital_cpcllo_m,1,02-01-15,11:40:46,16,16,M,Classic,"Capocollo, Red Peppers, Tomatoes, Goat Cheese, Garlic, Oregano",The Italian Capocollo Pizza
4161,1849,five_cheese_l,1,02-01-15,11:40:47,18.5,18.5,L,Veggie,"Mozzarella Cheese, Provolone Cheese, Smoked Gouda Cheese, Romano Cheese, Blue Cheese, Garlic",The Five Cheese Pizza
4162,1849,four_cheese_l,1,02-01-15,11:40:47,17.95,17.95,L,Veggie,"Ricotta Cheese, Gorgonzola Piccante Cheese, Mozzarella Cheese, Parmigiano Reggiano Cheese, Garlic",The Four Cheese Pizza
4163,1849,sicilian_s,1,02-01-15,11:40:47,12.25,12.25,S,Supreme,"Coarse Sicilian Salami, Tomatoes, Green Olives, Luganega Sausage, Onions, Garlic",The Sicilian Pizza
4164,1850,hawaiian_s,1,02-01-15,11:44:12,10.5,10.5,S,Classic,"Sliced Ham, Pineapple, Mozzarella Cheese",The Hawaiian Pizza
4165,1850,mexicana_s,1,02-01-15,11:44:12,12,12,S,Veggie,"Tomatoes, Red Peppers, Jalapeno Peppers, Red Onions, Cilantro, Corn, Chipotle Sauce, Garlic",The Mexicana Pizza
4166,1851,big_meat_s,2,02-01-15,11:49:01,12,24,S,Classic,"Bacon, Pepperoni, Italian Sausage, Chorizo Sausage",The Big Meat Pizza
4167,1851,cali_ckn_l,1,02-01-15,11:49:01,20.75,20.75,L,Chicken,"Chicken, Artichoke, Spinach, Garlic, Jalapeno Peppers, Fontina Cheese, Gouda Cheese",The California Chicken Pizza
4168,1851,classic_dlx_m,1,02-01-15,11:49:01,16,16,M,Classic,"Pepperoni, Mushrooms, Red Onions, Red Peppers, Bacon",The Classic Deluxe Pizza
4169,1851,ital_veggie_s,1,02-01-15,11:49:01,12.75,12.75,S,Veggie,"Eggplant, Artichokes, Tomatoes, Zucchini, Red Peppers, Garlic, Pesto Sauce",The Italian Vegetables Pizza
4170,1851,napolitana_m,1,02-01-15,11:49:01,16,16,M,Classic,"Tomatoes, Anchovies, Green Olives, Red Onions, Garlic",The Napolitana Pizza
4171,1851,pepperoni_s,1,02-01-15,11:49:01,9.75,9.75,S,Classic,"Mozzarella Cheese, Pepperoni",The Pepperoni Pizza
4172,1851,peppr_salami_m,1,02-01-15,11:49:01,16.5,16.5,M,Supreme,"Genoa Salami, Capocollo, Pepperoni, Tomatoes, Asiago Cheese, Garlic",The Pepper Salami Pizza
4173,1851,soppressata_m,1,02-01-15,11:49:01,16.5,16.5,M,Supreme,"Soppressata Salami, Fontina Cheese, Mozzarella Cheese, Mushrooms, Garlic",The Soppressata Pizza
4174,1851,spicy_ital_l,1,02-01-15,11:49:01,20.75,20.75,L,Supreme,"Capocollo, Tomatoes, Goat Cheese, Artichokes, Peperoncini verdi, Garlic",The Spicy Italian Pizza
4175,1851,spinach_fet_s,1,02-01-15,11:49:01,12,12,S,Veggie,"Spinach, Mushrooms, Red Onions, Feta Cheese, Garlic",The Spinach and Feta Pizza
4176,1851,spinach_supr_l,1,02-01-15,11:49:01,20.75,20.75,L,Supreme,"Spinach, Red Onions, Pepperoni, Tomatoes, Artichokes, Kalamata Olives, Garlic, Asiago Cheese",The Spinach Supreme Pizza
4177,1851,thai_ckn_l,1,02-01-15,11:49:01,20.75,20.75,L,Chicken,"Chicken, Pineapple, Tomatoes, Red Peppers, Thai Sweet Chilli Sauce",The Thai Chicken Pizza
4178,1852,calabrese_m,1,02-01-15,11:54:36,16.25,16.25,M,Supreme,"æ…›duja Salami, Pancetta, Tomatoes, Red Onions, Friggitello Peppers, Garlic",The Calabrese Pizza
4179,1852,four_cheese_l,1,02-01-15,11:54:36,17.95,17.95,L,Veggie,"Ricotta Cheese, Gorgonzola Piccante Cheese, Mozzarella Cheese, Parmigiano Reggiano Cheese, Garlic",The Four Cheese Pizza
4180,1853,ital_supr_m,1,02-01-15,12:12:59,16.5,16.5,M,Supreme,"Calabrese Salami, Capocollo, Tomatoes, Red Onions, Green Olives, Garlic",The Italian Supreme Pizza
4181,1853,napolitana_m,1,02-01-15,12:12:59,16,16,M,Classic,"Tomatoes, Anchovies, Green Olives, Red Onions, Garlic",The Napolitana Pizza
4182,1854,big_meat_s,1,02-01-15,12:27:17,12,12,S,Classic,"Bacon, Pepperoni, Italian Sausage, Chorizo Sausage",The Big Meat Pizza
4183,1855,ckn_pesto_s,1,02-01-15,12:28:09,12.75,12.75,S,Chicken,"Chicken, Tomatoes, Red Peppers, Spinach, Garlic, Pesto Sauce",The Chicken Pesto Pizza
4184,1855,peppr_salami_m,1,02-01-15,12:28:09,16.5,16.5,M,Supreme,"Genoa Salami, Capocollo, Pepperoni, Tomatoes, Asiago Cheese, Garlic",The Pepper Salami Pizza
4185,1855,southw_ckn_s,1,02-01-15,12:28:09,12.75,12.75,S,Chicken,"Chicken, Tomatoes, Red Peppers, Red Onions, Jalapeno Peppers, Corn, Cilantro, Chipotle Sauce",The Southwest Chicken Pizza
4186,1855,spinach_fet_m,1,02-01-15,12:28:09,16,16,M,Veggie,"Spinach, Mushrooms, Red Onions, Feta Cheese, Garlic",The Spinach and Feta Pizza
4187,1856,sicilian_m,1,02-01-15,12:32:48,16.25,16.25,M,Supreme,"Coarse Sicilian Salami, Tomatoes, Green Olives, Luganega Sausage, Onions, Garlic",The Sicilian Pizza
4188,1857,calabrese_l,1,02-01-15,12:34:00,20.25,20.25,L,Supreme,"æ…›duja Salami, Pancetta, Tomatoes, Red Onions, Friggitello Peppers, Garlic",The Calabrese Pizza
4189,1858,spicy_ital_s,1,02-01-15,12:43:50,12.5,12.5,S,Supreme,"Capocollo, Tomatoes, Goat Cheese, Artichokes, Peperoncini verdi, Garlic",The Spicy Italian Pizza
4190,1859,peppr_salami_l,1,02-01-15,13:18:55,20.75,20.75,L,Supreme,"Genoa Salami, Capocollo, Pepperoni, Tomatoes, Asiago Cheese, Garlic",The Pepper Salami Pizza
4191,1860,classic_dlx_l,1,02-01-15,13:19:52,20.5,20.5,L,Classic,"Pepperoni, Mushrooms, Red Onions, Red Peppers, Bacon",The Classic Deluxe Pizza
4192,1861,spin_pesto_l,1,02-01-15,13:21:23,20.75,20.75,L,Veggie,"Spinach, Artichokes, Tomatoes, Sun-dried Tomatoes, Garlic, Pesto Sauce",The Spinach Pesto Pizza
4193,1862,cali_ckn_l,1,02-01-15,13:27:02,20.75,20.75,L,Chicken,"Chicken, Artichoke, Spinach, Garlic, Jalapeno Peppers, Fontina Cheese, Gouda Cheese",The California Chicken Pizza
4194,1862,mexicana_l,1,02-01-15,13:27:02,20.25,20.25,L,Veggie,"Tomatoes, Red Peppers, Jalapeno Peppers, Red Onions, Cilantro, Corn, Chipotle Sauce, Garlic",The Mexicana Pizza
4195,1863,brie_carre_s,1,02-01-15,13:39:45,23.65,23.65,S,Supreme,"Brie Carre Cheese, Prosciutto, Caramelized Onions, Pears, Thyme, Garlic",The Brie Carre Pizza
4196,1864,peppr_salami_s,1,02-01-15,13:46:26,12.5,12.5,S,Supreme,"Genoa Salami, Capocollo, Pepperoni, Tomatoes, Asiago Cheese, Garlic",The Pepper Salami Pizza
4197,1865,bbq_ckn_m,1,02-01-15,14:09:37,16.75,16.75,M,Chicken,"Barbecued Chicken, Red Peppers, Green Peppers, Tomatoes, Red Onions, Barbecue Sauce",The Barbecue Chicken Pizza
4198,1865,ckn_alfredo_l,1,02-01-15,14:09:37,20.75,20.75,L,Chicken,"Chicken, Red Onions, Red Peppers, Mushrooms, Asiago Cheese, Alfredo Sauce",The Chicken Alfredo Pizza
4199,1865,prsc_argla_l,1,02-01-15,14:09:37,20.75,20.75,L,Supreme,"Prosciutto di San Daniele, Arugula, Mozzarella Cheese",The Prosciutto and Arugula Pizza
4200,1865,spin_pesto_l,1,02-01-15,14:09:37,20.75,20.75,L,Veggie,"Spinach, Artichokes, Tomatoes, Sun-dried Tomatoes, Garlic, Pesto Sauce",The Spinach Pesto Pizza
4201,1866,brie_carre_s,1,02-01-15,14:18:56,23.65,23.65,S,Supreme,"Brie Carre Cheese, Prosciutto, Caramelized Onions, Pears, Thyme, Garlic",The Brie Carre Pizza
4202,1866,classic_dlx_m,1,02-01-15,14:18:56,16,16,M,Classic,"Pepperoni, Mushrooms, Red Onions, Red Peppers, Bacon",The Classic Deluxe Pizza
4203,1866,ital_supr_m,1,02-01-15,14:18:56,16.5,16.5,M,Supreme,"Calabrese Salami, Capocollo, Tomatoes, Red Onions, Green Olives, Garlic",The Italian Supreme Pizza
4204,1866,soppressata_l,1,02-01-15,14:18:56,20.75,20.75,L,Supreme,"Soppressata Salami, Fontina Cheese, Mozzarella Cheese, Mushrooms, Garlic",The Soppressata Pizza
4205,1866,southw_ckn_s,1,02-01-15,14:18:56,12.75,12.75,S,Chicken,"Chicken, Tomatoes, Red Peppers, Red Onions, Jalapeno Peppers, Corn, Cilantro, Chipotle Sauce",The Southwest Chicken Pizza
4206,1866,spinach_supr_s,1,02-01-15,14:18:56,12.5,12.5,S,Supreme,"Spinach, Red Onions, Pepperoni, Tomatoes, Artichokes, Kalamata Olives, Garlic, Asiago Cheese",The Spinach Supreme Pizza
4207,1867,spicy_ital_m,1,02-01-15,14:35:50,16.5,16.5,M,Supreme,"Capocollo, Tomatoes, Goat Cheese, Artichokes, Peperoncini verdi, Garlic",The Spicy Italian Pizza
4208,1868,five_cheese_l,1,02-01-15,14:35:56,18.5,18.5,L,Veggie,"Mozzarella Cheese, Provolone Cheese, Smoked Gouda Cheese, Romano Cheese, Blue Cheese, Garlic",The Five Cheese Pizza
4209,1868,spinach_supr_l,1,02-01-15,14:35:56,20.75,20.75,L,Supreme,"Spinach, Red Onions, Pepperoni, Tomatoes, Artichokes, Kalamata Olives, Garlic, Asiago Cheese",The Spinach Supreme Pizza
4210,1869,ital_veggie_m,1,02-01-15,14:37:38,16.75,16.75,M,Veggie,"Eggplant, Artichokes, Tomatoes, Zucchini, Red Peppers, Garlic, Pesto Sauce",The Italian Vegetables Pizza
4211,1869,pepperoni_m,1,02-01-15,14:37:38,12.5,12.5,M,Classic,"Mozzarella Cheese, Pepperoni",The Pepperoni Pizza
4212,1869,prsc_argla_l,1,02-01-15,14:37:38,20.75,20.75,L,Supreme,"Prosciutto di San Daniele, Arugula, Mozzarella Cheese",The Prosciutto and Arugula Pizza
4213,1869,prsc_argla_m,1,02-01-15,14:37:38,16.5,16.5,M,Supreme,"Prosciutto di San Daniele, Arugula, Mozzarella Cheese",The Prosciutto and Arugula Pizza
4214,1870,big_meat_s,1,02-01-15,14:45:45,12,12,S,Classic,"Bacon, Pepperoni, Italian Sausage, Chorizo Sausage",The Big Meat Pizza
4215,1871,ital_cpcllo_l,1,02-01-15,15:01:40,20.5,20.5,L,Classic,"Capocollo, Red Peppers, Tomatoes, Goat Cheese, Garlic, Oregano",The Italian Capocollo Pizza
4216,1872,ital_supr_l,1,02-01-15,15:07:28,20.75,20.75,L,Supreme,"Calabrese Salami, Capocollo, Tomatoes, Red Onions, Green Olives, Garlic",The Italian Supreme Pizza
4217,1872,mexicana_l,1,02-01-15,15:07:28,20.25,20.25,L,Veggie,"Tomatoes, Red Peppers, Jalapeno Peppers, Red Onions, Cilantro, Corn, Chipotle Sauce, Garlic",The Mexicana Pizza
4218,1872,peppr_salami_l,1,02-01-15,15:07:28,20.75,20.75,L,Supreme,"Genoa Salami, Capocollo, Pepperoni, Tomatoes, Asiago Cheese, Garlic",The Pepper Salami Pizza
4219,1872,thai_ckn_l,1,02-01-15,15:07:28,20.75,20.75,L,Chicken,"Chicken, Pineapple, Tomatoes, Red Peppers, Thai Sweet Chilli Sauce",The Thai Chicken Pizza
4220,1873,cali_ckn_s,1,02-01-15,15:09:20,12.75,12.75,S,Chicken,"Chicken, Artichoke, Spinach, Garlic, Jalapeno Peppers, Fontina Cheese, Gouda Cheese",The California Chicken Pizza
4221,1873,sicilian_l,1,02-01-15,15:09:20,20.25,20.25,L,Supreme,"Coarse Sicilian Salami, Tomatoes, Green Olives, Luganega Sausage, Onions, Garlic",The Sicilian Pizza
4222,1874,sicilian_l,1,02-01-15,15:19:35,20.25,20.25,L,Supreme,"Coarse Sicilian Salami, Tomatoes, Green Olives, Luganega Sausage, Onions, Garlic",The Sicilian Pizza
4223,1875,pepperoni_m,1,02-01-15,15:52:26,12.5,12.5,M,Classic,"Mozzarella Cheese, Pepperoni",The Pepperoni Pizza
4224,1875,southw_ckn_l,1,02-01-15,15:52:26,20.75,20.75,L,Chicken,"Chicken, Tomatoes, Red Peppers, Red Onions, Jalapeno Peppers, Corn, Cilantro, Chipotle Sauce",The Southwest Chicken Pizza
4225,1876,bbq_ckn_l,1,02-01-15,15:56:21,20.75,20.75,L,Chicken,"Barbecued Chicken, Red Peppers, Green Peppers, Tomatoes, Red Onions, Barbecue Sauce",The Barbecue Chicken Pizza
4226,1876,calabrese_m,1,02-01-15,15:56:21,16.25,16.25,M,Supreme,"æ…›duja Salami, Pancetta, Tomatoes, Red Onions, Friggitello Peppers, Garlic",The Calabrese Pizza
4227,1876,four_cheese_l,1,02-01-15,15:56:21,17.95,17.95,L,Veggie,"Ricotta Cheese, Gorgonzola Piccante Cheese, Mozzarella Cheese, Parmigiano Reggiano Cheese, Garlic",The Four Cheese Pizza
4228,1876,spin_pesto_s,1,02-01-15,15:56:21,12.5,12.5,S,Veggie,"Spinach, Artichokes, Tomatoes, Sun-dried Tomatoes, Garlic, Pesto Sauce",The Spinach Pesto Pizza
4229,1877,southw_ckn_l,1,02-01-15,16:03:52,20.75,20.75,L,Chicken,"Chicken, Tomatoes, Red Peppers, Red Onions, Jalapeno Peppers, Corn, Cilantro, Chipotle Sauce",The Southwest Chicken Pizza
4230,1877,spin_pesto_s,1,02-01-15,16:03:52,12.5,12.5,S,Veggie,"Spinach, Artichokes, Tomatoes, Sun-dried Tomatoes, Garlic, Pesto Sauce",The Spinach Pesto Pizza
4231,1878,classic_dlx_s,1,02-01-15,16:07:22,12,12,S,Classic,"Pepperoni, Mushrooms, Red Onions, Red Peppers, Bacon",The Classic Deluxe Pizza
4232,1878,napolitana_l,1,02-01-15,16:07:22,20.5,20.5,L,Classic,"Tomatoes, Anchovies, Green Olives, Red Onions, Garlic",The Napolitana Pizza
4233,1879,big_meat_s,2,02-01-15,16:14:27,12,24,S,Classic,"Bacon, Pepperoni, Italian Sausage, Chorizo Sausage",The Big Meat Pizza
4234,1880,ital_cpcllo_l,1,02-01-15,16:15:40,20.5,20.5,L,Classic,"Capocollo, Red Peppers, Tomatoes, Goat Cheese, Garlic, Oregano",The Italian Capocollo Pizza
4235,1880,ital_veggie_m,1,02-01-15,16:15:40,16.75,16.75,M,Veggie,"Eggplant, Artichokes, Tomatoes, Zucchini, Red Peppers, Garlic, Pesto Sauce",The Italian Vegetables Pizza
4236,1880,mexicana_m,1,02-01-15,16:15:40,16,16,M,Veggie,"Tomatoes, Red Peppers, Jalapeno Peppers, Red Onions, Cilantro, Corn, Chipotle Sauce, Garlic",The Mexicana Pizza
4237,1881,napolitana_m,1,02-01-15,16:16:16,16,16,M,Classic,"Tomatoes, Anchovies, Green Olives, Red Onions, Garlic",The Napolitana Pizza
4238,1881,pepperoni_s,1,02-01-15,16:16:16,9.75,9.75,S,Classic,"Mozzarella Cheese, Pepperoni",The Pepperoni Pizza
4239,1882,cali_ckn_m,1,02-01-15,16:18:31,16.75,16.75,M,Chicken,"Chicken, Artichoke, Spinach, Garlic, Jalapeno Peppers, Fontina Cheese, Gouda Cheese",The California Chicken Pizza
4240,1882,five_cheese_l,1,02-01-15,16:18:31,18.5,18.5,L,Veggie,"Mozzarella Cheese, Provolone Cheese, Smoked Gouda Cheese, Romano Cheese, Blue Cheese, Garlic",The Five Cheese Pizza
4241,1883,hawaiian_s,2,02-01-15,16:25:39,10.5,21,S,Classic,"Sliced Ham, Pineapple, Mozzarella Cheese",The Hawaiian Pizza
4242,1884,cali_ckn_m,1,02-01-15,16:34:15,16.75,16.75,M,Chicken,"Chicken, Artichoke, Spinach, Garlic, Jalapeno Peppers, Fontina Cheese, Gouda Cheese",The California Chicken Pizza
4243,1884,green_garden_s,1,02-01-15,16:34:15,12,12,S,Veggie,"Spinach, Mushrooms, Tomatoes, Green Olives, Feta Cheese",The Green Garden Pizza
4244,1884,hawaiian_m,1,02-01-15,16:34:15,13.25,13.25,M,Classic,"Sliced Ham, Pineapple, Mozzarella Cheese",The Hawaiian Pizza
4245,1884,thai_ckn_l,1,02-01-15,16:34:15,20.75,20.75,L,Chicken,"Chicken, Pineapple, Tomatoes, Red Peppers, Thai Sweet Chilli Sauce",The Thai Chicken Pizza
4246,1885,classic_dlx_m,1,02-01-15,16:34:57,16,16,M,Classic,"Pepperoni, Mushrooms, Red Onions, Red Peppers, Bacon",The Classic Deluxe Pizza
4247,1885,ital_supr_l,1,02-01-15,16:34:57,20.75,20.75,L,Supreme,"Calabrese Salami, Capocollo, Tomatoes, Red Onions, Green Olives, Garlic",The Italian Supreme Pizza
4248,1885,spicy_ital_s,1,02-01-15,16:34:57,12.5,12.5,S,Supreme,"Capocollo, Tomatoes, Goat Cheese, Artichokes, Peperoncini verdi, Garlic",The Spicy Italian Pizza
4249,1885,spin_pesto_l,1,02-01-15,16:34:57,20.75,20.75,L,Veggie,"Spinach, Artichokes, Tomatoes, Sun-dried Tomatoes, Garlic, Pesto Sauce",The Spinach Pesto Pizza
4250,1886,mexicana_l,1,02-01-15,16:43:54,20.25,20.25,L,Veggie,"Tomatoes, Red Peppers, Jalapeno Peppers, Red Onions, Cilantro, Corn, Chipotle Sauce, Garlic",The Mexicana Pizza
4251,1887,cali_ckn_m,1,02-01-15,16:48:06,16.75,16.75,M,Chicken,"Chicken, Artichoke, Spinach, Garlic, Jalapeno Peppers, Fontina Cheese, Gouda Cheese",The California Chicken Pizza
4252,1887,classic_dlx_m,1,02-01-15,16:48:06,16,16,M,Classic,"Pepperoni, Mushrooms, Red Onions, Red Peppers, Bacon",The Classic Deluxe Pizza
4253,1887,ital_cpcllo_m,1,02-01-15,16:48:06,16,16,M,Classic,"Capocollo, Red Peppers, Tomatoes, Goat Cheese, Garlic, Oregano",The Italian Capocollo Pizza
4254,1887,pepperoni_s,1,02-01-15,16:48:06,9.75,9.75,S,Classic,"Mozzarella Cheese, Pepperoni",The Pepperoni Pizza
4255,1887,southw_ckn_m,1,02-01-15,16:48:06,16.75,16.75,M,Chicken,"Chicken, Tomatoes, Red Peppers, Red Onions, Jalapeno Peppers, Corn, Cilantro, Chipotle Sauce",The Southwest Chicken Pizza
4256,1888,calabrese_m,1,02-01-15,17:01:44,16.25,16.25,M,Supreme,"æ…›duja Salami, Pancetta, Tomatoes, Red Onions, Friggitello Peppers, Garlic",The Calabrese Pizza
4257,1888,napolitana_s,1,02-01-15,17:01:44,12,12,S,Classic,"Tomatoes, Anchovies, Green Olives, Red Onions, Garlic",The Napolitana Pizza
4258,1889,bbq_ckn_l,1,02-01-15,17:03:26,20.75,20.75,L,Chicken,"Barbecued Chicken, Red Peppers, Green Peppers, Tomatoes, Red Onions, Barbecue Sauce",The Barbecue Chicken Pizza
4259,1889,ital_supr_l,1,02-01-15,17:03:26,20.75,20.75,L,Supreme,"Calabrese Salami, Capocollo, Tomatoes, Red Onions, Green Olives, Garlic",The Italian Supreme Pizza
4260,1890,five_cheese_l,1,02-01-15,17:09:36,18.5,18.5,L,Veggie,"Mozzarella Cheese, Provolone Cheese, Smoked Gouda Cheese, Romano Cheese, Blue Cheese, Garlic",The Five Cheese Pizza
4261,1890,pep_msh_pep_s,1,02-01-15,17:09:36,11,11,S,Classic,"Pepperoni, Mushrooms, Green Peppers","The Pepperoni, Mushroom, and Peppers Pizza"
4262,1891,calabrese_l,1,02-01-15,17:11:07,20.25,20.25,L,Supreme,"æ…›duja Salami, Pancetta, Tomatoes, Red Onions, Friggitello Peppers, Garlic",The Calabrese Pizza
4263,1891,cali_ckn_m,1,02-01-15,17:11:07,16.75,16.75,M,Chicken,"Chicken, Artichoke, Spinach, Garlic, Jalapeno Peppers, Fontina Cheese, Gouda Cheese",The California Chicken Pizza
4264,1891,spicy_ital_l,1,02-01-15,17:11:07,20.75,20.75,L,Supreme,"Capocollo, Tomatoes, Goat Cheese, Artichokes, Peperoncini verdi, Garlic",The Spicy Italian Pizza
4265,1891,the_greek_l,1,02-01-15,17:11:07,20.5,20.5,L,Classic,"Kalamata Olives, Feta Cheese, Tomatoes, Garlic, Beef Chuck Roast, Red Onions",The Greek Pizza
4266,1892,cali_ckn_m,1,02-01-15,17:11:28,16.75,16.75,M,Chicken,"Chicken, Artichoke, Spinach, Garlic, Jalapeno Peppers, Fontina Cheese, Gouda Cheese",The California Chicken Pizza
4267,1892,hawaiian_s,1,02-01-15,17:11:28,10.5,10.5,S,Classic,"Sliced Ham, Pineapple, Mozzarella Cheese",The Hawaiian Pizza
4268,1892,sicilian_l,1,02-01-15,17:11:28,20.25,20.25,L,Supreme,"Coarse Sicilian Salami, Tomatoes, Green Olives, Luganega Sausage, Onions, Garlic",The Sicilian Pizza
4269,1893,thai_ckn_l,1,02-01-15,17:11:36,20.75,20.75,L,Chicken,"Chicken, Pineapple, Tomatoes, Red Peppers, Thai Sweet Chilli Sauce",The Thai Chicken Pizza
4270,1894,classic_dlx_s,1,02-01-15,17:13:57,12,12,S,Classic,"Pepperoni, Mushrooms, Red Onions, Red Peppers, Bacon",The Classic Deluxe Pizza
4271,1894,the_greek_xl,1,02-01-15,17:13:57,25.5,25.5,XL,Classic,"Kalamata Olives, Feta Cheese, Tomatoes, Garlic, Beef Chuck Roast, Red Onions",The Greek Pizza
4272,1895,calabrese_m,1,02-01-15,17:24:50,16.25,16.25,M,Supreme,"æ…›duja Salami, Pancetta, Tomatoes, Red Onions, Friggitello Peppers, Garlic",The Calabrese Pizza
4273,1895,southw_ckn_l,1,02-01-15,17:24:50,20.75,20.75,L,Chicken,"Chicken, Tomatoes, Red Peppers, Red Onions, Jalapeno Peppers, Corn, Cilantro, Chipotle Sauce",The Southwest Chicken Pizza
4274,1895,spicy_ital_s,1,02-01-15,17:24:50,12.5,12.5,S,Supreme,"Capocollo, Tomatoes, Goat Cheese, Artichokes, Peperoncini verdi, Garlic",The Spicy Italian Pizza
4275,1895,thai_ckn_l,1,02-01-15,17:24:50,20.75,20.75,L,Chicken,"Chicken, Pineapple, Tomatoes, Red Peppers, Thai Sweet Chilli Sauce",The Thai Chicken Pizza
4276,1896,cali_ckn_l,1,02-01-15,17:28:49,20.75,20.75,L,Chicken,"Chicken, Artichoke, Spinach, Garlic, Jalapeno Peppers, Fontina Cheese, Gouda Cheese",The California Chicken Pizza
4277,1897,pep_msh_pep_l,1,02-01-15,17:32:37,17.5,17.5,L,Classic,"Pepperoni, Mushrooms, Green Peppers","The Pepperoni, Mushroom, and Peppers Pizza"
4278,1897,southw_ckn_l,1,02-01-15,17:32:37,20.75,20.75,L,Chicken,"Chicken, Tomatoes, Red Peppers, Red Onions, Jalapeno Peppers, Corn, Cilantro, Chipotle Sauce",The Southwest Chicken Pizza
4279,1897,thai_ckn_s,1,02-01-15,17:32:37,12.75,12.75,S,Chicken,"Chicken, Pineapple, Tomatoes, Red Peppers, Thai Sweet Chilli Sauce",The Thai Chicken Pizza
4280,1898,ckn_alfredo_m,1,02-01-15,17:34:26,16.75,16.75,M,Chicken,"Chicken, Red Onions, Red Peppers, Mushrooms, Asiago Cheese, Alfredo Sauce",The Chicken Alfredo Pizza
4281,1899,ckn_alfredo_l,1,02-01-15,17:35:39,20.75,20.75,L,Chicken,"Chicken, Red Onions, Red Peppers, Mushrooms, Asiago Cheese, Alfredo Sauce",The Chicken Alfredo Pizza
4282,1899,peppr_salami_l,1,02-01-15,17:35:39,20.75,20.75,L,Supreme,"Genoa Salami, Capocollo, Pepperoni, Tomatoes, Asiago Cheese, Garlic",The Pepper Salami Pizza
4283,1900,hawaiian_l,1,02-01-15,17:42:49,16.5,16.5,L,Classic,"Sliced Ham, Pineapple, Mozzarella Cheese",The Hawaiian Pizza
4284,1901,bbq_ckn_m,1,02-01-15,17:47:51,16.75,16.75,M,Chicken,"Barbecued Chicken, Red Peppers, Green Peppers, Tomatoes, Red Onions, Barbecue Sauce",The Barbecue Chicken Pizza
4285,1901,four_cheese_l,1,02-01-15,17:47:51,17.95,17.95,L,Veggie,"Ricotta Cheese, Gorgonzola Piccante Cheese, Mozzarella Cheese, Parmigiano Reggiano Cheese, Garlic",The Four Cheese Pizza
4286,1902,four_cheese_l,1,02-01-15,17:50:51,17.95,17.95,L,Veggie,"Ricotta Cheese, Gorgonzola Piccante Cheese, Mozzarella Cheese, Parmigiano Reggiano Cheese, Garlic",The Four Cheese Pizza
4287,1902,ital_cpcllo_s,1,02-01-15,17:50:51,12,12,S,Classic,"Capocollo, Red Peppers, Tomatoes, Goat Cheese, Garlic, Oregano",The Italian Capocollo Pizza
4288,1903,four_cheese_m,1,02-01-15,18:06:22,14.75,14.75,M,Veggie,"Ricotta Cheese, Gorgonzola Piccante Cheese, Mozzarella Cheese, Parmigiano Reggiano Cheese, Garlic",The Four Cheese Pizza
4289,1904,big_meat_s,1,02-01-15,18:13:17,12,12,S,Classic,"Bacon, Pepperoni, Italian Sausage, Chorizo Sausage",The Big Meat Pizza
4290,1904,classic_dlx_m,1,02-01-15,18:13:17,16,16,M,Classic,"Pepperoni, Mushrooms, Red Onions, Red Peppers, Bacon",The Classic Deluxe Pizza
4291,1904,ital_supr_l,1,02-01-15,18:13:17,20.75,20.75,L,Supreme,"Calabrese Salami, Capocollo, Tomatoes, Red Onions, Green Olives, Garlic",The Italian Supreme Pizza
4292,1904,pepperoni_s,1,02-01-15,18:13:17,9.75,9.75,S,Classic,"Mozzarella Cheese, Pepperoni",The Pepperoni Pizza
4293,1905,bbq_ckn_m,1,02-01-15,18:14:34,16.75,16.75,M,Chicken,"Barbecued Chicken, Red Peppers, Green Peppers, Tomatoes, Red Onions, Barbecue Sauce",The Barbecue Chicken Pizza
4294,1905,cali_ckn_m,1,02-01-15,18:14:34,16.75,16.75,M,Chicken,"Chicken, Artichoke, Spinach, Garlic, Jalapeno Peppers, Fontina Cheese, Gouda Cheese",The California Chicken Pizza
4295,1905,classic_dlx_s,1,02-01-15,18:14:34,12,12,S,Classic,"Pepperoni, Mushrooms, Red Onions, Red Peppers, Bacon",The Classic Deluxe Pizza
4296,1906,five_cheese_l,1,02-01-15,18:17:07,18.5,18.5,L,Veggie,"Mozzarella Cheese, Provolone Cheese, Smoked Gouda Cheese, Romano Cheese, Blue Cheese, Garlic",The Five Cheese Pizza
4297,1907,spinach_fet_s,1,02-01-15,18:25:35,12,12,S,Veggie,"Spinach, Mushrooms, Red Onions, Feta Cheese, Garlic",The Spinach and Feta Pizza
4298,1908,bbq_ckn_m,1,02-01-15,18:28:56,16.75,16.75,M,Chicken,"Barbecued Chicken, Red Peppers, Green Peppers, Tomatoes, Red Onions, Barbecue Sauce",The Barbecue Chicken Pizza
4299,1909,ital_supr_l,1,02-01-15,18:45:56,20.75,20.75,L,Supreme,"Calabrese Salami, Capocollo, Tomatoes, Red Onions, Green Olives, Garlic",The Italian Supreme Pizza
4300,1910,bbq_ckn_m,1,02-01-15,18:57:06,16.75,16.75,M,Chicken,"Barbecued Chicken, Red Peppers, Green Peppers, Tomatoes, Red Onions, Barbecue Sauce",The Barbecue Chicken Pizza
4301,1911,cali_ckn_m,1,02-01-15,19:01:15,16.75,16.75,M,Chicken,"Chicken, Artichoke, Spinach, Garlic, Jalapeno Peppers, Fontina Cheese, Gouda Cheese",The California Chicken Pizza
4302,1912,pep_msh_pep_s,1,02-01-15,19:01:32,11,11,S,Classic,"Pepperoni, Mushrooms, Green Peppers","The Pepperoni, Mushroom, and Peppers Pizza"
4303,1912,prsc_argla_m,1,02-01-15,19:01:32,16.5,16.5,M,Supreme,"Prosciutto di San Daniele, Arugula, Mozzarella Cheese",The Prosciutto and Arugula Pizza
4304,1913,cali_ckn_m,1,02-01-15,19:04:46,16.75,16.75,M,Chicken,"Chicken, Artichoke, Spinach, Garlic, Jalapeno Peppers, Fontina Cheese, Gouda Cheese",The California Chicken Pizza
4305,1914,pepperoni_s,1,02-01-15,19:24:03,9.75,9.75,S,Classic,"Mozzarella Cheese, Pepperoni",The Pepperoni Pizza
4306,1915,pepperoni_m,1,02-01-15,19:24:26,12.5,12.5,M,Classic,"Mozzarella Cheese, Pepperoni",The Pepperoni Pizza
4307,1915,spicy_ital_l,1,02-01-15,19:24:26,20.75,20.75,L,Supreme,"Capocollo, Tomatoes, Goat Cheese, Artichokes, Peperoncini verdi, Garlic",The Spicy Italian Pizza
4308,1916,bbq_ckn_l,1,02-01-15,19:27:59,20.75,20.75,L,Chicken,"Barbecued Chicken, Red Peppers, Green Peppers, Tomatoes, Red Onions, Barbecue Sauce",The Barbecue Chicken Pizza
4309,1916,napolitana_m,1,02-01-15,19:27:59,16,16,M,Classic,"Tomatoes, Anchovies, Green Olives, Red Onions, Garlic",The Napolitana Pizza
4310,1917,brie_carre_s,1,02-01-15,19:48:51,23.65,23.65,S,Supreme,"Brie Carre Cheese, Prosciutto, Caramelized Onions, Pears, Thyme, Garlic",The Brie Carre Pizza
4311,1917,mexicana_l,1,02-01-15,19:48:51,20.25,20.25,L,Veggie,"Tomatoes, Red Peppers, Jalapeno Peppers, Red Onions, Cilantro, Corn, Chipotle Sauce, Garlic",The Mexicana Pizza
4312,1917,southw_ckn_l,1,02-01-15,19:48:51,20.75,20.75,L,Chicken,"Chicken, Tomatoes, Red Peppers, Red Onions, Jalapeno Peppers, Corn, Cilantro, Chipotle Sauce",The Southwest Chicken Pizza
4313,1917,the_greek_m,1,02-01-15,19:48:51,16,16,M,Classic,"Kalamata Olives, Feta Cheese, Tomatoes, Garlic, Beef Chuck Roast, Red Onions",The Greek Pizza
4314,1918,cali_ckn_s,1,02-01-15,19:50:54,12.75,12.75,S,Chicken,"Chicken, Artichoke, Spinach, Garlic, Jalapeno Peppers, Fontina Cheese, Gouda Cheese",The California Chicken Pizza
4315,1919,spicy_ital_m,1,02-01-15,20:03:59,16.5,16.5,M,Supreme,"Capocollo, Tomatoes, Goat Cheese, Artichokes, Peperoncini verdi, Garlic",The Spicy Italian Pizza
4316,1920,bbq_ckn_m,1,02-01-15,20:04:38,16.75,16.75,M,Chicken,"Barbecued Chicken, Red Peppers, Green Peppers, Tomatoes, Red Onions, Barbecue Sauce",The Barbecue Chicken Pizza
4317,1920,prsc_argla_s,1,02-01-15,20:04:38,12.5,12.5,S,Supreme,"Prosciutto di San Daniele, Arugula, Mozzarella Cheese",The Prosciutto and Arugula Pizza
4318,1921,ital_veggie_s,1,02-01-15,20:07:50,12.75,12.75,S,Veggie,"Eggplant, Artichokes, Tomatoes, Zucchini, Red Peppers, Garlic, Pesto Sauce",The Italian Vegetables Pizza
4319,1922,ckn_pesto_l,1,02-01-15,20:09:20,20.75,20.75,L,Chicken,"Chicken, Tomatoes, Red Peppers, Spinach, Garlic, Pesto Sauce",The Chicken Pesto Pizza
4320,1922,green_garden_m,1,02-01-15,20:09:20,16,16,M,Veggie,"Spinach, Mushrooms, Tomatoes, Green Olives, Feta Cheese",The Green Garden Pizza
4321,1922,the_greek_xl,1,02-01-15,20:09:20,25.5,25.5,XL,Classic,"Kalamata Olives, Feta Cheese, Tomatoes, Garlic, Beef Chuck Roast, Red Onions",The Greek Pizza
4322,1922,veggie_veg_l,1,02-01-15,20:09:20,20.25,20.25,L,Veggie,"Mushrooms, Tomatoes, Red Peppers, Green Peppers, Red Onions, Zucchini, Spinach, Garlic",The Vegetables + Vegetables Pizza
4323,1923,bbq_ckn_m,1,02-01-15,20:34:14,16.75,16.75,M,Chicken,"Barbecued Chicken, Red Peppers, Green Peppers, Tomatoes, Red Onions, Barbecue Sauce",The Barbecue Chicken Pizza
4324,1923,classic_dlx_m,1,02-01-15,20:34:14,16,16,M,Classic,"Pepperoni, Mushrooms, Red Onions, Red Peppers, Bacon",The Classic Deluxe Pizza
4325,1924,bbq_ckn_s,1,02-01-15,20:40:02,12.75,12.75,S,Chicken,"Barbecued Chicken, Red Peppers, Green Peppers, Tomatoes, Red Onions, Barbecue Sauce",The Barbecue Chicken Pizza
4326,1924,prsc_argla_s,1,02-01-15,20:40:02,12.5,12.5,S,Supreme,"Prosciutto di San Daniele, Arugula, Mozzarella Cheese",The Prosciutto and Arugula Pizza
4327,1924,spinach_fet_m,1,02-01-15,20:40:02,16,16,M,Veggie,"Spinach, Mushrooms, Red Onions, Feta Cheese, Garlic",The Spinach and Feta Pizza
4328,1925,ital_supr_m,1,02-01-15,20:43:56,16.5,16.5,M,Supreme,"Calabrese Salami, Capocollo, Tomatoes, Red Onions, Green Olives, Garlic",The Italian Supreme Pizza
4329,1925,pepperoni_s,1,02-01-15,20:43:56,9.75,9.75,S,Classic,"Mozzarella Cheese, Pepperoni",The Pepperoni Pizza
4330,1926,green_garden_s,1,02-01-15,21:12:29,12,12,S,Veggie,"Spinach, Mushrooms, Tomatoes, Green Olives, Feta Cheese",The Green Garden Pizza
4331,1926,pepperoni_s,1,02-01-15,21:12:29,9.75,9.75,S,Classic,"Mozzarella Cheese, Pepperoni",The Pepperoni Pizza
4332,1927,soppressata_l,1,02-01-15,21:31:03,20.75,20.75,L,Supreme,"Soppressata Salami, Fontina Cheese, Mozzarella Cheese, Mushrooms, Garlic",The Soppressata Pizza
4333,1927,spicy_ital_l,1,02-01-15,21:31:03,20.75,20.75,L,Supreme,"Capocollo, Tomatoes, Goat Cheese, Artichokes, Peperoncini verdi, Garlic",The Spicy Italian Pizza
4334,1927,thai_ckn_l,1,02-01-15,21:31:03,20.75,20.75,L,Chicken,"Chicken, Pineapple, Tomatoes, Red Peppers, Thai Sweet Chilli Sauce",The Thai Chicken Pizza
4335,1928,bbq_ckn_l,1,02-01-15,21:57:20,20.75,20.75,L,Chicken,"Barbecued Chicken, Red Peppers, Green Peppers, Tomatoes, Red Onions, Barbecue Sauce",The Barbecue Chicken Pizza
4336,1929,cali_ckn_m,1,02-01-15,22:08:01,16.75,16.75,M,Chicken,"Chicken, Artichoke, Spinach, Garlic, Jalapeno Peppers, Fontina Cheese, Gouda Cheese",The California Chicken Pizza
4337,1929,classic_dlx_s,1,02-01-15,22:08:01,12,12,S,Classic,"Pepperoni, Mushrooms, Red Onions, Red Peppers, Bacon",The Classic Deluxe Pizza
4338,1929,hawaiian_l,1,02-01-15,22:08:01,16.5,16.5,L,Classic,"Sliced Ham, Pineapple, Mozzarella Cheese",The Hawaiian Pizza
4339,1929,napolitana_l,1,02-01-15,22:08:01,20.5,20.5,L,Classic,"Tomatoes, Anchovies, Green Olives, Red Onions, Garlic",The Napolitana Pizza
4340,1930,calabrese_m,1,02-01-15,22:11:02,16.25,16.25,M,Supreme,"æ…›duja Salami, Pancetta, Tomatoes, Red Onions, Friggitello Peppers, Garlic",The Calabrese Pizza
4341,1931,big_meat_s,1,02-01-15,22:15:43,12,12,S,Classic,"Bacon, Pepperoni, Italian Sausage, Chorizo Sausage",The Big Meat Pizza
4342,1931,southw_ckn_m,1,02-01-15,22:15:43,16.75,16.75,M,Chicken,"Chicken, Tomatoes, Red Peppers, Red Onions, Jalapeno Peppers, Corn, Cilantro, Chipotle Sauce",The Southwest Chicken Pizza
4343,1932,cali_ckn_l,1,02-01-15,22:29:35,20.75,20.75,L,Chicken,"Chicken, Artichoke, Spinach, Garlic, Jalapeno Peppers, Fontina Cheese, Gouda Cheese",The California Chicken Pizza
4344,1932,thai_ckn_m,1,02-01-15,22:29:35,16.75,16.75,M,Chicken,"Chicken, Pineapple, Tomatoes, Red Peppers, Thai Sweet Chilli Sauce",The Thai Chicken Pizza
4345,1933,cali_ckn_m,1,02-02-15,11:17:08,16.75,16.75,M,Chicken,"Chicken, Artichoke, Spinach, Garlic, Jalapeno Peppers, Fontina Cheese, Gouda Cheese",The California Chicken Pizza
4346,1933,ital_veggie_m,1,02-02-15,11:17:08,16.75,16.75,M,Veggie,"Eggplant, Artichokes, Tomatoes, Zucchini, Red Peppers, Garlic, Pesto Sauce",The Italian Vegetables Pizza
4347,1933,thai_ckn_l,1,02-02-15,11:17:08,20.75,20.75,L,Chicken,"Chicken, Pineapple, Tomatoes, Red Peppers, Thai Sweet Chilli Sauce",The Thai Chicken Pizza
4348,1933,thai_ckn_m,1,02-02-15,11:17:08,16.75,16.75,M,Chicken,"Chicken, Pineapple, Tomatoes, Red Peppers, Thai Sweet Chilli Sauce",The Thai Chicken Pizza
4349,1934,cali_ckn_m,1,02-02-15,11:24:45,16.75,16.75,M,Chicken,"Chicken, Artichoke, Spinach, Garlic, Jalapeno Peppers, Fontina Cheese, Gouda Cheese",The California Chicken Pizza
4350,1935,ital_veggie_s,1,02-02-15,11:24:47,12.75,12.75,S,Veggie,"Eggplant, Artichokes, Tomatoes, Zucchini, Red Peppers, Garlic, Pesto Sauce",The Italian Vegetables Pizza
4351,1935,prsc_argla_m,1,02-02-15,11:24:47,16.5,16.5,M,Supreme,"Prosciutto di San Daniele, Arugula, Mozzarella Cheese",The Prosciutto and Arugula Pizza
4352,1936,hawaiian_l,1,02-02-15,11:34:50,16.5,16.5,L,Classic,"Sliced Ham, Pineapple, Mozzarella Cheese",The Hawaiian Pizza
4353,1936,thai_ckn_l,1,02-02-15,11:34:50,20.75,20.75,L,Chicken,"Chicken, Pineapple, Tomatoes, Red Peppers, Thai Sweet Chilli Sauce",The Thai Chicken Pizza
4354,1937,sicilian_m,1,02-02-15,11:43:47,16.25,16.25,M,Supreme,"Coarse Sicilian Salami, Tomatoes, Green Olives, Luganega Sausage, Onions, Garlic",The Sicilian Pizza
4355,1938,pepperoni_l,1,02-02-15,11:46:18,15.25,15.25,L,Classic,"Mozzarella Cheese, Pepperoni",The Pepperoni Pizza
4356,1939,pepperoni_s,1,02-02-15,12:29:44,9.75,9.75,S,Classic,"Mozzarella Cheese, Pepperoni",The Pepperoni Pizza
4357,1940,veggie_veg_l,1,02-02-15,12:30:48,20.25,20.25,L,Veggie,"Mushrooms, Tomatoes, Red Peppers, Green Peppers, Red Onions, Zucchini, Spinach, Garlic",The Vegetables + Vegetables Pizza
4358,1941,pepperoni_s,1,02-02-15,12:33:21,9.75,9.75,S,Classic,"Mozzarella Cheese, Pepperoni",The Pepperoni Pizza
4359,1942,classic_dlx_m,1,02-02-15,12:38:58,16,16,M,Classic,"Pepperoni, Mushrooms, Red Onions, Red Peppers, Bacon",The Classic Deluxe Pizza
4360,1942,thai_ckn_s,1,02-02-15,12:38:58,12.75,12.75,S,Chicken,"Chicken, Pineapple, Tomatoes, Red Peppers, Thai Sweet Chilli Sauce",The Thai Chicken Pizza
4361,1943,five_cheese_l,1,02-02-15,12:40:35,18.5,18.5,L,Veggie,"Mozzarella Cheese, Provolone Cheese, Smoked Gouda Cheese, Romano Cheese, Blue Cheese, Garlic",The Five Cheese Pizza
4362,1943,hawaiian_l,1,02-02-15,12:40:35,16.5,16.5,L,Classic,"Sliced Ham, Pineapple, Mozzarella Cheese",The Hawaiian Pizza
4363,1944,four_cheese_m,1,02-02-15,12:49:13,14.75,14.75,M,Veggie,"Ricotta Cheese, Gorgonzola Piccante Cheese, Mozzarella Cheese, Parmigiano Reggiano Cheese, Garlic",The Four Cheese Pizza
4364,1944,spicy_ital_m,1,02-02-15,12:49:13,16.5,16.5,M,Supreme,"Capocollo, Tomatoes, Goat Cheese, Artichokes, Peperoncini verdi, Garlic",The Spicy Italian Pizza
4365,1945,spinach_fet_s,1,02-02-15,12:50:14,12,12,S,Veggie,"Spinach, Mushrooms, Red Onions, Feta Cheese, Garlic",The Spinach and Feta Pizza
4366,1946,cali_ckn_l,1,02-02-15,13:01:49,20.75,20.75,L,Chicken,"Chicken, Artichoke, Spinach, Garlic, Jalapeno Peppers, Fontina Cheese, Gouda Cheese",The California Chicken Pizza
4367,1946,cali_ckn_m,1,02-02-15,13:01:49,16.75,16.75,M,Chicken,"Chicken, Artichoke, Spinach, Garlic, Jalapeno Peppers, Fontina Cheese, Gouda Cheese",The California Chicken Pizza
4368,1946,ckn_alfredo_m,1,02-02-15,13:01:49,16.75,16.75,M,Chicken,"Chicken, Red Onions, Red Peppers, Mushrooms, Asiago Cheese, Alfredo Sauce",The Chicken Alfredo Pizza
4369,1946,ital_cpcllo_l,1,02-02-15,13:01:49,20.5,20.5,L,Classic,"Capocollo, Red Peppers, Tomatoes, Goat Cheese, Garlic, Oregano",The Italian Capocollo Pizza
4370,1946,mediterraneo_s,2,02-02-15,13:01:49,12,24,S,Veggie,"Spinach, Artichokes, Kalamata Olives, Sun-dried Tomatoes, Feta Cheese, Plum Tomatoes, Red Onions",The Mediterranean Pizza
4371,1946,mexicana_m,2,02-02-15,13:01:49,16,32,M,Veggie,"Tomatoes, Red Peppers, Jalapeno Peppers, Red Onions, Cilantro, Corn, Chipotle Sauce, Garlic",The Mexicana Pizza
4372,1946,sicilian_s,1,02-02-15,13:01:49,12.25,12.25,S,Supreme,"Coarse Sicilian Salami, Tomatoes, Green Olives, Luganega Sausage, Onions, Garlic",The Sicilian Pizza
4373,1946,soppressata_l,1,02-02-15,13:01:49,20.75,20.75,L,Supreme,"Soppressata Salami, Fontina Cheese, Mozzarella Cheese, Mushrooms, Garlic",The Soppressata Pizza
4374,1947,bbq_ckn_m,1,02-02-15,13:12:14,16.75,16.75,M,Chicken,"Barbecued Chicken, Red Peppers, Green Peppers, Tomatoes, Red Onions, Barbecue Sauce",The Barbecue Chicken Pizza
4375,1947,thai_ckn_l,1,02-02-15,13:12:14,20.75,20.75,L,Chicken,"Chicken, Pineapple, Tomatoes, Red Peppers, Thai Sweet Chilli Sauce",The Thai Chicken Pizza
4376,1948,ital_supr_s,1,02-02-15,13:13:28,12.5,12.5,S,Supreme,"Calabrese Salami, Capocollo, Tomatoes, Red Onions, Green Olives, Garlic",The Italian Supreme Pizza
4377,1948,mexicana_l,1,02-02-15,13:13:28,20.25,20.25,L,Veggie,"Tomatoes, Red Peppers, Jalapeno Peppers, Red Onions, Cilantro, Corn, Chipotle Sauce, Garlic",The Mexicana Pizza
4378,1948,pep_msh_pep_l,1,02-02-15,13:13:28,17.5,17.5,L,Classic,"Pepperoni, Mushrooms, Green Peppers","The Pepperoni, Mushroom, and Peppers Pizza"
4379,1949,bbq_ckn_l,1,02-02-15,13:14:06,20.75,20.75,L,Chicken,"Barbecued Chicken, Red Peppers, Green Peppers, Tomatoes, Red Onions, Barbecue Sauce",The Barbecue Chicken Pizza
4380,1950,ital_cpcllo_l,1,02-02-15,13:14:40,20.5,20.5,L,Classic,"Capocollo, Red Peppers, Tomatoes, Goat Cheese, Garlic, Oregano",The Italian Capocollo Pizza
4381,1951,pepperoni_l,1,02-02-15,13:39:08,15.25,15.25,L,Classic,"Mozzarella Cheese, Pepperoni",The Pepperoni Pizza
4382,1951,spicy_ital_l,1,02-02-15,13:39:08,20.75,20.75,L,Supreme,"Capocollo, Tomatoes, Goat Cheese, Artichokes, Peperoncini verdi, Garlic",The Spicy Italian Pizza
4383,1952,mexicana_l,1,02-02-15,13:41:46,20.25,20.25,L,Veggie,"Tomatoes, Red Peppers, Jalapeno Peppers, Red Onions, Cilantro, Corn, Chipotle Sauce, Garlic",The Mexicana Pizza
4384,1953,ital_supr_m,1,02-02-15,13:42:31,16.5,16.5,M,Supreme,"Calabrese Salami, Capocollo, Tomatoes, Red Onions, Green Olives, Garlic",The Italian Supreme Pizza
4385,1954,pep_msh_pep_s,1,02-02-15,13:53:10,11,11,S,Classic,"Pepperoni, Mushrooms, Green Peppers","The Pepperoni, Mushroom, and Peppers Pizza"
4386,1955,the_greek_s,1,02-02-15,14:28:24,12,12,S,Classic,"Kalamata Olives, Feta Cheese, Tomatoes, Garlic, Beef Chuck Roast, Red Onions",The Greek Pizza
4387,1956,calabrese_m,1,02-02-15,14:36:07,16.25,16.25,M,Supreme,"æ…›duja Salami, Pancetta, Tomatoes, Red Onions, Friggitello Peppers, Garlic",The Calabrese Pizza
4388,1956,ckn_pesto_l,1,02-02-15,14:36:07,20.75,20.75,L,Chicken,"Chicken, Tomatoes, Red Peppers, Spinach, Garlic, Pesto Sauce",The Chicken Pesto Pizza
4389,1956,veggie_veg_m,1,02-02-15,14:36:07,16,16,M,Veggie,"Mushrooms, Tomatoes, Red Peppers, Green Peppers, Red Onions, Zucchini, Spinach, Garlic",The Vegetables + Vegetables Pizza
4390,1957,big_meat_s,1,02-02-15,14:50:01,12,12,S,Classic,"Bacon, Pepperoni, Italian Sausage, Chorizo Sausage",The Big Meat Pizza
4391,1957,ckn_alfredo_l,1,02-02-15,14:50:01,20.75,20.75,L,Chicken,"Chicken, Red Onions, Red Peppers, Mushrooms, Asiago Cheese, Alfredo Sauce",The Chicken Alfredo Pizza
4392,1957,ckn_pesto_l,1,02-02-15,14:50:01,20.75,20.75,L,Chicken,"Chicken, Tomatoes, Red Peppers, Spinach, Garlic, Pesto Sauce",The Chicken Pesto Pizza
4393,1957,green_garden_s,1,02-02-15,14:50:01,12,12,S,Veggie,"Spinach, Mushrooms, Tomatoes, Green Olives, Feta Cheese",The Green Garden Pizza
4394,1957,ital_supr_m,1,02-02-15,14:50:01,16.5,16.5,M,Supreme,"Calabrese Salami, Capocollo, Tomatoes, Red Onions, Green Olives, Garlic",The Italian Supreme Pizza
4395,1957,pep_msh_pep_s,1,02-02-15,14:50:01,11,11,S,Classic,"Pepperoni, Mushrooms, Green Peppers","The Pepperoni, Mushroom, and Peppers Pizza"
4396,1957,pepperoni_l,1,02-02-15,14:50:01,15.25,15.25,L,Classic,"Mozzarella Cheese, Pepperoni",The Pepperoni Pizza
4397,1957,peppr_salami_l,1,02-02-15,14:50:01,20.75,20.75,L,Supreme,"Genoa Salami, Capocollo, Pepperoni, Tomatoes, Asiago Cheese, Garlic",The Pepper Salami Pizza
4398,1957,peppr_salami_s,1,02-02-15,14:50:01,12.5,12.5,S,Supreme,"Genoa Salami, Capocollo, Pepperoni, Tomatoes, Asiago Cheese, Garlic",The Pepper Salami Pizza
4399,1957,spinach_fet_l,1,02-02-15,14:50:01,20.25,20.25,L,Veggie,"Spinach, Mushrooms, Red Onions, Feta Cheese, Garlic",The Spinach and Feta Pizza
4400,1957,spinach_fet_m,1,02-02-15,14:50:01,16,16,M,Veggie,"Spinach, Mushrooms, Red Onions, Feta Cheese, Garlic",The Spinach and Feta Pizza
4401,1957,thai_ckn_s,1,02-02-15,14:50:01,12.75,12.75,S,Chicken,"Chicken, Pineapple, Tomatoes, Red Peppers, Thai Sweet Chilli Sauce",The Thai Chicken Pizza
4402,1957,veggie_veg_m,1,02-02-15,14:50:01,16,16,M,Veggie,"Mushrooms, Tomatoes, Red Peppers, Green Peppers, Red Onions, Zucchini, Spinach, Garlic",The Vegetables + Vegetables Pizza
4403,1957,veggie_veg_s,1,02-02-15,14:50:01,12,12,S,Veggie,"Mushrooms, Tomatoes, Red Peppers, Green Peppers, Red Onions, Zucchini, Spinach, Garlic",The Vegetables + Vegetables Pizza
4404,1958,peppr_salami_l,1,02-02-15,15:05:43,20.75,20.75,L,Supreme,"Genoa Salami, Capocollo, Pepperoni, Tomatoes, Asiago Cheese, Garlic",The Pepper Salami Pizza
4405,1959,thai_ckn_l,1,02-02-15,15:09:10,20.75,20.75,L,Chicken,"Chicken, Pineapple, Tomatoes, Red Peppers, Thai Sweet Chilli Sauce",The Thai Chicken Pizza
4406,1960,pepperoni_m,1,02-02-15,15:15:16,12.5,12.5,M,Classic,"Mozzarella Cheese, Pepperoni",The Pepperoni Pizza
4407,1961,big_meat_s,1,02-02-15,15:29:57,12,12,S,Classic,"Bacon, Pepperoni, Italian Sausage, Chorizo Sausage",The Big Meat Pizza
4408,1961,mexicana_l,1,02-02-15,15:29:57,20.25,20.25,L,Veggie,"Tomatoes, Red Peppers, Jalapeno Peppers, Red Onions, Cilantro, Corn, Chipotle Sauce, Garlic",The Mexicana Pizza
4409,1962,cali_ckn_l,1,02-02-15,15:32:15,20.75,20.75,L,Chicken,"Chicken, Artichoke, Spinach, Garlic, Jalapeno Peppers, Fontina Cheese, Gouda Cheese",The California Chicken Pizza
4410,1963,big_meat_s,1,02-02-15,15:59:08,12,12,S,Classic,"Bacon, Pepperoni, Italian Sausage, Chorizo Sausage",The Big Meat Pizza
4411,1963,prsc_argla_m,1,02-02-15,15:59:08,16.5,16.5,M,Supreme,"Prosciutto di San Daniele, Arugula, Mozzarella Cheese",The Prosciutto and Arugula Pizza
4412,1963,spicy_ital_l,1,02-02-15,15:59:08,20.75,20.75,L,Supreme,"Capocollo, Tomatoes, Goat Cheese, Artichokes, Peperoncini verdi, Garlic",The Spicy Italian Pizza
4413,1964,sicilian_s,1,02-02-15,16:09:42,12.25,12.25,S,Supreme,"Coarse Sicilian Salami, Tomatoes, Green Olives, Luganega Sausage, Onions, Garlic",The Sicilian Pizza
4414,1964,spinach_supr_s,1,02-02-15,16:09:42,12.5,12.5,S,Supreme,"Spinach, Red Onions, Pepperoni, Tomatoes, Artichokes, Kalamata Olives, Garlic, Asiago Cheese",The Spinach Supreme Pizza
4415,1964,veggie_veg_m,1,02-02-15,16:09:42,16,16,M,Veggie,"Mushrooms, Tomatoes, Red Peppers, Green Peppers, Red Onions, Zucchini, Spinach, Garlic",The Vegetables + Vegetables Pizza
4416,1965,five_cheese_l,1,02-02-15,16:10:04,18.5,18.5,L,Veggie,"Mozzarella Cheese, Provolone Cheese, Smoked Gouda Cheese, Romano Cheese, Blue Cheese, Garlic",The Five Cheese Pizza
4417,1965,four_cheese_l,1,02-02-15,16:10:04,17.95,17.95,L,Veggie,"Ricotta Cheese, Gorgonzola Piccante Cheese, Mozzarella Cheese, Parmigiano Reggiano Cheese, Garlic",The Four Cheese Pizza
4418,1965,hawaiian_l,1,02-02-15,16:10:04,16.5,16.5,L,Classic,"Sliced Ham, Pineapple, Mozzarella Cheese",The Hawaiian Pizza
4419,1965,ital_cpcllo_s,1,02-02-15,16:10:04,12,12,S,Classic,"Capocollo, Red Peppers, Tomatoes, Goat Cheese, Garlic, Oregano",The Italian Capocollo Pizza
4420,1966,sicilian_m,1,02-02-15,16:14:14,16.25,16.25,M,Supreme,"Coarse Sicilian Salami, Tomatoes, Green Olives, Luganega Sausage, Onions, Garlic",The Sicilian Pizza
4421,1966,soppressata_l,1,02-02-15,16:14:14,20.75,20.75,L,Supreme,"Soppressata Salami, Fontina Cheese, Mozzarella Cheese, Mushrooms, Garlic",The Soppressata Pizza
4422,1966,spicy_ital_l,1,02-02-15,16:14:14,20.75,20.75,L,Supreme,"Capocollo, Tomatoes, Goat Cheese, Artichokes, Peperoncini verdi, Garlic",The Spicy Italian Pizza
4423,1966,spinach_supr_s,1,02-02-15,16:14:14,12.5,12.5,S,Supreme,"Spinach, Red Onions, Pepperoni, Tomatoes, Artichokes, Kalamata Olives, Garlic, Asiago Cheese",The Spinach Supreme Pizza
4424,1967,hawaiian_s,1,02-02-15,16:41:43,10.5,10.5,S,Classic,"Sliced Ham, Pineapple, Mozzarella Cheese",The Hawaiian Pizza
4425,1967,pep_msh_pep_s,1,02-02-15,16:41:43,11,11,S,Classic,"Pepperoni, Mushrooms, Green Peppers","The Pepperoni, Mushroom, and Peppers Pizza"
4426,1967,southw_ckn_s,1,02-02-15,16:41:43,12.75,12.75,S,Chicken,"Chicken, Tomatoes, Red Peppers, Red Onions, Jalapeno Peppers, Corn, Cilantro, Chipotle Sauce",The Southwest Chicken Pizza
4427,1967,spinach_fet_s,1,02-02-15,16:41:43,12,12,S,Veggie,"Spinach, Mushrooms, Red Onions, Feta Cheese, Garlic",The Spinach and Feta Pizza
4428,1968,big_meat_s,1,02-02-15,16:58:41,12,12,S,Classic,"Bacon, Pepperoni, Italian Sausage, Chorizo Sausage",The Big Meat Pizza
4429,1968,brie_carre_s,1,02-02-15,16:58:41,23.65,23.65,S,Supreme,"Brie Carre Cheese, Prosciutto, Caramelized Onions, Pears, Thyme, Garlic",The Brie Carre Pizza
4430,1968,classic_dlx_l,1,02-02-15,16:58:41,20.5,20.5,L,Classic,"Pepperoni, Mushrooms, Red Onions, Red Peppers, Bacon",The Classic Deluxe Pizza
4431,1969,hawaiian_s,1,02-02-15,17:10:43,10.5,10.5,S,Classic,"Sliced Ham, Pineapple, Mozzarella Cheese",The Hawaiian Pizza
4432,1970,bbq_ckn_s,1,02-02-15,17:30:16,12.75,12.75,S,Chicken,"Barbecued Chicken, Red Peppers, Green Peppers, Tomatoes, Red Onions, Barbecue Sauce",The Barbecue Chicken Pizza
4433,1971,ital_cpcllo_l,1,02-02-15,17:31:16,20.5,20.5,L,Classic,"Capocollo, Red Peppers, Tomatoes, Goat Cheese, Garlic, Oregano",The Italian Capocollo Pizza
4434,1971,ital_cpcllo_s,1,02-02-15,17:31:16,12,12,S,Classic,"Capocollo, Red Peppers, Tomatoes, Goat Cheese, Garlic, Oregano",The Italian Capocollo Pizza
4435,1972,calabrese_m,1,02-02-15,17:35:29,16.25,16.25,M,Supreme,"æ…›duja Salami, Pancetta, Tomatoes, Red Onions, Friggitello Peppers, Garlic",The Calabrese Pizza
4436,1972,mexicana_m,1,02-02-15,17:35:29,16,16,M,Veggie,"Tomatoes, Red Peppers, Jalapeno Peppers, Red Onions, Cilantro, Corn, Chipotle Sauce, Garlic",The Mexicana Pizza
4437,1972,pepperoni_m,1,02-02-15,17:35:29,12.5,12.5,M,Classic,"Mozzarella Cheese, Pepperoni",The Pepperoni Pizza
4438,1972,prsc_argla_m,1,02-02-15,17:35:29,16.5,16.5,M,Supreme,"Prosciutto di San Daniele, Arugula, Mozzarella Cheese",The Prosciutto and Arugula Pizza
4439,1973,four_cheese_m,1,02-02-15,17:48:51,14.75,14.75,M,Veggie,"Ricotta Cheese, Gorgonzola Piccante Cheese, Mozzarella Cheese, Parmigiano Reggiano Cheese, Garlic",The Four Cheese Pizza
4440,1974,big_meat_s,1,02-02-15,17:49:37,12,12,S,Classic,"Bacon, Pepperoni, Italian Sausage, Chorizo Sausage",The Big Meat Pizza
4441,1974,ital_cpcllo_m,1,02-02-15,17:49:37,16,16,M,Classic,"Capocollo, Red Peppers, Tomatoes, Goat Cheese, Garlic, Oregano",The Italian Capocollo Pizza
4442,1974,spin_pesto_l,1,02-02-15,17:49:37,20.75,20.75,L,Veggie,"Spinach, Artichokes, Tomatoes, Sun-dried Tomatoes, Garlic, Pesto Sauce",The Spinach Pesto Pizza
4443,1975,classic_dlx_m,1,02-02-15,18:07:34,16,16,M,Classic,"Pepperoni, Mushrooms, Red Onions, Red Peppers, Bacon",The Classic Deluxe Pizza
4444,1975,pepperoni_s,1,02-02-15,18:07:34,9.75,9.75,S,Classic,"Mozzarella Cheese, Pepperoni",The Pepperoni Pizza
4445,1976,five_cheese_l,1,02-02-15,18:25:11,18.5,18.5,L,Veggie,"Mozzarella Cheese, Provolone Cheese, Smoked Gouda Cheese, Romano Cheese, Blue Cheese, Garlic",The Five Cheese Pizza
4446,1976,southw_ckn_m,1,02-02-15,18:25:11,16.75,16.75,M,Chicken,"Chicken, Tomatoes, Red Peppers, Red Onions, Jalapeno Peppers, Corn, Cilantro, Chipotle Sauce",The Southwest Chicken Pizza
4447,1976,thai_ckn_m,1,02-02-15,18:25:11,16.75,16.75,M,Chicken,"Chicken, Pineapple, Tomatoes, Red Peppers, Thai Sweet Chilli Sauce",The Thai Chicken Pizza
4448,1977,ckn_alfredo_m,1,02-02-15,18:27:37,16.75,16.75,M,Chicken,"Chicken, Red Onions, Red Peppers, Mushrooms, Asiago Cheese, Alfredo Sauce",The Chicken Alfredo Pizza
4449,1978,pepperoni_m,1,02-02-15,19:03:28,12.5,12.5,M,Classic,"Mozzarella Cheese, Pepperoni",The Pepperoni Pizza
4450,1979,the_greek_m,1,02-02-15,19:05:23,16,16,M,Classic,"Kalamata Olives, Feta Cheese, Tomatoes, Garlic, Beef Chuck Roast, Red Onions",The Greek Pizza
4451,1980,ital_cpcllo_l,1,02-02-15,19:07:15,20.5,20.5,L,Classic,"Capocollo, Red Peppers, Tomatoes, Goat Cheese, Garlic, Oregano",The Italian Capocollo Pizza
4452,1981,ckn_alfredo_l,1,02-02-15,19:10:40,20.75,20.75,L,Chicken,"Chicken, Red Onions, Red Peppers, Mushrooms, Asiago Cheese, Alfredo Sauce",The Chicken Alfredo Pizza
4453,1981,hawaiian_l,1,02-02-15,19:10:40,16.5,16.5,L,Classic,"Sliced Ham, Pineapple, Mozzarella Cheese",The Hawaiian Pizza
4454,1981,spicy_ital_s,1,02-02-15,19:10:40,12.5,12.5,S,Supreme,"Capocollo, Tomatoes, Goat Cheese, Artichokes, Peperoncini verdi, Garlic",The Spicy Italian Pizza
4455,1981,spin_pesto_m,1,02-02-15,19:10:40,16.5,16.5,M,Veggie,"Spinach, Artichokes, Tomatoes, Sun-dried Tomatoes, Garlic, Pesto Sauce",The Spinach Pesto Pizza
4456,1982,pepperoni_m,1,02-02-15,19:36:26,12.5,12.5,M,Classic,"Mozzarella Cheese, Pepperoni",The Pepperoni Pizza
4457,1983,soppressata_m,1,02-02-15,19:39:08,16.5,16.5,M,Supreme,"Soppressata Salami, Fontina Cheese, Mozzarella Cheese, Mushrooms, Garlic",The Soppressata Pizza
4458,1984,big_meat_s,1,02-02-15,19:50:13,12,12,S,Classic,"Bacon, Pepperoni, Italian Sausage, Chorizo Sausage",The Big Meat Pizza
4459,1984,veggie_veg_s,1,02-02-15,19:50:13,12,12,S,Veggie,"Mushrooms, Tomatoes, Red Peppers, Green Peppers, Red Onions, Zucchini, Spinach, Garlic",The Vegetables + Vegetables Pizza
4460,1985,prsc_argla_s,1,02-02-15,20:00:05,12.5,12.5,S,Supreme,"Prosciutto di San Daniele, Arugula, Mozzarella Cheese",The Prosciutto and Arugula Pizza
4461,1985,spin_pesto_l,1,02-02-15,20:00:05,20.75,20.75,L,Veggie,"Spinach, Artichokes, Tomatoes, Sun-dried Tomatoes, Garlic, Pesto Sauce",The Spinach Pesto Pizza
4462,1986,bbq_ckn_m,1,02-02-15,20:07:17,16.75,16.75,M,Chicken,"Barbecued Chicken, Red Peppers, Green Peppers, Tomatoes, Red Onions, Barbecue Sauce",The Barbecue Chicken Pizza
4463,1986,napolitana_l,1,02-02-15,20:07:17,20.5,20.5,L,Classic,"Tomatoes, Anchovies, Green Olives, Red Onions, Garlic",The Napolitana Pizza
4464,1986,spinach_fet_l,1,02-02-15,20:07:17,20.25,20.25,L,Veggie,"Spinach, Mushrooms, Red Onions, Feta Cheese, Garlic",The Spinach and Feta Pizza
4465,1986,veggie_veg_l,1,02-02-15,20:07:17,20.25,20.25,L,Veggie,"Mushrooms, Tomatoes, Red Peppers, Green Peppers, Red Onions, Zucchini, Spinach, Garlic",The Vegetables + Vegetables Pizza
4466,1987,calabrese_m,1,02-02-15,20:09:54,16.25,16.25,M,Supreme,"æ…›duja Salami, Pancetta, Tomatoes, Red Onions, Friggitello Peppers, Garlic",The Calabrese Pizza
4467,1987,ckn_alfredo_m,1,02-02-15,20:09:54,16.75,16.75,M,Chicken,"Chicken, Red Onions, Red Peppers, Mushrooms, Asiago Cheese, Alfredo Sauce",The Chicken Alfredo Pizza
4468,1987,veggie_veg_s,1,02-02-15,20:09:54,12,12,S,Veggie,"Mushrooms, Tomatoes, Red Peppers, Green Peppers, Red Onions, Zucchini, Spinach, Garlic",The Vegetables + Vegetables Pizza
4469,1988,cali_ckn_s,1,02-02-15,20:46:01,12.75,12.75,S,Chicken,"Chicken, Artichoke, Spinach, Garlic, Jalapeno Peppers, Fontina Cheese, Gouda Cheese",The California Chicken Pizza
4470,1988,ckn_pesto_s,1,02-02-15,20:46:01,12.75,12.75,S,Chicken,"Chicken, Tomatoes, Red Peppers, Spinach, Garlic, Pesto Sauce",The Chicken Pesto Pizza
4471,1988,peppr_salami_l,1,02-02-15,20:46:01,20.75,20.75,L,Supreme,"Genoa Salami, Capocollo, Pepperoni, Tomatoes, Asiago Cheese, Garlic",The Pepper Salami Pizza
4472,1989,bbq_ckn_m,1,02-02-15,21:15:17,16.75,16.75,M,Chicken,"Barbecued Chicken, Red Peppers, Green Peppers, Tomatoes, Red Onions, Barbecue Sauce",The Barbecue Chicken Pizza
4473,1989,veggie_veg_s,1,02-02-15,21:15:17,12,12,S,Veggie,"Mushrooms, Tomatoes, Red Peppers, Green Peppers, Red Onions, Zucchini, Spinach, Garlic",The Vegetables + Vegetables Pizza
4474,1990,calabrese_m,1,02-02-15,21:22:35,16.25,16.25,M,Supreme,"æ…›duja Salami, Pancetta, Tomatoes, Red Onions, Friggitello Peppers, Garlic",The Calabrese Pizza
4475,1990,hawaiian_l,1,02-02-15,21:22:35,16.5,16.5,L,Classic,"Sliced Ham, Pineapple, Mozzarella Cheese",The Hawaiian Pizza
4476,1990,spicy_ital_l,1,02-02-15,21:22:35,20.75,20.75,L,Supreme,"Capocollo, Tomatoes, Goat Cheese, Artichokes, Peperoncini verdi, Garlic",The Spicy Italian Pizza
4477,1991,spinach_supr_s,1,02-02-15,21:47:12,12.5,12.5,S,Supreme,"Spinach, Red Onions, Pepperoni, Tomatoes, Artichokes, Kalamata Olives, Garlic, Asiago Cheese",The Spinach Supreme Pizza
4478,1992,ckn_alfredo_m,1,02-02-15,21:48:32,16.75,16.75,M,Chicken,"Chicken, Red Onions, Red Peppers, Mushrooms, Asiago Cheese, Alfredo Sauce",The Chicken Alfredo Pizza
4479,1993,veggie_veg_l,1,02-02-15,22:07:29,20.25,20.25,L,Veggie,"Mushrooms, Tomatoes, Red Peppers, Green Peppers, Red Onions, Zucchini, Spinach, Garlic",The Vegetables + Vegetables Pizza
4480,1994,cali_ckn_s,1,02-02-15,22:08:10,12.75,12.75,S,Chicken,"Chicken, Artichoke, Spinach, Garlic, Jalapeno Peppers, Fontina Cheese, Gouda Cheese",The California Chicken Pizza
4481,1994,hawaiian_s,1,02-02-15,22:08:10,10.5,10.5,S,Classic,"Sliced Ham, Pineapple, Mozzarella Cheese",The Hawaiian Pizza
4482,1994,peppr_salami_m,1,02-02-15,22:08:10,16.5,16.5,M,Supreme,"Genoa Salami, Capocollo, Pepperoni, Tomatoes, Asiago Cheese, Garlic",The Pepper Salami Pizza
4483,1994,spinach_supr_s,1,02-02-15,22:08:10,12.5,12.5,S,Supreme,"Spinach, Red Onions, Pepperoni, Tomatoes, Artichokes, Kalamata Olives, Garlic, Asiago Cheese",The Spinach Supreme Pizza
4484,1995,bbq_ckn_l,1,02-02-15,22:19:33,20.75,20.75,L,Chicken,"Barbecued Chicken, Red Peppers, Green Peppers, Tomatoes, Red Onions, Barbecue Sauce",The Barbecue Chicken Pizza
4485,1995,calabrese_m,1,02-02-15,22:19:33,16.25,16.25,M,Supreme,"æ…›duja Salami, Pancetta, Tomatoes, Red Onions, Friggitello Peppers, Garlic",The Calabrese Pizza
4486,1995,five_cheese_l,1,02-02-15,22:19:33,18.5,18.5,L,Veggie,"Mozzarella Cheese, Provolone Cheese, Smoked Gouda Cheese, Romano Cheese, Blue Cheese, Garlic",The Five Cheese Pizza
4487,1995,spinach_supr_m,1,02-02-15,22:19:33,16.5,16.5,M,Supreme,"Spinach, Red Onions, Pepperoni, Tomatoes, Artichokes, Kalamata Olives, Garlic, Asiago Cheese",The Spinach Supreme Pizza
4488,1996,five_cheese_l,1,02-03-15,11:25:25,18.5,18.5,L,Veggie,"Mozzarella Cheese, Provolone Cheese, Smoked Gouda Cheese, Romano Cheese, Blue Cheese, Garlic",The Five Cheese Pizza
4489,1996,ital_cpcllo_m,1,02-03-15,11:25:25,16,16,M,Classic,"Capocollo, Red Peppers, Tomatoes, Goat Cheese, Garlic, Oregano",The Italian Capocollo Pizza
4490,1996,sicilian_s,1,02-03-15,11:25:25,12.25,12.25,S,Supreme,"Coarse Sicilian Salami, Tomatoes, Green Olives, Luganega Sausage, Onions, Garlic",The Sicilian Pizza
4491,1997,green_garden_s,1,02-03-15,11:35:10,12,12,S,Veggie,"Spinach, Mushrooms, Tomatoes, Green Olives, Feta Cheese",The Green Garden Pizza
4492,1998,spinach_fet_s,1,02-03-15,11:47:03,12,12,S,Veggie,"Spinach, Mushrooms, Red Onions, Feta Cheese, Garlic",The Spinach and Feta Pizza
4493,1999,big_meat_s,1,02-03-15,12:07:51,12,12,S,Classic,"Bacon, Pepperoni, Italian Sausage, Chorizo Sausage",The Big Meat Pizza
4494,1999,calabrese_l,1,02-03-15,12:07:51,20.25,20.25,L,Supreme,"æ…›duja Salami, Pancetta, Tomatoes, Red Onions, Friggitello Peppers, Garlic",The Calabrese Pizza
4495,1999,calabrese_m,1,02-03-15,12:07:51,16.25,16.25,M,Supreme,"æ…›duja Salami, Pancetta, Tomatoes, Red Onions, Friggitello Peppers, Garlic",The Calabrese Pizza
4496,1999,ital_cpcllo_l,1,02-03-15,12:07:51,20.5,20.5,L,Classic,"Capocollo, Red Peppers, Tomatoes, Goat Cheese, Garlic, Oregano",The Italian Capocollo Pizza
4497,1999,ital_supr_m,1,02-03-15,12:07:51,16.5,16.5,M,Supreme,"Calabrese Salami, Capocollo, Tomatoes, Red Onions, Green Olives, Garlic",The Italian Supreme Pizza
4498,1999,ital_veggie_m,1,02-03-15,12:07:51,16.75,16.75,M,Veggie,"Eggplant, Artichokes, Tomatoes, Zucchini, Red Peppers, Garlic, Pesto Sauce",The Italian Vegetables Pizza
4499,1999,napolitana_l,1,02-03-15,12:07:51,20.5,20.5,L,Classic,"Tomatoes, Anchovies, Green Olives, Red Onions, Garlic",The Napolitana Pizza
4500,1999,pep_msh_pep_s,1,02-03-15,12:07:51,11,11,S,Classic,"Pepperoni, Mushrooms, Green Peppers","The Pepperoni, Mushroom, and Peppers Pizza"
4501,1999,spicy_ital_m,1,02-03-15,12:07:51,16.5,16.5,M,Supreme,"Capocollo, Tomatoes, Goat Cheese, Artichokes, Peperoncini verdi, Garlic",The Spicy Italian Pizza
4502,1999,thai_ckn_l,1,02-03-15,12:07:51,20.75,20.75,L,Chicken,"Chicken, Pineapple, Tomatoes, Red Peppers, Thai Sweet Chilli Sauce",The Thai Chicken Pizza
4503,2000,bbq_ckn_m,1,02-03-15,12:14:27,16.75,16.75,M,Chicken,"Barbecued Chicken, Red Peppers, Green Peppers, Tomatoes, Red Onions, Barbecue Sauce",The Barbecue Chicken Pizza
4504,2000,big_meat_s,2,02-03-15,12:14:27,12,24,S,Classic,"Bacon, Pepperoni, Italian Sausage, Chorizo Sausage",The Big Meat Pizza
4505,2000,calabrese_m,1,02-03-15,12:14:27,16.25,16.25,M,Supreme,"æ…›duja Salami, Pancetta, Tomatoes, Red Onions, Friggitello Peppers, Garlic",The Calabrese Pizza
4506,2000,four_cheese_l,1,02-03-15,12:14:27,17.95,17.95,L,Veggie,"Ricotta Cheese, Gorgonzola Piccante Cheese, Mozzarella Cheese, Parmigiano Reggiano Cheese, Garlic",The Four Cheese Pizza
4507,2000,pep_msh_pep_m,1,02-03-15,12:14:27,14.5,14.5,M,Classic,"Pepperoni, Mushrooms, Green Peppers","The Pepperoni, Mushroom, and Peppers Pizza"
4508,2000,pepperoni_s,2,02-03-15,12:14:27,9.75,19.5,S,Classic,"Mozzarella Cheese, Pepperoni",The Pepperoni Pizza
4509,2000,soppressata_l,1,02-03-15,12:14:27,20.75,20.75,L,Supreme,"Soppressata Salami, Fontina Cheese, Mozzarella Cheese, Mushrooms, Garlic",The Soppressata Pizza
4510,2000,spin_pesto_l,1,02-03-15,12:14:27,20.75,20.75,L,Veggie,"Spinach, Artichokes, Tomatoes, Sun-dried Tomatoes, Garlic, Pesto Sauce",The Spinach Pesto Pizza
4511,2000,thai_ckn_l,1,02-03-15,12:14:27,20.75,20.75,L,Chicken,"Chicken, Pineapple, Tomatoes, Red Peppers, Thai Sweet Chilli Sauce",The Thai Chicken Pizza
4512,2000,veggie_veg_l,2,02-03-15,12:14:27,20.25,40.5,L,Veggie,"Mushrooms, Tomatoes, Red Peppers, Green Peppers, Red Onions, Zucchini, Spinach, Garlic",The Vegetables + Vegetables Pizza
4513,2000,veggie_veg_s,1,02-03-15,12:14:27,12,12,S,Veggie,"Mushrooms, Tomatoes, Red Peppers, Green Peppers, Red Onions, Zucchini, Spinach, Garlic",The Vegetables + Vegetables Pizza
4514,2001,calabrese_m,1,02-03-15,12:20:45,16.25,16.25,M,Supreme,"æ…›duja Salami, Pancetta, Tomatoes, Red Onions, Friggitello Peppers, Garlic",The Calabrese Pizza
4515,2001,calabrese_s,1,02-03-15,12:20:45,12.25,12.25,S,Supreme,"æ…›duja Salami, Pancetta, Tomatoes, Red Onions, Friggitello Peppers, Garlic",The Calabrese Pizza
4516,2001,four_cheese_l,1,02-03-15,12:20:45,17.95,17.95,L,Veggie,"Ricotta Cheese, Gorgonzola Piccante Cheese, Mozzarella Cheese, Parmigiano Reggiano Cheese, Garlic",The Four Cheese Pizza
4517,2001,ital_cpcllo_l,1,02-03-15,12:20:45,20.5,20.5,L,Classic,"Capocollo, Red Peppers, Tomatoes, Goat Cheese, Garlic, Oregano",The Italian Capocollo Pizza
4518,2002,big_meat_s,1,02-03-15,12:21:10,12,12,S,Classic,"Bacon, Pepperoni, Italian Sausage, Chorizo Sausage",The Big Meat Pizza
4519,2002,ital_supr_l,1,02-03-15,12:21:10,20.75,20.75,L,Supreme,"Calabrese Salami, Capocollo, Tomatoes, Red Onions, Green Olives, Garlic",The Italian Supreme Pizza
4520,2002,spinach_fet_l,1,02-03-15,12:21:10,20.25,20.25,L,Veggie,"Spinach, Mushrooms, Red Onions, Feta Cheese, Garlic",The Spinach and Feta Pizza
4521,2003,green_garden_m,1,02-03-15,12:21:25,16,16,M,Veggie,"Spinach, Mushrooms, Tomatoes, Green Olives, Feta Cheese",The Green Garden Pizza
4522,2004,ital_cpcllo_l,1,02-03-15,12:24:06,20.5,20.5,L,Classic,"Capocollo, Red Peppers, Tomatoes, Goat Cheese, Garlic, Oregano",The Italian Capocollo Pizza
4523,2004,peppr_salami_s,1,02-03-15,12:24:06,12.5,12.5,S,Supreme,"Genoa Salami, Capocollo, Pepperoni, Tomatoes, Asiago Cheese, Garlic",The Pepper Salami Pizza
4524,2004,prsc_argla_l,1,02-03-15,12:24:06,20.75,20.75,L,Supreme,"Prosciutto di San Daniele, Arugula, Mozzarella Cheese",The Prosciutto and Arugula Pizza
4525,2005,cali_ckn_m,1,02-03-15,12:32:02,16.75,16.75,M,Chicken,"Chicken, Artichoke, Spinach, Garlic, Jalapeno Peppers, Fontina Cheese, Gouda Cheese",The California Chicken Pizza
4526,2005,ckn_alfredo_m,1,02-03-15,12:32:02,16.75,16.75,M,Chicken,"Chicken, Red Onions, Red Peppers, Mushrooms, Asiago Cheese, Alfredo Sauce",The Chicken Alfredo Pizza
4527,2005,peppr_salami_s,1,02-03-15,12:32:02,12.5,12.5,S,Supreme,"Genoa Salami, Capocollo, Pepperoni, Tomatoes, Asiago Cheese, Garlic",The Pepper Salami Pizza
4528,2005,spinach_supr_l,1,02-03-15,12:32:02,20.75,20.75,L,Supreme,"Spinach, Red Onions, Pepperoni, Tomatoes, Artichokes, Kalamata Olives, Garlic, Asiago Cheese",The Spinach Supreme Pizza
4529,2006,ckn_alfredo_l,1,02-03-15,12:35:28,20.75,20.75,L,Chicken,"Chicken, Red Onions, Red Peppers, Mushrooms, Asiago Cheese, Alfredo Sauce",The Chicken Alfredo Pizza
4530,2006,green_garden_s,1,02-03-15,12:35:28,12,12,S,Veggie,"Spinach, Mushrooms, Tomatoes, Green Olives, Feta Cheese",The Green Garden Pizza
4531,2006,hawaiian_m,1,02-03-15,12:35:28,13.25,13.25,M,Classic,"Sliced Ham, Pineapple, Mozzarella Cheese",The Hawaiian Pizza
4532,2006,thai_ckn_s,1,02-03-15,12:35:28,12.75,12.75,S,Chicken,"Chicken, Pineapple, Tomatoes, Red Peppers, Thai Sweet Chilli Sauce",The Thai Chicken Pizza
4533,2007,bbq_ckn_s,1,02-03-15,12:37:21,12.75,12.75,S,Chicken,"Barbecued Chicken, Red Peppers, Green Peppers, Tomatoes, Red Onions, Barbecue Sauce",The Barbecue Chicken Pizza
4534,2007,spinach_fet_l,1,02-03-15,12:37:21,20.25,20.25,L,Veggie,"Spinach, Mushrooms, Red Onions, Feta Cheese, Garlic",The Spinach and Feta Pizza
4535,2008,napolitana_l,1,02-03-15,12:47:12,20.5,20.5,L,Classic,"Tomatoes, Anchovies, Green Olives, Red Onions, Garlic",The Napolitana Pizza
4536,2009,the_greek_s,1,02-03-15,12:55:07,12,12,S,Classic,"Kalamata Olives, Feta Cheese, Tomatoes, Garlic, Beef Chuck Roast, Red Onions",The Greek Pizza
4537,2010,big_meat_s,1,02-03-15,13:00:41,12,12,S,Classic,"Bacon, Pepperoni, Italian Sausage, Chorizo Sausage",The Big Meat Pizza
4538,2010,pepperoni_s,1,02-03-15,13:00:41,9.75,9.75,S,Classic,"Mozzarella Cheese, Pepperoni",The Pepperoni Pizza
4539,2010,sicilian_m,1,02-03-15,13:00:41,16.25,16.25,M,Supreme,"Coarse Sicilian Salami, Tomatoes, Green Olives, Luganega Sausage, Onions, Garlic",The Sicilian Pizza
4540,2010,spinach_fet_s,1,02-03-15,13:00:41,12,12,S,Veggie,"Spinach, Mushrooms, Red Onions, Feta Cheese, Garlic",The Spinach and Feta Pizza
4541,2011,ckn_alfredo_m,1,02-03-15,13:01:28,16.75,16.75,M,Chicken,"Chicken, Red Onions, Red Peppers, Mushrooms, Asiago Cheese, Alfredo Sauce",The Chicken Alfredo Pizza
4542,2011,peppr_salami_l,1,02-03-15,13:01:28,20.75,20.75,L,Supreme,"Genoa Salami, Capocollo, Pepperoni, Tomatoes, Asiago Cheese, Garlic",The Pepper Salami Pizza
4543,2011,spicy_ital_m,1,02-03-15,13:01:28,16.5,16.5,M,Supreme,"Capocollo, Tomatoes, Goat Cheese, Artichokes, Peperoncini verdi, Garlic",The Spicy Italian Pizza
4544,2011,veggie_veg_l,1,02-03-15,13:01:28,20.25,20.25,L,Veggie,"Mushrooms, Tomatoes, Red Peppers, Green Peppers, Red Onions, Zucchini, Spinach, Garlic",The Vegetables + Vegetables Pizza
4545,2012,spicy_ital_s,1,02-03-15,13:19:00,12.5,12.5,S,Supreme,"Capocollo, Tomatoes, Goat Cheese, Artichokes, Peperoncini verdi, Garlic",The Spicy Italian Pizza
4546,2012,the_greek_xl,1,02-03-15,13:19:00,25.5,25.5,XL,Classic,"Kalamata Olives, Feta Cheese, Tomatoes, Garlic, Beef Chuck Roast, Red Onions",The Greek Pizza
4547,2013,big_meat_s,2,02-03-15,13:20:46,12,24,S,Classic,"Bacon, Pepperoni, Italian Sausage, Chorizo Sausage",The Big Meat Pizza
4548,2013,brie_carre_s,1,02-03-15,13:20:46,23.65,23.65,S,Supreme,"Brie Carre Cheese, Prosciutto, Caramelized Onions, Pears, Thyme, Garlic",The Brie Carre Pizza
4549,2013,classic_dlx_s,1,02-03-15,13:20:46,12,12,S,Classic,"Pepperoni, Mushrooms, Red Onions, Red Peppers, Bacon",The Classic Deluxe Pizza
4550,2014,spicy_ital_l,1,02-03-15,13:23:13,20.75,20.75,L,Supreme,"Capocollo, Tomatoes, Goat Cheese, Artichokes, Peperoncini verdi, Garlic",The Spicy Italian Pizza
4551,2015,hawaiian_m,1,02-03-15,13:23:49,13.25,13.25,M,Classic,"Sliced Ham, Pineapple, Mozzarella Cheese",The Hawaiian Pizza
4552,2016,bbq_ckn_m,1,02-03-15,13:47:00,16.75,16.75,M,Chicken,"Barbecued Chicken, Red Peppers, Green Peppers, Tomatoes, Red Onions, Barbecue Sauce",The Barbecue Chicken Pizza
4553,2016,green_garden_m,1,02-03-15,13:47:00,16,16,M,Veggie,"Spinach, Mushrooms, Tomatoes, Green Olives, Feta Cheese",The Green Garden Pizza
4554,2016,ital_veggie_s,1,02-03-15,13:47:00,12.75,12.75,S,Veggie,"Eggplant, Artichokes, Tomatoes, Zucchini, Red Peppers, Garlic, Pesto Sauce",The Italian Vegetables Pizza
4555,2017,bbq_ckn_s,1,02-03-15,13:51:56,12.75,12.75,S,Chicken,"Barbecued Chicken, Red Peppers, Green Peppers, Tomatoes, Red Onions, Barbecue Sauce",The Barbecue Chicken Pizza
4556,2017,ital_cpcllo_l,1,02-03-15,13:51:56,20.5,20.5,L,Classic,"Capocollo, Red Peppers, Tomatoes, Goat Cheese, Garlic, Oregano",The Italian Capocollo Pizza
4557,2018,pepperoni_s,1,02-03-15,14:06:04,9.75,9.75,S,Classic,"Mozzarella Cheese, Pepperoni",The Pepperoni Pizza
4558,2018,peppr_salami_l,1,02-03-15,14:06:04,20.75,20.75,L,Supreme,"Genoa Salami, Capocollo, Pepperoni, Tomatoes, Asiago Cheese, Garlic",The Pepper Salami Pizza
4559,2018,sicilian_l,1,02-03-15,14:06:04,20.25,20.25,L,Supreme,"Coarse Sicilian Salami, Tomatoes, Green Olives, Luganega Sausage, Onions, Garlic",The Sicilian Pizza
4560,2018,the_greek_xl,1,02-03-15,14:06:04,25.5,25.5,XL,Classic,"Kalamata Olives, Feta Cheese, Tomatoes, Garlic, Beef Chuck Roast, Red Onions",The Greek Pizza
4561,2019,southw_ckn_l,1,02-03-15,14:14:03,20.75,20.75,L,Chicken,"Chicken, Tomatoes, Red Peppers, Red Onions, Jalapeno Peppers, Corn, Cilantro, Chipotle Sauce",The Southwest Chicken Pizza
4562,2020,big_meat_s,1,02-03-15,14:14:05,12,12,S,Classic,"Bacon, Pepperoni, Italian Sausage, Chorizo Sausage",The Big Meat Pizza
4563,2021,cali_ckn_l,1,02-03-15,14:25:13,20.75,20.75,L,Chicken,"Chicken, Artichoke, Spinach, Garlic, Jalapeno Peppers, Fontina Cheese, Gouda Cheese",The California Chicken Pizza
4564,2021,ital_cpcllo_m,1,02-03-15,14:25:13,16,16,M,Classic,"Capocollo, Red Peppers, Tomatoes, Goat Cheese, Garlic, Oregano",The Italian Capocollo Pizza
4565,2021,pepperoni_l,1,02-03-15,14:25:13,15.25,15.25,L,Classic,"Mozzarella Cheese, Pepperoni",The Pepperoni Pizza
4566,2021,peppr_salami_m,1,02-03-15,14:25:13,16.5,16.5,M,Supreme,"Genoa Salami, Capocollo, Pepperoni, Tomatoes, Asiago Cheese, Garlic",The Pepper Salami Pizza
4567,2022,ckn_pesto_l,1,02-03-15,14:36:36,20.75,20.75,L,Chicken,"Chicken, Tomatoes, Red Peppers, Spinach, Garlic, Pesto Sauce",The Chicken Pesto Pizza
4568,2022,the_greek_s,1,02-03-15,14:36:36,12,12,S,Classic,"Kalamata Olives, Feta Cheese, Tomatoes, Garlic, Beef Chuck Roast, Red Onions",The Greek Pizza
4569,2023,four_cheese_l,1,02-03-15,15:05:28,17.95,17.95,L,Veggie,"Ricotta Cheese, Gorgonzola Piccante Cheese, Mozzarella Cheese, Parmigiano Reggiano Cheese, Garlic",The Four Cheese Pizza
4570,2024,soppressata_s,1,02-03-15,16:04:02,12.5,12.5,S,Supreme,"Soppressata Salami, Fontina Cheese, Mozzarella Cheese, Mushrooms, Garlic",The Soppressata Pizza
4571,2024,southw_ckn_m,1,02-03-15,16:04:02,16.75,16.75,M,Chicken,"Chicken, Tomatoes, Red Peppers, Red Onions, Jalapeno Peppers, Corn, Cilantro, Chipotle Sauce",The Southwest Chicken Pizza
4572,2024,spinach_fet_l,1,02-03-15,16:04:02,20.25,20.25,L,Veggie,"Spinach, Mushrooms, Red Onions, Feta Cheese, Garlic",The Spinach and Feta Pizza
4573,2025,cali_ckn_s,1,02-03-15,16:11:01,12.75,12.75,S,Chicken,"Chicken, Artichoke, Spinach, Garlic, Jalapeno Peppers, Fontina Cheese, Gouda Cheese",The California Chicken Pizza
4574,2025,veggie_veg_l,1,02-03-15,16:11:01,20.25,20.25,L,Veggie,"Mushrooms, Tomatoes, Red Peppers, Green Peppers, Red Onions, Zucchini, Spinach, Garlic",The Vegetables + Vegetables Pizza
4575,2026,mexicana_l,1,02-03-15,16:11:48,20.25,20.25,L,Veggie,"Tomatoes, Red Peppers, Jalapeno Peppers, Red Onions, Cilantro, Corn, Chipotle Sauce, Garlic",The Mexicana Pizza
4576,2027,southw_ckn_s,1,02-03-15,16:20:30,12.75,12.75,S,Chicken,"Chicken, Tomatoes, Red Peppers, Red Onions, Jalapeno Peppers, Corn, Cilantro, Chipotle Sauce",The Southwest Chicken Pizza
4577,2027,spinach_fet_m,1,02-03-15,16:20:30,16,16,M,Veggie,"Spinach, Mushrooms, Red Onions, Feta Cheese, Garlic",The Spinach and Feta Pizza
4578,2028,four_cheese_l,1,02-03-15,16:38:16,17.95,17.95,L,Veggie,"Ricotta Cheese, Gorgonzola Piccante Cheese, Mozzarella Cheese, Parmigiano Reggiano Cheese, Garlic",The Four Cheese Pizza
4579,2029,spinach_supr_s,1,02-03-15,16:47:49,12.5,12.5,S,Supreme,"Spinach, Red Onions, Pepperoni, Tomatoes, Artichokes, Kalamata Olives, Garlic, Asiago Cheese",The Spinach Supreme Pizza
4580,2029,thai_ckn_l,1,02-03-15,16:47:49,20.75,20.75,L,Chicken,"Chicken, Pineapple, Tomatoes, Red Peppers, Thai Sweet Chilli Sauce",The Thai Chicken Pizza
4581,2030,five_cheese_l,1,02-03-15,16:50:44,18.5,18.5,L,Veggie,"Mozzarella Cheese, Provolone Cheese, Smoked Gouda Cheese, Romano Cheese, Blue Cheese, Garlic",The Five Cheese Pizza
4582,2030,southw_ckn_s,1,02-03-15,16:50:44,12.75,12.75,S,Chicken,"Chicken, Tomatoes, Red Peppers, Red Onions, Jalapeno Peppers, Corn, Cilantro, Chipotle Sauce",The Southwest Chicken Pizza
4583,2031,cali_ckn_m,1,02-03-15,16:51:05,16.75,16.75,M,Chicken,"Chicken, Artichoke, Spinach, Garlic, Jalapeno Peppers, Fontina Cheese, Gouda Cheese",The California Chicken Pizza
4584,2031,pepperoni_m,1,02-03-15,16:51:05,12.5,12.5,M,Classic,"Mozzarella Cheese, Pepperoni",The Pepperoni Pizza
4585,2031,southw_ckn_s,1,02-03-15,16:51:05,12.75,12.75,S,Chicken,"Chicken, Tomatoes, Red Peppers, Red Onions, Jalapeno Peppers, Corn, Cilantro, Chipotle Sauce",The Southwest Chicken Pizza
4586,2032,the_greek_m,1,02-03-15,17:12:51,16,16,M,Classic,"Kalamata Olives, Feta Cheese, Tomatoes, Garlic, Beef Chuck Roast, Red Onions",The Greek Pizza
4587,2033,bbq_ckn_s,1,02-03-15,17:13:15,12.75,12.75,S,Chicken,"Barbecued Chicken, Red Peppers, Green Peppers, Tomatoes, Red Onions, Barbecue Sauce",The Barbecue Chicken Pizza
4588,2033,spicy_ital_l,1,02-03-15,17:13:15,20.75,20.75,L,Supreme,"Capocollo, Tomatoes, Goat Cheese, Artichokes, Peperoncini verdi, Garlic",The Spicy Italian Pizza
4589,2033,spin_pesto_s,1,02-03-15,17:13:15,12.5,12.5,S,Veggie,"Spinach, Artichokes, Tomatoes, Sun-dried Tomatoes, Garlic, Pesto Sauce",The Spinach Pesto Pizza
4590,2033,veggie_veg_m,1,02-03-15,17:13:15,16,16,M,Veggie,"Mushrooms, Tomatoes, Red Peppers, Green Peppers, Red Onions, Zucchini, Spinach, Garlic",The Vegetables + Vegetables Pizza
4591,2034,big_meat_s,1,02-03-15,17:15:18,12,12,S,Classic,"Bacon, Pepperoni, Italian Sausage, Chorizo Sausage",The Big Meat Pizza
4592,2034,pepperoni_m,1,02-03-15,17:15:18,12.5,12.5,M,Classic,"Mozzarella Cheese, Pepperoni",The Pepperoni Pizza
4593,2035,classic_dlx_s,1,02-03-15,17:16:16,12,12,S,Classic,"Pepperoni, Mushrooms, Red Onions, Red Peppers, Bacon",The Classic Deluxe Pizza
4594,2036,bbq_ckn_s,1,02-03-15,17:17:29,12.75,12.75,S,Chicken,"Barbecued Chicken, Red Peppers, Green Peppers, Tomatoes, Red Onions, Barbecue Sauce",The Barbecue Chicken Pizza
4595,2036,five_cheese_l,1,02-03-15,17:17:29,18.5,18.5,L,Veggie,"Mozzarella Cheese, Provolone Cheese, Smoked Gouda Cheese, Romano Cheese, Blue Cheese, Garlic",The Five Cheese Pizza
4596,2036,ital_cpcllo_l,1,02-03-15,17:17:29,20.5,20.5,L,Classic,"Capocollo, Red Peppers, Tomatoes, Goat Cheese, Garlic, Oregano",The Italian Capocollo Pizza
4597,2037,mediterraneo_s,1,02-03-15,17:30:57,12,12,S,Veggie,"Spinach, Artichokes, Kalamata Olives, Sun-dried Tomatoes, Feta Cheese, Plum Tomatoes, Red Onions",The Mediterranean Pizza
4598,2038,sicilian_m,1,02-03-15,17:31:35,16.25,16.25,M,Supreme,"Coarse Sicilian Salami, Tomatoes, Green Olives, Luganega Sausage, Onions, Garlic",The Sicilian Pizza
4599,2039,pep_msh_pep_s,1,02-03-15,17:36:07,11,11,S,Classic,"Pepperoni, Mushrooms, Green Peppers","The Pepperoni, Mushroom, and Peppers Pizza"
4600,2040,four_cheese_m,1,02-03-15,17:36:45,14.75,14.75,M,Veggie,"Ricotta Cheese, Gorgonzola Piccante Cheese, Mozzarella Cheese, Parmigiano Reggiano Cheese, Garlic",The Four Cheese Pizza
4601,2041,classic_dlx_m,1,02-03-15,17:40:35,16,16,M,Classic,"Pepperoni, Mushrooms, Red Onions, Red Peppers, Bacon",The Classic Deluxe Pizza
4602,2042,bbq_ckn_l,1,02-03-15,18:01:43,20.75,20.75,L,Chicken,"Barbecued Chicken, Red Peppers, Green Peppers, Tomatoes, Red Onions, Barbecue Sauce",The Barbecue Chicken Pizza
4603,2042,ital_supr_l,1,02-03-15,18:01:43,20.75,20.75,L,Supreme,"Calabrese Salami, Capocollo, Tomatoes, Red Onions, Green Olives, Garlic",The Italian Supreme Pizza
4604,2042,veggie_veg_l,1,02-03-15,18:01:43,20.25,20.25,L,Veggie,"Mushrooms, Tomatoes, Red Peppers, Green Peppers, Red Onions, Zucchini, Spinach, Garlic",The Vegetables + Vegetables Pizza
4605,2043,the_greek_s,1,02-03-15,18:23:13,12,12,S,Classic,"Kalamata Olives, Feta Cheese, Tomatoes, Garlic, Beef Chuck Roast, Red Onions",The Greek Pizza
4606,2044,prsc_argla_m,1,02-03-15,18:33:46,16.5,16.5,M,Supreme,"Prosciutto di San Daniele, Arugula, Mozzarella Cheese",The Prosciutto and Arugula Pizza
4607,2044,spinach_supr_s,1,02-03-15,18:33:46,12.5,12.5,S,Supreme,"Spinach, Red Onions, Pepperoni, Tomatoes, Artichokes, Kalamata Olives, Garlic, Asiago Cheese",The Spinach Supreme Pizza
4608,2045,peppr_salami_m,1,02-03-15,18:46:11,16.5,16.5,M,Supreme,"Genoa Salami, Capocollo, Pepperoni, Tomatoes, Asiago Cheese, Garlic",The Pepper Salami Pizza
4609,2046,ital_veggie_m,1,02-03-15,18:46:54,16.75,16.75,M,Veggie,"Eggplant, Artichokes, Tomatoes, Zucchini, Red Peppers, Garlic, Pesto Sauce",The Italian Vegetables Pizza
4610,2046,napolitana_s,1,02-03-15,18:46:54,12,12,S,Classic,"Tomatoes, Anchovies, Green Olives, Red Onions, Garlic",The Napolitana Pizza
4611,2047,pepperoni_m,1,02-03-15,18:47:08,12.5,12.5,M,Classic,"Mozzarella Cheese, Pepperoni",The Pepperoni Pizza
4612,2047,prsc_argla_m,1,02-03-15,18:47:08,16.5,16.5,M,Supreme,"Prosciutto di San Daniele, Arugula, Mozzarella Cheese",The Prosciutto and Arugula Pizza
4613,2047,spinach_fet_l,1,02-03-15,18:47:08,20.25,20.25,L,Veggie,"Spinach, Mushrooms, Red Onions, Feta Cheese, Garlic",The Spinach and Feta Pizza
4614,2048,spicy_ital_l,1,02-03-15,18:48:26,20.75,20.75,L,Supreme,"Capocollo, Tomatoes, Goat Cheese, Artichokes, Peperoncini verdi, Garlic",The Spicy Italian Pizza
4615,2049,bbq_ckn_m,1,02-03-15,19:00:24,16.75,16.75,M,Chicken,"Barbecued Chicken, Red Peppers, Green Peppers, Tomatoes, Red Onions, Barbecue Sauce",The Barbecue Chicken Pizza
4616,2049,cali_ckn_m,1,02-03-15,19:00:24,16.75,16.75,M,Chicken,"Chicken, Artichoke, Spinach, Garlic, Jalapeno Peppers, Fontina Cheese, Gouda Cheese",The California Chicken Pizza
4617,2049,veggie_veg_l,1,02-03-15,19:00:24,20.25,20.25,L,Veggie,"Mushrooms, Tomatoes, Red Peppers, Green Peppers, Red Onions, Zucchini, Spinach, Garlic",The Vegetables + Vegetables Pizza
4618,2050,ital_veggie_m,1,02-03-15,19:20:46,16.75,16.75,M,Veggie,"Eggplant, Artichokes, Tomatoes, Zucchini, Red Peppers, Garlic, Pesto Sauce",The Italian Vegetables Pizza
4619,2050,pep_msh_pep_m,1,02-03-15,19:20:46,14.5,14.5,M,Classic,"Pepperoni, Mushrooms, Green Peppers","The Pepperoni, Mushroom, and Peppers Pizza"
4620,2050,soppressata_m,1,02-03-15,19:20:46,16.5,16.5,M,Supreme,"Soppressata Salami, Fontina Cheese, Mozzarella Cheese, Mushrooms, Garlic",The Soppressata Pizza
4621,2050,spinach_supr_s,1,02-03-15,19:20:46,12.5,12.5,S,Supreme,"Spinach, Red Onions, Pepperoni, Tomatoes, Artichokes, Kalamata Olives, Garlic, Asiago Cheese",The Spinach Supreme Pizza
4622,2051,calabrese_m,1,02-03-15,19:51:00,16.25,16.25,M,Supreme,"æ…›duja Salami, Pancetta, Tomatoes, Red Onions, Friggitello Peppers, Garlic",The Calabrese Pizza
4623,2051,cali_ckn_m,1,02-03-15,19:51:00,16.75,16.75,M,Chicken,"Chicken, Artichoke, Spinach, Garlic, Jalapeno Peppers, Fontina Cheese, Gouda Cheese",The California Chicken Pizza
4624,2051,mexicana_l,1,02-03-15,19:51:00,20.25,20.25,L,Veggie,"Tomatoes, Red Peppers, Jalapeno Peppers, Red Onions, Cilantro, Corn, Chipotle Sauce, Garlic",The Mexicana Pizza
4625,2051,spinach_supr_l,1,02-03-15,19:51:00,20.75,20.75,L,Supreme,"Spinach, Red Onions, Pepperoni, Tomatoes, Artichokes, Kalamata Olives, Garlic, Asiago Cheese",The Spinach Supreme Pizza
4626,2052,brie_carre_s,1,02-03-15,19:54:31,23.65,23.65,S,Supreme,"Brie Carre Cheese, Prosciutto, Caramelized Onions, Pears, Thyme, Garlic",The Brie Carre Pizza
4627,2052,five_cheese_l,1,02-03-15,19:54:31,18.5,18.5,L,Veggie,"Mozzarella Cheese, Provolone Cheese, Smoked Gouda Cheese, Romano Cheese, Blue Cheese, Garlic",The Five Cheese Pizza
4628,2052,four_cheese_l,1,02-03-15,19:54:31,17.95,17.95,L,Veggie,"Ricotta Cheese, Gorgonzola Piccante Cheese, Mozzarella Cheese, Parmigiano Reggiano Cheese, Garlic",The Four Cheese Pizza
4629,2052,sicilian_s,1,02-03-15,19:54:31,12.25,12.25,S,Supreme,"Coarse Sicilian Salami, Tomatoes, Green Olives, Luganega Sausage, Onions, Garlic",The Sicilian Pizza
4630,2053,four_cheese_l,2,02-03-15,20:42:43,17.95,35.9,L,Veggie,"Ricotta Cheese, Gorgonzola Piccante Cheese, Mozzarella Cheese, Parmigiano Reggiano Cheese, Garlic",The Four Cheese Pizza
4631,2053,pepperoni_l,1,02-03-15,20:42:43,15.25,15.25,L,Classic,"Mozzarella Cheese, Pepperoni",The Pepperoni Pizza
4632,2054,four_cheese_l,2,02-03-15,20:46:45,17.95,35.9,L,Veggie,"Ricotta Cheese, Gorgonzola Piccante Cheese, Mozzarella Cheese, Parmigiano Reggiano Cheese, Garlic",The Four Cheese Pizza
4633,2054,ital_veggie_m,1,02-03-15,20:46:45,16.75,16.75,M,Veggie,"Eggplant, Artichokes, Tomatoes, Zucchini, Red Peppers, Garlic, Pesto Sauce",The Italian Vegetables Pizza
4634,2055,ckn_pesto_l,1,02-03-15,20:59:30,20.75,20.75,L,Chicken,"Chicken, Tomatoes, Red Peppers, Spinach, Garlic, Pesto Sauce",The Chicken Pesto Pizza
4635,2055,ital_cpcllo_m,1,02-03-15,20:59:30,16,16,M,Classic,"Capocollo, Red Peppers, Tomatoes, Goat Cheese, Garlic, Oregano",The Italian Capocollo Pizza
4636,2056,pep_msh_pep_m,1,02-03-15,21:05:04,14.5,14.5,M,Classic,"Pepperoni, Mushrooms, Green Peppers","The Pepperoni, Mushroom, and Peppers Pizza"
4637,2056,soppressata_l,1,02-03-15,21:05:04,20.75,20.75,L,Supreme,"Soppressata Salami, Fontina Cheese, Mozzarella Cheese, Mushrooms, Garlic",The Soppressata Pizza
4638,2056,veggie_veg_m,1,02-03-15,21:05:04,16,16,M,Veggie,"Mushrooms, Tomatoes, Red Peppers, Green Peppers, Red Onions, Zucchini, Spinach, Garlic",The Vegetables + Vegetables Pizza
4639,2057,four_cheese_l,1,02-03-15,21:11:26,17.95,17.95,L,Veggie,"Ricotta Cheese, Gorgonzola Piccante Cheese, Mozzarella Cheese, Parmigiano Reggiano Cheese, Garlic",The Four Cheese Pizza
4640,2057,the_greek_xl,1,02-03-15,21:11:26,25.5,25.5,XL,Classic,"Kalamata Olives, Feta Cheese, Tomatoes, Garlic, Beef Chuck Roast, Red Onions",The Greek Pizza
4641,2058,pepperoni_l,1,02-04-15,11:19:17,15.25,15.25,L,Classic,"Mozzarella Cheese, Pepperoni",The Pepperoni Pizza
4642,2058,spicy_ital_m,1,02-04-15,11:19:17,16.5,16.5,M,Supreme,"Capocollo, Tomatoes, Goat Cheese, Artichokes, Peperoncini verdi, Garlic",The Spicy Italian Pizza
4643,2059,ital_supr_m,1,02-04-15,11:41:34,16.5,16.5,M,Supreme,"Calabrese Salami, Capocollo, Tomatoes, Red Onions, Green Olives, Garlic",The Italian Supreme Pizza
4644,2059,southw_ckn_s,1,02-04-15,11:41:34,12.75,12.75,S,Chicken,"Chicken, Tomatoes, Red Peppers, Red Onions, Jalapeno Peppers, Corn, Cilantro, Chipotle Sauce",The Southwest Chicken Pizza
4645,2059,spicy_ital_s,1,02-04-15,11:41:34,12.5,12.5,S,Supreme,"Capocollo, Tomatoes, Goat Cheese, Artichokes, Peperoncini verdi, Garlic",The Spicy Italian Pizza
4646,2060,ital_cpcllo_s,1,02-04-15,11:45:09,12,12,S,Classic,"Capocollo, Red Peppers, Tomatoes, Goat Cheese, Garlic, Oregano",The Italian Capocollo Pizza
4647,2060,spicy_ital_l,1,02-04-15,11:45:09,20.75,20.75,L,Supreme,"Capocollo, Tomatoes, Goat Cheese, Artichokes, Peperoncini verdi, Garlic",The Spicy Italian Pizza
4648,2061,ckn_pesto_s,1,02-04-15,11:49:00,12.75,12.75,S,Chicken,"Chicken, Tomatoes, Red Peppers, Spinach, Garlic, Pesto Sauce",The Chicken Pesto Pizza
4649,2061,spinach_supr_s,1,02-04-15,11:49:00,12.5,12.5,S,Supreme,"Spinach, Red Onions, Pepperoni, Tomatoes, Artichokes, Kalamata Olives, Garlic, Asiago Cheese",The Spinach Supreme Pizza
4650,2062,ital_cpcllo_m,1,02-04-15,11:56:32,16,16,M,Classic,"Capocollo, Red Peppers, Tomatoes, Goat Cheese, Garlic, Oregano",The Italian Capocollo Pizza
4651,2063,big_meat_s,1,02-04-15,12:25:02,12,12,S,Classic,"Bacon, Pepperoni, Italian Sausage, Chorizo Sausage",The Big Meat Pizza
4652,2064,bbq_ckn_s,1,02-04-15,12:26:39,12.75,12.75,S,Chicken,"Barbecued Chicken, Red Peppers, Green Peppers, Tomatoes, Red Onions, Barbecue Sauce",The Barbecue Chicken Pizza
4653,2064,ckn_alfredo_m,1,02-04-15,12:26:39,16.75,16.75,M,Chicken,"Chicken, Red Onions, Red Peppers, Mushrooms, Asiago Cheese, Alfredo Sauce",The Chicken Alfredo Pizza
4654,2064,mediterraneo_s,1,02-04-15,12:26:39,12,12,S,Veggie,"Spinach, Artichokes, Kalamata Olives, Sun-dried Tomatoes, Feta Cheese, Plum Tomatoes, Red Onions",The Mediterranean Pizza
4655,2064,mexicana_l,1,02-04-15,12:26:39,20.25,20.25,L,Veggie,"Tomatoes, Red Peppers, Jalapeno Peppers, Red Onions, Cilantro, Corn, Chipotle Sauce, Garlic",The Mexicana Pizza
4656,2065,ital_supr_s,1,02-04-15,12:27:21,12.5,12.5,S,Supreme,"Calabrese Salami, Capocollo, Tomatoes, Red Onions, Green Olives, Garlic",The Italian Supreme Pizza
4657,2065,sicilian_s,1,02-04-15,12:27:21,12.25,12.25,S,Supreme,"Coarse Sicilian Salami, Tomatoes, Green Olives, Luganega Sausage, Onions, Garlic",The Sicilian Pizza
4658,2065,veggie_veg_l,1,02-04-15,12:27:21,20.25,20.25,L,Veggie,"Mushrooms, Tomatoes, Red Peppers, Green Peppers, Red Onions, Zucchini, Spinach, Garlic",The Vegetables + Vegetables Pizza
4659,2066,hawaiian_l,1,02-04-15,12:44:20,16.5,16.5,L,Classic,"Sliced Ham, Pineapple, Mozzarella Cheese",The Hawaiian Pizza
4660,2066,hawaiian_s,1,02-04-15,12:44:20,10.5,10.5,S,Classic,"Sliced Ham, Pineapple, Mozzarella Cheese",The Hawaiian Pizza
4661,2067,spicy_ital_l,1,02-04-15,12:47:00,20.75,20.75,L,Supreme,"Capocollo, Tomatoes, Goat Cheese, Artichokes, Peperoncini verdi, Garlic",The Spicy Italian Pizza
4662,2068,big_meat_s,1,02-04-15,12:49:48,12,12,S,Classic,"Bacon, Pepperoni, Italian Sausage, Chorizo Sausage",The Big Meat Pizza
4663,2068,brie_carre_s,1,02-04-15,12:49:48,23.65,23.65,S,Supreme,"Brie Carre Cheese, Prosciutto, Caramelized Onions, Pears, Thyme, Garlic",The Brie Carre Pizza
4664,2069,pepperoni_m,1,02-04-15,12:58:32,12.5,12.5,M,Classic,"Mozzarella Cheese, Pepperoni",The Pepperoni Pizza
4665,2069,spinach_fet_l,1,02-04-15,12:58:32,20.25,20.25,L,Veggie,"Spinach, Mushrooms, Red Onions, Feta Cheese, Garlic",The Spinach and Feta Pizza
4666,2070,sicilian_l,1,02-04-15,13:00:47,20.25,20.25,L,Supreme,"Coarse Sicilian Salami, Tomatoes, Green Olives, Luganega Sausage, Onions, Garlic",The Sicilian Pizza
4667,2070,veggie_veg_l,1,02-04-15,13:00:47,20.25,20.25,L,Veggie,"Mushrooms, Tomatoes, Red Peppers, Green Peppers, Red Onions, Zucchini, Spinach, Garlic",The Vegetables + Vegetables Pizza
4668,2071,classic_dlx_m,1,02-04-15,13:06:29,16,16,M,Classic,"Pepperoni, Mushrooms, Red Onions, Red Peppers, Bacon",The Classic Deluxe Pizza
4669,2072,ital_supr_m,1,02-04-15,13:08:24,16.5,16.5,M,Supreme,"Calabrese Salami, Capocollo, Tomatoes, Red Onions, Green Olives, Garlic",The Italian Supreme Pizza
4670,2073,bbq_ckn_l,1,02-04-15,13:35:51,20.75,20.75,L,Chicken,"Barbecued Chicken, Red Peppers, Green Peppers, Tomatoes, Red Onions, Barbecue Sauce",The Barbecue Chicken Pizza
4671,2073,green_garden_s,1,02-04-15,13:35:51,12,12,S,Veggie,"Spinach, Mushrooms, Tomatoes, Green Olives, Feta Cheese",The Green Garden Pizza
4672,2073,hawaiian_l,1,02-04-15,13:35:51,16.5,16.5,L,Classic,"Sliced Ham, Pineapple, Mozzarella Cheese",The Hawaiian Pizza
4673,2073,hawaiian_s,1,02-04-15,13:35:51,10.5,10.5,S,Classic,"Sliced Ham, Pineapple, Mozzarella Cheese",The Hawaiian Pizza
4674,2073,ital_cpcllo_l,1,02-04-15,13:35:51,20.5,20.5,L,Classic,"Capocollo, Red Peppers, Tomatoes, Goat Cheese, Garlic, Oregano",The Italian Capocollo Pizza
4675,2073,ital_cpcllo_s,1,02-04-15,13:35:51,12,12,S,Classic,"Capocollo, Red Peppers, Tomatoes, Goat Cheese, Garlic, Oregano",The Italian Capocollo Pizza
4676,2073,ital_supr_m,2,02-04-15,13:35:51,16.5,33,M,Supreme,"Calabrese Salami, Capocollo, Tomatoes, Red Onions, Green Olives, Garlic",The Italian Supreme Pizza
4677,2073,thai_ckn_l,1,02-04-15,13:35:51,20.75,20.75,L,Chicken,"Chicken, Pineapple, Tomatoes, Red Peppers, Thai Sweet Chilli Sauce",The Thai Chicken Pizza
4678,2073,thai_ckn_s,1,02-04-15,13:35:51,12.75,12.75,S,Chicken,"Chicken, Pineapple, Tomatoes, Red Peppers, Thai Sweet Chilli Sauce",The Thai Chicken Pizza
4679,2074,five_cheese_l,1,02-04-15,13:41:08,18.5,18.5,L,Veggie,"Mozzarella Cheese, Provolone Cheese, Smoked Gouda Cheese, Romano Cheese, Blue Cheese, Garlic",The Five Cheese Pizza
4680,2074,hawaiian_m,1,02-04-15,13:41:08,13.25,13.25,M,Classic,"Sliced Ham, Pineapple, Mozzarella Cheese",The Hawaiian Pizza
4681,2075,big_meat_s,1,02-04-15,14:03:04,12,12,S,Classic,"Bacon, Pepperoni, Italian Sausage, Chorizo Sausage",The Big Meat Pizza
4682,2075,brie_carre_s,1,02-04-15,14:03:04,23.65,23.65,S,Supreme,"Brie Carre Cheese, Prosciutto, Caramelized Onions, Pears, Thyme, Garlic",The Brie Carre Pizza
4683,2075,cali_ckn_l,1,02-04-15,14:03:04,20.75,20.75,L,Chicken,"Chicken, Artichoke, Spinach, Garlic, Jalapeno Peppers, Fontina Cheese, Gouda Cheese",The California Chicken Pizza
4684,2075,five_cheese_l,1,02-04-15,14:03:04,18.5,18.5,L,Veggie,"Mozzarella Cheese, Provolone Cheese, Smoked Gouda Cheese, Romano Cheese, Blue Cheese, Garlic",The Five Cheese Pizza
4685,2075,four_cheese_l,2,02-04-15,14:03:04,17.95,35.9,L,Veggie,"Ricotta Cheese, Gorgonzola Piccante Cheese, Mozzarella Cheese, Parmigiano Reggiano Cheese, Garlic",The Four Cheese Pizza
4686,2075,ital_veggie_m,1,02-04-15,14:03:04,16.75,16.75,M,Veggie,"Eggplant, Artichokes, Tomatoes, Zucchini, Red Peppers, Garlic, Pesto Sauce",The Italian Vegetables Pizza
4687,2075,mexicana_m,1,02-04-15,14:03:04,16,16,M,Veggie,"Tomatoes, Red Peppers, Jalapeno Peppers, Red Onions, Cilantro, Corn, Chipotle Sauce, Garlic",The Mexicana Pizza
4688,2075,napolitana_m,1,02-04-15,14:03:04,16,16,M,Classic,"Tomatoes, Anchovies, Green Olives, Red Onions, Garlic",The Napolitana Pizza
4689,2075,pep_msh_pep_m,2,02-04-15,14:03:04,14.5,29,M,Classic,"Pepperoni, Mushrooms, Green Peppers","The Pepperoni, Mushroom, and Peppers Pizza"
4690,2075,peppr_salami_s,1,02-04-15,14:03:04,12.5,12.5,S,Supreme,"Genoa Salami, Capocollo, Pepperoni, Tomatoes, Asiago Cheese, Garlic",The Pepper Salami Pizza
4691,2075,spicy_ital_l,1,02-04-15,14:03:04,20.75,20.75,L,Supreme,"Capocollo, Tomatoes, Goat Cheese, Artichokes, Peperoncini verdi, Garlic",The Spicy Italian Pizza
4692,2075,veggie_veg_m,1,02-04-15,14:03:04,16,16,M,Veggie,"Mushrooms, Tomatoes, Red Peppers, Green Peppers, Red Onions, Zucchini, Spinach, Garlic",The Vegetables + Vegetables Pizza
4693,2075,veggie_veg_s,1,02-04-15,14:03:04,12,12,S,Veggie,"Mushrooms, Tomatoes, Red Peppers, Green Peppers, Red Onions, Zucchini, Spinach, Garlic",The Vegetables + Vegetables Pizza
4694,2076,bbq_ckn_l,1,02-04-15,14:11:44,20.75,20.75,L,Chicken,"Barbecued Chicken, Red Peppers, Green Peppers, Tomatoes, Red Onions, Barbecue Sauce",The Barbecue Chicken Pizza
4695,2076,ital_veggie_s,1,02-04-15,14:11:44,12.75,12.75,S,Veggie,"Eggplant, Artichokes, Tomatoes, Zucchini, Red Peppers, Garlic, Pesto Sauce",The Italian Vegetables Pizza
4696,2077,ital_supr_s,1,02-04-15,14:31:27,12.5,12.5,S,Supreme,"Calabrese Salami, Capocollo, Tomatoes, Red Onions, Green Olives, Garlic",The Italian Supreme Pizza
4697,2078,bbq_ckn_s,1,02-04-15,14:49:29,12.75,12.75,S,Chicken,"Barbecued Chicken, Red Peppers, Green Peppers, Tomatoes, Red Onions, Barbecue Sauce",The Barbecue Chicken Pizza
4698,2078,spinach_fet_s,1,02-04-15,14:49:29,12,12,S,Veggie,"Spinach, Mushrooms, Red Onions, Feta Cheese, Garlic",The Spinach and Feta Pizza
4699,2079,spicy_ital_l,1,02-04-15,14:57:11,20.75,20.75,L,Supreme,"Capocollo, Tomatoes, Goat Cheese, Artichokes, Peperoncini verdi, Garlic",The Spicy Italian Pizza
4700,2080,cali_ckn_s,1,02-04-15,14:58:48,12.75,12.75,S,Chicken,"Chicken, Artichoke, Spinach, Garlic, Jalapeno Peppers, Fontina Cheese, Gouda Cheese",The California Chicken Pizza
4701,2080,mediterraneo_l,1,02-04-15,14:58:48,20.25,20.25,L,Veggie,"Spinach, Artichokes, Kalamata Olives, Sun-dried Tomatoes, Feta Cheese, Plum Tomatoes, Red Onions",The Mediterranean Pizza
4702,2081,mexicana_m,1,02-04-15,15:14:39,16,16,M,Veggie,"Tomatoes, Red Peppers, Jalapeno Peppers, Red Onions, Cilantro, Corn, Chipotle Sauce, Garlic",The Mexicana Pizza
4703,2081,pep_msh_pep_m,1,02-04-15,15:14:39,14.5,14.5,M,Classic,"Pepperoni, Mushrooms, Green Peppers","The Pepperoni, Mushroom, and Peppers Pizza"
4704,2081,pep_msh_pep_s,1,02-04-15,15:14:39,11,11,S,Classic,"Pepperoni, Mushrooms, Green Peppers","The Pepperoni, Mushroom, and Peppers Pizza"
4705,2081,pepperoni_m,1,02-04-15,15:14:39,12.5,12.5,M,Classic,"Mozzarella Cheese, Pepperoni",The Pepperoni Pizza
4706,2082,pep_msh_pep_s,1,02-04-15,15:16:20,11,11,S,Classic,"Pepperoni, Mushrooms, Green Peppers","The Pepperoni, Mushroom, and Peppers Pizza"
4707,2083,ckn_pesto_s,1,02-04-15,15:40:20,12.75,12.75,S,Chicken,"Chicken, Tomatoes, Red Peppers, Spinach, Garlic, Pesto Sauce",The Chicken Pesto Pizza
4708,2084,four_cheese_l,1,02-04-15,16:06:23,17.95,17.95,L,Veggie,"Ricotta Cheese, Gorgonzola Piccante Cheese, Mozzarella Cheese, Parmigiano Reggiano Cheese, Garlic",The Four Cheese Pizza
4709,2084,ital_supr_l,1,02-04-15,16:06:23,20.75,20.75,L,Supreme,"Calabrese Salami, Capocollo, Tomatoes, Red Onions, Green Olives, Garlic",The Italian Supreme Pizza
4710,2085,ital_veggie_s,1,02-04-15,16:16:36,12.75,12.75,S,Veggie,"Eggplant, Artichokes, Tomatoes, Zucchini, Red Peppers, Garlic, Pesto Sauce",The Italian Vegetables Pizza
4711,2086,hawaiian_m,1,02-04-15,16:38:50,13.25,13.25,M,Classic,"Sliced Ham, Pineapple, Mozzarella Cheese",The Hawaiian Pizza
4712,2086,napolitana_s,1,02-04-15,16:38:50,12,12,S,Classic,"Tomatoes, Anchovies, Green Olives, Red Onions, Garlic",The Napolitana Pizza
4713,2087,bbq_ckn_l,1,02-04-15,16:39:18,20.75,20.75,L,Chicken,"Barbecued Chicken, Red Peppers, Green Peppers, Tomatoes, Red Onions, Barbecue Sauce",The Barbecue Chicken Pizza
4714,2087,four_cheese_l,1,02-04-15,16:39:18,17.95,17.95,L,Veggie,"Ricotta Cheese, Gorgonzola Piccante Cheese, Mozzarella Cheese, Parmigiano Reggiano Cheese, Garlic",The Four Cheese Pizza
4715,2088,spinach_supr_s,1,02-04-15,16:48:57,12.5,12.5,S,Supreme,"Spinach, Red Onions, Pepperoni, Tomatoes, Artichokes, Kalamata Olives, Garlic, Asiago Cheese",The Spinach Supreme Pizza
4716,2089,spicy_ital_l,1,02-04-15,17:05:16,20.75,20.75,L,Supreme,"Capocollo, Tomatoes, Goat Cheese, Artichokes, Peperoncini verdi, Garlic",The Spicy Italian Pizza
4717,2090,bbq_ckn_l,1,02-04-15,17:17:07,20.75,20.75,L,Chicken,"Barbecued Chicken, Red Peppers, Green Peppers, Tomatoes, Red Onions, Barbecue Sauce",The Barbecue Chicken Pizza
4718,2090,ital_cpcllo_l,1,02-04-15,17:17:07,20.5,20.5,L,Classic,"Capocollo, Red Peppers, Tomatoes, Goat Cheese, Garlic, Oregano",The Italian Capocollo Pizza
4719,2090,southw_ckn_m,1,02-04-15,17:17:07,16.75,16.75,M,Chicken,"Chicken, Tomatoes, Red Peppers, Red Onions, Jalapeno Peppers, Corn, Cilantro, Chipotle Sauce",The Southwest Chicken Pizza
4720,2090,spinach_fet_s,1,02-04-15,17:17:07,12,12,S,Veggie,"Spinach, Mushrooms, Red Onions, Feta Cheese, Garlic",The Spinach and Feta Pizza
4721,2091,five_cheese_l,1,02-04-15,17:17:43,18.5,18.5,L,Veggie,"Mozzarella Cheese, Provolone Cheese, Smoked Gouda Cheese, Romano Cheese, Blue Cheese, Garlic",The Five Cheese Pizza
4722,2091,soppressata_l,1,02-04-15,17:17:43,20.75,20.75,L,Supreme,"Soppressata Salami, Fontina Cheese, Mozzarella Cheese, Mushrooms, Garlic",The Soppressata Pizza
4723,2092,hawaiian_m,1,02-04-15,17:31:43,13.25,13.25,M,Classic,"Sliced Ham, Pineapple, Mozzarella Cheese",The Hawaiian Pizza
4724,2092,mexicana_l,1,02-04-15,17:31:43,20.25,20.25,L,Veggie,"Tomatoes, Red Peppers, Jalapeno Peppers, Red Onions, Cilantro, Corn, Chipotle Sauce, Garlic",The Mexicana Pizza
4725,2093,pepperoni_m,1,02-04-15,17:33:29,12.5,12.5,M,Classic,"Mozzarella Cheese, Pepperoni",The Pepperoni Pizza
4726,2093,spinach_supr_m,1,02-04-15,17:33:29,16.5,16.5,M,Supreme,"Spinach, Red Onions, Pepperoni, Tomatoes, Artichokes, Kalamata Olives, Garlic, Asiago Cheese",The Spinach Supreme Pizza
4727,2094,hawaiian_s,1,02-04-15,17:35:45,10.5,10.5,S,Classic,"Sliced Ham, Pineapple, Mozzarella Cheese",The Hawaiian Pizza
4728,2094,ital_veggie_s,1,02-04-15,17:35:45,12.75,12.75,S,Veggie,"Eggplant, Artichokes, Tomatoes, Zucchini, Red Peppers, Garlic, Pesto Sauce",The Italian Vegetables Pizza
4729,2095,bbq_ckn_m,1,02-04-15,17:49:55,16.75,16.75,M,Chicken,"Barbecued Chicken, Red Peppers, Green Peppers, Tomatoes, Red Onions, Barbecue Sauce",The Barbecue Chicken Pizza
4730,2095,cali_ckn_m,1,02-04-15,17:49:55,16.75,16.75,M,Chicken,"Chicken, Artichoke, Spinach, Garlic, Jalapeno Peppers, Fontina Cheese, Gouda Cheese",The California Chicken Pizza
4731,2095,ital_cpcllo_s,1,02-04-15,17:49:55,12,12,S,Classic,"Capocollo, Red Peppers, Tomatoes, Goat Cheese, Garlic, Oregano",The Italian Capocollo Pizza
4732,2095,southw_ckn_m,1,02-04-15,17:49:55,16.75,16.75,M,Chicken,"Chicken, Tomatoes, Red Peppers, Red Onions, Jalapeno Peppers, Corn, Cilantro, Chipotle Sauce",The Southwest Chicken Pizza
4733,2096,pep_msh_pep_s,1,02-04-15,18:11:16,11,11,S,Classic,"Pepperoni, Mushrooms, Green Peppers","The Pepperoni, Mushroom, and Peppers Pizza"
4734,2097,four_cheese_l,1,02-04-15,18:13:32,17.95,17.95,L,Veggie,"Ricotta Cheese, Gorgonzola Piccante Cheese, Mozzarella Cheese, Parmigiano Reggiano Cheese, Garlic",The Four Cheese Pizza
4735,2097,southw_ckn_l,1,02-04-15,18:13:32,20.75,20.75,L,Chicken,"Chicken, Tomatoes, Red Peppers, Red Onions, Jalapeno Peppers, Corn, Cilantro, Chipotle Sauce",The Southwest Chicken Pizza
4736,2097,the_greek_xl,1,02-04-15,18:13:32,25.5,25.5,XL,Classic,"Kalamata Olives, Feta Cheese, Tomatoes, Garlic, Beef Chuck Roast, Red Onions",The Greek Pizza
4737,2098,classic_dlx_l,1,02-04-15,18:16:27,20.5,20.5,L,Classic,"Pepperoni, Mushrooms, Red Onions, Red Peppers, Bacon",The Classic Deluxe Pizza
4738,2098,five_cheese_l,1,02-04-15,18:16:27,18.5,18.5,L,Veggie,"Mozzarella Cheese, Provolone Cheese, Smoked Gouda Cheese, Romano Cheese, Blue Cheese, Garlic",The Five Cheese Pizza
4739,2099,pepperoni_m,1,02-04-15,18:44:17,12.5,12.5,M,Classic,"Mozzarella Cheese, Pepperoni",The Pepperoni Pizza
4740,2100,classic_dlx_m,1,02-04-15,18:46:03,16,16,M,Classic,"Pepperoni, Mushrooms, Red Onions, Red Peppers, Bacon",The Classic Deluxe Pizza
4741,2100,ital_supr_l,1,02-04-15,18:46:03,20.75,20.75,L,Supreme,"Calabrese Salami, Capocollo, Tomatoes, Red Onions, Green Olives, Garlic",The Italian Supreme Pizza
4742,2101,brie_carre_s,1,02-04-15,19:27:08,23.65,23.65,S,Supreme,"Brie Carre Cheese, Prosciutto, Caramelized Onions, Pears, Thyme, Garlic",The Brie Carre Pizza
4743,2101,classic_dlx_l,1,02-04-15,19:27:08,20.5,20.5,L,Classic,"Pepperoni, Mushrooms, Red Onions, Red Peppers, Bacon",The Classic Deluxe Pizza
4744,2101,ital_supr_m,1,02-04-15,19:27:08,16.5,16.5,M,Supreme,"Calabrese Salami, Capocollo, Tomatoes, Red Onions, Green Olives, Garlic",The Italian Supreme Pizza
4745,2102,big_meat_s,1,02-04-15,19:30:52,12,12,S,Classic,"Bacon, Pepperoni, Italian Sausage, Chorizo Sausage",The Big Meat Pizza
4746,2102,ital_veggie_m,1,02-04-15,19:30:52,16.75,16.75,M,Veggie,"Eggplant, Artichokes, Tomatoes, Zucchini, Red Peppers, Garlic, Pesto Sauce",The Italian Vegetables Pizza
4747,2102,mexicana_l,1,02-04-15,19:30:52,20.25,20.25,L,Veggie,"Tomatoes, Red Peppers, Jalapeno Peppers, Red Onions, Cilantro, Corn, Chipotle Sauce, Garlic",The Mexicana Pizza
4748,2103,bbq_ckn_l,1,02-04-15,19:38:28,20.75,20.75,L,Chicken,"Barbecued Chicken, Red Peppers, Green Peppers, Tomatoes, Red Onions, Barbecue Sauce",The Barbecue Chicken Pizza
4749,2103,calabrese_m,1,02-04-15,19:38:28,16.25,16.25,M,Supreme,"æ…›duja Salami, Pancetta, Tomatoes, Red Onions, Friggitello Peppers, Garlic",The Calabrese Pizza
4750,2103,cali_ckn_l,1,02-04-15,19:38:28,20.75,20.75,L,Chicken,"Chicken, Artichoke, Spinach, Garlic, Jalapeno Peppers, Fontina Cheese, Gouda Cheese",The California Chicken Pizza
4751,2103,southw_ckn_l,1,02-04-15,19:38:28,20.75,20.75,L,Chicken,"Chicken, Tomatoes, Red Peppers, Red Onions, Jalapeno Peppers, Corn, Cilantro, Chipotle Sauce",The Southwest Chicken Pizza
4752,2104,five_cheese_l,1,02-04-15,20:09:43,18.5,18.5,L,Veggie,"Mozzarella Cheese, Provolone Cheese, Smoked Gouda Cheese, Romano Cheese, Blue Cheese, Garlic",The Five Cheese Pizza
4753,2104,mexicana_l,1,02-04-15,20:09:43,20.25,20.25,L,Veggie,"Tomatoes, Red Peppers, Jalapeno Peppers, Red Onions, Cilantro, Corn, Chipotle Sauce, Garlic",The Mexicana Pizza
4754,2104,southw_ckn_m,1,02-04-15,20:09:43,16.75,16.75,M,Chicken,"Chicken, Tomatoes, Red Peppers, Red Onions, Jalapeno Peppers, Corn, Cilantro, Chipotle Sauce",The Southwest Chicken Pizza
4755,2105,four_cheese_l,1,02-04-15,20:22:27,17.95,17.95,L,Veggie,"Ricotta Cheese, Gorgonzola Piccante Cheese, Mozzarella Cheese, Parmigiano Reggiano Cheese, Garlic",The Four Cheese Pizza
4756,2106,spinach_fet_l,1,02-04-15,20:54:54,20.25,20.25,L,Veggie,"Spinach, Mushrooms, Red Onions, Feta Cheese, Garlic",The Spinach and Feta Pizza
4757,2106,the_greek_s,1,02-04-15,20:54:54,12,12,S,Classic,"Kalamata Olives, Feta Cheese, Tomatoes, Garlic, Beef Chuck Roast, Red Onions",The Greek Pizza
4758,2107,mediterraneo_l,1,02-04-15,21:01:41,20.25,20.25,L,Veggie,"Spinach, Artichokes, Kalamata Olives, Sun-dried Tomatoes, Feta Cheese, Plum Tomatoes, Red Onions",The Mediterranean Pizza
4759,2107,peppr_salami_s,1,02-04-15,21:01:41,12.5,12.5,S,Supreme,"Genoa Salami, Capocollo, Pepperoni, Tomatoes, Asiago Cheese, Garlic",The Pepper Salami Pizza
4760,2108,cali_ckn_s,1,02-04-15,21:05:07,12.75,12.75,S,Chicken,"Chicken, Artichoke, Spinach, Garlic, Jalapeno Peppers, Fontina Cheese, Gouda Cheese",The California Chicken Pizza
4761,2108,five_cheese_l,1,02-04-15,21:05:07,18.5,18.5,L,Veggie,"Mozzarella Cheese, Provolone Cheese, Smoked Gouda Cheese, Romano Cheese, Blue Cheese, Garlic",The Five Cheese Pizza
4762,2108,spinach_fet_s,1,02-04-15,21:05:07,12,12,S,Veggie,"Spinach, Mushrooms, Red Onions, Feta Cheese, Garlic",The Spinach and Feta Pizza
4763,2108,spinach_supr_m,1,02-04-15,21:05:07,16.5,16.5,M,Supreme,"Spinach, Red Onions, Pepperoni, Tomatoes, Artichokes, Kalamata Olives, Garlic, Asiago Cheese",The Spinach Supreme Pizza
4764,2109,cali_ckn_l,1,02-04-15,21:13:14,20.75,20.75,L,Chicken,"Chicken, Artichoke, Spinach, Garlic, Jalapeno Peppers, Fontina Cheese, Gouda Cheese",The California Chicken Pizza
4765,2109,pepperoni_s,1,02-04-15,21:13:14,9.75,9.75,S,Classic,"Mozzarella Cheese, Pepperoni",The Pepperoni Pizza
4766,2110,napolitana_l,1,02-04-15,21:16:34,20.5,20.5,L,Classic,"Tomatoes, Anchovies, Green Olives, Red Onions, Garlic",The Napolitana Pizza
4767,2110,prsc_argla_s,1,02-04-15,21:16:34,12.5,12.5,S,Supreme,"Prosciutto di San Daniele, Arugula, Mozzarella Cheese",The Prosciutto and Arugula Pizza
4768,2111,bbq_ckn_m,1,02-04-15,21:28:44,16.75,16.75,M,Chicken,"Barbecued Chicken, Red Peppers, Green Peppers, Tomatoes, Red Onions, Barbecue Sauce",The Barbecue Chicken Pizza
4769,2111,ckn_alfredo_m,1,02-04-15,21:28:44,16.75,16.75,M,Chicken,"Chicken, Red Onions, Red Peppers, Mushrooms, Asiago Cheese, Alfredo Sauce",The Chicken Alfredo Pizza
4770,2111,ital_cpcllo_s,1,02-04-15,21:28:44,12,12,S,Classic,"Capocollo, Red Peppers, Tomatoes, Goat Cheese, Garlic, Oregano",The Italian Capocollo Pizza
4771,2111,pepperoni_s,1,02-04-15,21:28:44,9.75,9.75,S,Classic,"Mozzarella Cheese, Pepperoni",The Pepperoni Pizza
4772,2112,bbq_ckn_s,1,02-04-15,22:07:51,12.75,12.75,S,Chicken,"Barbecued Chicken, Red Peppers, Green Peppers, Tomatoes, Red Onions, Barbecue Sauce",The Barbecue Chicken Pizza
4773,2113,ckn_alfredo_m,1,02-04-15,22:16:08,16.75,16.75,M,Chicken,"Chicken, Red Onions, Red Peppers, Mushrooms, Asiago Cheese, Alfredo Sauce",The Chicken Alfredo Pizza
4774,2113,mexicana_m,1,02-04-15,22:16:08,16,16,M,Veggie,"Tomatoes, Red Peppers, Jalapeno Peppers, Red Onions, Cilantro, Corn, Chipotle Sauce, Garlic",The Mexicana Pizza
4775,2114,classic_dlx_m,1,02-04-15,22:26:28,16,16,M,Classic,"Pepperoni, Mushrooms, Red Onions, Red Peppers, Bacon",The Classic Deluxe Pizza
4776,2115,big_meat_s,1,02-05-15,11:15:19,12,12,S,Classic,"Bacon, Pepperoni, Italian Sausage, Chorizo Sausage",The Big Meat Pizza
4777,2115,hawaiian_s,1,02-05-15,11:15:19,10.5,10.5,S,Classic,"Sliced Ham, Pineapple, Mozzarella Cheese",The Hawaiian Pizza
4778,2115,pepperoni_l,1,02-05-15,11:15:19,15.25,15.25,L,Classic,"Mozzarella Cheese, Pepperoni",The Pepperoni Pizza
4779,2115,southw_ckn_l,1,02-05-15,11:15:19,20.75,20.75,L,Chicken,"Chicken, Tomatoes, Red Peppers, Red Onions, Jalapeno Peppers, Corn, Cilantro, Chipotle Sauce",The Southwest Chicken Pizza
4780,2116,mexicana_m,1,02-05-15,12:11:52,16,16,M,Veggie,"Tomatoes, Red Peppers, Jalapeno Peppers, Red Onions, Cilantro, Corn, Chipotle Sauce, Garlic",The Mexicana Pizza
4781,2117,sicilian_m,1,02-05-15,12:20:33,16.25,16.25,M,Supreme,"Coarse Sicilian Salami, Tomatoes, Green Olives, Luganega Sausage, Onions, Garlic",The Sicilian Pizza
4782,2118,cali_ckn_m,1,02-05-15,12:24:57,16.75,16.75,M,Chicken,"Chicken, Artichoke, Spinach, Garlic, Jalapeno Peppers, Fontina Cheese, Gouda Cheese",The California Chicken Pizza
4783,2118,southw_ckn_l,1,02-05-15,12:24:57,20.75,20.75,L,Chicken,"Chicken, Tomatoes, Red Peppers, Red Onions, Jalapeno Peppers, Corn, Cilantro, Chipotle Sauce",The Southwest Chicken Pizza
4784,2118,southw_ckn_m,1,02-05-15,12:24:57,16.75,16.75,M,Chicken,"Chicken, Tomatoes, Red Peppers, Red Onions, Jalapeno Peppers, Corn, Cilantro, Chipotle Sauce",The Southwest Chicken Pizza
4785,2119,napolitana_l,1,02-05-15,12:30:46,20.5,20.5,L,Classic,"Tomatoes, Anchovies, Green Olives, Red Onions, Garlic",The Napolitana Pizza
4786,2120,the_greek_m,1,02-05-15,12:47:12,16,16,M,Classic,"Kalamata Olives, Feta Cheese, Tomatoes, Garlic, Beef Chuck Roast, Red Onions",The Greek Pizza
4787,2121,the_greek_l,1,02-05-15,12:50:51,20.5,20.5,L,Classic,"Kalamata Olives, Feta Cheese, Tomatoes, Garlic, Beef Chuck Roast, Red Onions",The Greek Pizza
4788,2122,ital_cpcllo_l,1,02-05-15,12:52:55,20.5,20.5,L,Classic,"Capocollo, Red Peppers, Tomatoes, Goat Cheese, Garlic, Oregano",The Italian Capocollo Pizza
4789,2122,ital_cpcllo_m,1,02-05-15,12:52:55,16,16,M,Classic,"Capocollo, Red Peppers, Tomatoes, Goat Cheese, Garlic, Oregano",The Italian Capocollo Pizza
4790,2123,spicy_ital_l,1,02-05-15,12:54:56,20.75,20.75,L,Supreme,"Capocollo, Tomatoes, Goat Cheese, Artichokes, Peperoncini verdi, Garlic",The Spicy Italian Pizza
4791,2124,ital_supr_m,1,02-05-15,12:56:27,16.5,16.5,M,Supreme,"Calabrese Salami, Capocollo, Tomatoes, Red Onions, Green Olives, Garlic",The Italian Supreme Pizza
4792,2124,mexicana_m,1,02-05-15,12:56:27,16,16,M,Veggie,"Tomatoes, Red Peppers, Jalapeno Peppers, Red Onions, Cilantro, Corn, Chipotle Sauce, Garlic",The Mexicana Pizza
4793,2124,sicilian_l,1,02-05-15,12:56:27,20.25,20.25,L,Supreme,"Coarse Sicilian Salami, Tomatoes, Green Olives, Luganega Sausage, Onions, Garlic",The Sicilian Pizza
4794,2124,sicilian_s,1,02-05-15,12:56:27,12.25,12.25,S,Supreme,"Coarse Sicilian Salami, Tomatoes, Green Olives, Luganega Sausage, Onions, Garlic",The Sicilian Pizza
4795,2124,soppressata_s,1,02-05-15,12:56:27,12.5,12.5,S,Supreme,"Soppressata Salami, Fontina Cheese, Mozzarella Cheese, Mushrooms, Garlic",The Soppressata Pizza
4796,2125,hawaiian_l,1,02-05-15,13:06:10,16.5,16.5,L,Classic,"Sliced Ham, Pineapple, Mozzarella Cheese",The Hawaiian Pizza
4797,2126,bbq_ckn_l,1,02-05-15,13:31:29,20.75,20.75,L,Chicken,"Barbecued Chicken, Red Peppers, Green Peppers, Tomatoes, Red Onions, Barbecue Sauce",The Barbecue Chicken Pizza
4798,2126,bbq_ckn_m,1,02-05-15,13:31:29,16.75,16.75,M,Chicken,"Barbecued Chicken, Red Peppers, Green Peppers, Tomatoes, Red Onions, Barbecue Sauce",The Barbecue Chicken Pizza
4799,2126,ckn_pesto_l,1,02-05-15,13:31:29,20.75,20.75,L,Chicken,"Chicken, Tomatoes, Red Peppers, Spinach, Garlic, Pesto Sauce",The Chicken Pesto Pizza
4800,2126,four_cheese_m,2,02-05-15,13:31:29,14.75,29.5,M,Veggie,"Ricotta Cheese, Gorgonzola Piccante Cheese, Mozzarella Cheese, Parmigiano Reggiano Cheese, Garlic",The Four Cheese Pizza
4801,2126,green_garden_s,1,02-05-15,13:31:29,12,12,S,Veggie,"Spinach, Mushrooms, Tomatoes, Green Olives, Feta Cheese",The Green Garden Pizza
4802,2126,hawaiian_l,1,02-05-15,13:31:29,16.5,16.5,L,Classic,"Sliced Ham, Pineapple, Mozzarella Cheese",The Hawaiian Pizza
4803,2126,mediterraneo_s,1,02-05-15,13:31:29,12,12,S,Veggie,"Spinach, Artichokes, Kalamata Olives, Sun-dried Tomatoes, Feta Cheese, Plum Tomatoes, Red Onions",The Mediterranean Pizza
4804,2126,napolitana_l,1,02-05-15,13:31:29,20.5,20.5,L,Classic,"Tomatoes, Anchovies, Green Olives, Red Onions, Garlic",The Napolitana Pizza
4805,2126,pepperoni_l,1,02-05-15,13:31:29,15.25,15.25,L,Classic,"Mozzarella Cheese, Pepperoni",The Pepperoni Pizza
4806,2126,peppr_salami_l,1,02-05-15,13:31:29,20.75,20.75,L,Supreme,"Genoa Salami, Capocollo, Pepperoni, Tomatoes, Asiago Cheese, Garlic",The Pepper Salami Pizza
4807,2126,prsc_argla_l,1,02-05-15,13:31:29,20.75,20.75,L,Supreme,"Prosciutto di San Daniele, Arugula, Mozzarella Cheese",The Prosciutto and Arugula Pizza
4808,2126,sicilian_s,1,02-05-15,13:31:29,12.25,12.25,S,Supreme,"Coarse Sicilian Salami, Tomatoes, Green Olives, Luganega Sausage, Onions, Garlic",The Sicilian Pizza
4809,2126,veggie_veg_l,1,02-05-15,13:31:29,20.25,20.25,L,Veggie,"Mushrooms, Tomatoes, Red Peppers, Green Peppers, Red Onions, Zucchini, Spinach, Garlic",The Vegetables + Vegetables Pizza
4810,2127,classic_dlx_s,1,02-05-15,13:42:16,12,12,S,Classic,"Pepperoni, Mushrooms, Red Onions, Red Peppers, Bacon",The Classic Deluxe Pizza
4811,2128,classic_dlx_l,1,02-05-15,13:42:50,20.5,20.5,L,Classic,"Pepperoni, Mushrooms, Red Onions, Red Peppers, Bacon",The Classic Deluxe Pizza
4812,2128,sicilian_s,1,02-05-15,13:42:50,12.25,12.25,S,Supreme,"Coarse Sicilian Salami, Tomatoes, Green Olives, Luganega Sausage, Onions, Garlic",The Sicilian Pizza
4813,2129,four_cheese_m,1,02-05-15,13:48:38,14.75,14.75,M,Veggie,"Ricotta Cheese, Gorgonzola Piccante Cheese, Mozzarella Cheese, Parmigiano Reggiano Cheese, Garlic",The Four Cheese Pizza
4814,2129,hawaiian_s,1,02-05-15,13:48:38,10.5,10.5,S,Classic,"Sliced Ham, Pineapple, Mozzarella Cheese",The Hawaiian Pizza
4815,2129,ital_supr_l,1,02-05-15,13:48:38,20.75,20.75,L,Supreme,"Calabrese Salami, Capocollo, Tomatoes, Red Onions, Green Olives, Garlic",The Italian Supreme Pizza
4816,2129,spinach_fet_l,1,02-05-15,13:48:38,20.25,20.25,L,Veggie,"Spinach, Mushrooms, Red Onions, Feta Cheese, Garlic",The Spinach and Feta Pizza
4817,2130,spicy_ital_m,1,02-05-15,14:17:14,16.5,16.5,M,Supreme,"Capocollo, Tomatoes, Goat Cheese, Artichokes, Peperoncini verdi, Garlic",The Spicy Italian Pizza
4818,2131,calabrese_m,1,02-05-15,14:17:24,16.25,16.25,M,Supreme,"æ…›duja Salami, Pancetta, Tomatoes, Red Onions, Friggitello Peppers, Garlic",The Calabrese Pizza
4819,2132,brie_carre_s,1,02-05-15,14:18:04,23.65,23.65,S,Supreme,"Brie Carre Cheese, Prosciutto, Caramelized Onions, Pears, Thyme, Garlic",The Brie Carre Pizza
4820,2132,hawaiian_m,1,02-05-15,14:18:04,13.25,13.25,M,Classic,"Sliced Ham, Pineapple, Mozzarella Cheese",The Hawaiian Pizza
4821,2132,napolitana_s,1,02-05-15,14:18:04,12,12,S,Classic,"Tomatoes, Anchovies, Green Olives, Red Onions, Garlic",The Napolitana Pizza
4822,2132,the_greek_s,1,02-05-15,14:18:04,12,12,S,Classic,"Kalamata Olives, Feta Cheese, Tomatoes, Garlic, Beef Chuck Roast, Red Onions",The Greek Pizza
4823,2133,spinach_fet_l,1,02-05-15,14:18:52,20.25,20.25,L,Veggie,"Spinach, Mushrooms, Red Onions, Feta Cheese, Garlic",The Spinach and Feta Pizza
4824,2134,ital_cpcllo_l,1,02-05-15,14:36:32,20.5,20.5,L,Classic,"Capocollo, Red Peppers, Tomatoes, Goat Cheese, Garlic, Oregano",The Italian Capocollo Pizza
4825,2134,pepperoni_s,1,02-05-15,14:36:32,9.75,9.75,S,Classic,"Mozzarella Cheese, Pepperoni",The Pepperoni Pizza
4826,2134,spinach_fet_s,1,02-05-15,14:36:32,12,12,S,Veggie,"Spinach, Mushrooms, Red Onions, Feta Cheese, Garlic",The Spinach and Feta Pizza
4827,2135,big_meat_s,1,02-05-15,14:38:28,12,12,S,Classic,"Bacon, Pepperoni, Italian Sausage, Chorizo Sausage",The Big Meat Pizza
4828,2135,four_cheese_l,1,02-05-15,14:38:28,17.95,17.95,L,Veggie,"Ricotta Cheese, Gorgonzola Piccante Cheese, Mozzarella Cheese, Parmigiano Reggiano Cheese, Garlic",The Four Cheese Pizza
4829,2135,green_garden_s,1,02-05-15,14:38:28,12,12,S,Veggie,"Spinach, Mushrooms, Tomatoes, Green Olives, Feta Cheese",The Green Garden Pizza
4830,2136,cali_ckn_m,1,02-05-15,14:54:49,16.75,16.75,M,Chicken,"Chicken, Artichoke, Spinach, Garlic, Jalapeno Peppers, Fontina Cheese, Gouda Cheese",The California Chicken Pizza
4831,2136,classic_dlx_s,1,02-05-15,14:54:49,12,12,S,Classic,"Pepperoni, Mushrooms, Red Onions, Red Peppers, Bacon",The Classic Deluxe Pizza
4832,2136,napolitana_l,1,02-05-15,14:54:49,20.5,20.5,L,Classic,"Tomatoes, Anchovies, Green Olives, Red Onions, Garlic",The Napolitana Pizza
4833,2137,calabrese_m,1,02-05-15,15:00:15,16.25,16.25,M,Supreme,"æ…›duja Salami, Pancetta, Tomatoes, Red Onions, Friggitello Peppers, Garlic",The Calabrese Pizza
4834,2137,cali_ckn_s,1,02-05-15,15:00:15,12.75,12.75,S,Chicken,"Chicken, Artichoke, Spinach, Garlic, Jalapeno Peppers, Fontina Cheese, Gouda Cheese",The California Chicken Pizza
4835,2137,hawaiian_s,1,02-05-15,15:00:15,10.5,10.5,S,Classic,"Sliced Ham, Pineapple, Mozzarella Cheese",The Hawaiian Pizza
4836,2138,hawaiian_m,1,02-05-15,15:08:13,13.25,13.25,M,Classic,"Sliced Ham, Pineapple, Mozzarella Cheese",The Hawaiian Pizza
4837,2138,veggie_veg_l,1,02-05-15,15:08:13,20.25,20.25,L,Veggie,"Mushrooms, Tomatoes, Red Peppers, Green Peppers, Red Onions, Zucchini, Spinach, Garlic",The Vegetables + Vegetables Pizza
4838,2139,four_cheese_l,1,02-05-15,15:41:58,17.95,17.95,L,Veggie,"Ricotta Cheese, Gorgonzola Piccante Cheese, Mozzarella Cheese, Parmigiano Reggiano Cheese, Garlic",The Four Cheese Pizza
4839,2140,spin_pesto_s,1,02-05-15,16:55:35,12.5,12.5,S,Veggie,"Spinach, Artichokes, Tomatoes, Sun-dried Tomatoes, Garlic, Pesto Sauce",The Spinach Pesto Pizza
4840,2141,pep_msh_pep_m,1,02-05-15,17:00:13,14.5,14.5,M,Classic,"Pepperoni, Mushrooms, Green Peppers","The Pepperoni, Mushroom, and Peppers Pizza"
4841,2142,bbq_ckn_l,1,02-05-15,17:36:09,20.75,20.75,L,Chicken,"Barbecued Chicken, Red Peppers, Green Peppers, Tomatoes, Red Onions, Barbecue Sauce",The Barbecue Chicken Pizza
4842,2142,spinach_supr_l,1,02-05-15,17:36:09,20.75,20.75,L,Supreme,"Spinach, Red Onions, Pepperoni, Tomatoes, Artichokes, Kalamata Olives, Garlic, Asiago Cheese",The Spinach Supreme Pizza
4843,2143,classic_dlx_l,1,02-05-15,17:44:52,20.5,20.5,L,Classic,"Pepperoni, Mushrooms, Red Onions, Red Peppers, Bacon",The Classic Deluxe Pizza
4844,2143,classic_dlx_m,1,02-05-15,17:44:52,16,16,M,Classic,"Pepperoni, Mushrooms, Red Onions, Red Peppers, Bacon",The Classic Deluxe Pizza
4845,2143,classic_dlx_s,1,02-05-15,17:44:52,12,12,S,Classic,"Pepperoni, Mushrooms, Red Onions, Red Peppers, Bacon",The Classic Deluxe Pizza
4846,2143,pepperoni_l,1,02-05-15,17:44:52,15.25,15.25,L,Classic,"Mozzarella Cheese, Pepperoni",The Pepperoni Pizza
4847,2144,cali_ckn_m,1,02-05-15,17:48:08,16.75,16.75,M,Chicken,"Chicken, Artichoke, Spinach, Garlic, Jalapeno Peppers, Fontina Cheese, Gouda Cheese",The California Chicken Pizza
4848,2144,southw_ckn_s,1,02-05-15,17:48:08,12.75,12.75,S,Chicken,"Chicken, Tomatoes, Red Peppers, Red Onions, Jalapeno Peppers, Corn, Cilantro, Chipotle Sauce",The Southwest Chicken Pizza
4849,2145,napolitana_l,1,02-05-15,17:57:12,20.5,20.5,L,Classic,"Tomatoes, Anchovies, Green Olives, Red Onions, Garlic",The Napolitana Pizza
4850,2145,spinach_fet_m,1,02-05-15,17:57:12,16,16,M,Veggie,"Spinach, Mushrooms, Red Onions, Feta Cheese, Garlic",The Spinach and Feta Pizza
4851,2146,green_garden_m,1,02-05-15,18:04:19,16,16,M,Veggie,"Spinach, Mushrooms, Tomatoes, Green Olives, Feta Cheese",The Green Garden Pizza
4852,2146,ital_supr_m,1,02-05-15,18:04:19,16.5,16.5,M,Supreme,"Calabrese Salami, Capocollo, Tomatoes, Red Onions, Green Olives, Garlic",The Italian Supreme Pizza
4853,2147,five_cheese_l,1,02-05-15,18:11:25,18.5,18.5,L,Veggie,"Mozzarella Cheese, Provolone Cheese, Smoked Gouda Cheese, Romano Cheese, Blue Cheese, Garlic",The Five Cheese Pizza
4854,2147,pepperoni_l,1,02-05-15,18:11:25,15.25,15.25,L,Classic,"Mozzarella Cheese, Pepperoni",The Pepperoni Pizza
4855,2147,pepperoni_m,1,02-05-15,18:11:25,12.5,12.5,M,Classic,"Mozzarella Cheese, Pepperoni",The Pepperoni Pizza
4856,2147,spinach_supr_l,1,02-05-15,18:11:25,20.75,20.75,L,Supreme,"Spinach, Red Onions, Pepperoni, Tomatoes, Artichokes, Kalamata Olives, Garlic, Asiago Cheese",The Spinach Supreme Pizza
4857,2148,ital_supr_l,1,02-05-15,18:15:37,20.75,20.75,L,Supreme,"Calabrese Salami, Capocollo, Tomatoes, Red Onions, Green Olives, Garlic",The Italian Supreme Pizza
4858,2148,prsc_argla_m,1,02-05-15,18:15:37,16.5,16.5,M,Supreme,"Prosciutto di San Daniele, Arugula, Mozzarella Cheese",The Prosciutto and Arugula Pizza
4859,2149,ital_supr_m,1,02-05-15,18:19:51,16.5,16.5,M,Supreme,"Calabrese Salami, Capocollo, Tomatoes, Red Onions, Green Olives, Garlic",The Italian Supreme Pizza
4860,2150,ital_cpcllo_m,1,02-05-15,18:22:25,16,16,M,Classic,"Capocollo, Red Peppers, Tomatoes, Goat Cheese, Garlic, Oregano",The Italian Capocollo Pizza
4861,2151,bbq_ckn_m,1,02-05-15,18:22:28,16.75,16.75,M,Chicken,"Barbecued Chicken, Red Peppers, Green Peppers, Tomatoes, Red Onions, Barbecue Sauce",The Barbecue Chicken Pizza
4862,2151,spin_pesto_m,1,02-05-15,18:22:28,16.5,16.5,M,Veggie,"Spinach, Artichokes, Tomatoes, Sun-dried Tomatoes, Garlic, Pesto Sauce",The Spinach Pesto Pizza
4863,2152,ital_cpcllo_m,1,02-05-15,18:35:11,16,16,M,Classic,"Capocollo, Red Peppers, Tomatoes, Goat Cheese, Garlic, Oregano",The Italian Capocollo Pizza
4864,2152,peppr_salami_l,1,02-05-15,18:35:11,20.75,20.75,L,Supreme,"Genoa Salami, Capocollo, Pepperoni, Tomatoes, Asiago Cheese, Garlic",The Pepper Salami Pizza
4865,2153,hawaiian_s,1,02-05-15,18:38:01,10.5,10.5,S,Classic,"Sliced Ham, Pineapple, Mozzarella Cheese",The Hawaiian Pizza
4866,2153,spicy_ital_l,1,02-05-15,18:38:01,20.75,20.75,L,Supreme,"Capocollo, Tomatoes, Goat Cheese, Artichokes, Peperoncini verdi, Garlic",The Spicy Italian Pizza
4867,2154,bbq_ckn_l,1,02-05-15,18:55:27,20.75,20.75,L,Chicken,"Barbecued Chicken, Red Peppers, Green Peppers, Tomatoes, Red Onions, Barbecue Sauce",The Barbecue Chicken Pizza
4868,2154,calabrese_l,1,02-05-15,18:55:27,20.25,20.25,L,Supreme,"æ…›duja Salami, Pancetta, Tomatoes, Red Onions, Friggitello Peppers, Garlic",The Calabrese Pizza
4869,2155,ital_supr_m,1,02-05-15,18:59:56,16.5,16.5,M,Supreme,"Calabrese Salami, Capocollo, Tomatoes, Red Onions, Green Olives, Garlic",The Italian Supreme Pizza
4870,2155,thai_ckn_l,1,02-05-15,18:59:56,20.75,20.75,L,Chicken,"Chicken, Pineapple, Tomatoes, Red Peppers, Thai Sweet Chilli Sauce",The Thai Chicken Pizza
4871,2156,ital_supr_m,1,02-05-15,19:29:29,16.5,16.5,M,Supreme,"Calabrese Salami, Capocollo, Tomatoes, Red Onions, Green Olives, Garlic",The Italian Supreme Pizza
4872,2156,mexicana_l,1,02-05-15,19:29:29,20.25,20.25,L,Veggie,"Tomatoes, Red Peppers, Jalapeno Peppers, Red Onions, Cilantro, Corn, Chipotle Sauce, Garlic",The Mexicana Pizza
4873,2156,soppressata_m,1,02-05-15,19:29:29,16.5,16.5,M,Supreme,"Soppressata Salami, Fontina Cheese, Mozzarella Cheese, Mushrooms, Garlic",The Soppressata Pizza
4874,2157,ital_cpcllo_m,1,02-05-15,19:39:29,16,16,M,Classic,"Capocollo, Red Peppers, Tomatoes, Goat Cheese, Garlic, Oregano",The Italian Capocollo Pizza
4875,2157,southw_ckn_l,1,02-05-15,19:39:29,20.75,20.75,L,Chicken,"Chicken, Tomatoes, Red Peppers, Red Onions, Jalapeno Peppers, Corn, Cilantro, Chipotle Sauce",The Southwest Chicken Pizza
4876,2158,ital_supr_l,1,02-05-15,19:49:47,20.75,20.75,L,Supreme,"Calabrese Salami, Capocollo, Tomatoes, Red Onions, Green Olives, Garlic",The Italian Supreme Pizza
4877,2158,pepperoni_l,1,02-05-15,19:49:47,15.25,15.25,L,Classic,"Mozzarella Cheese, Pepperoni",The Pepperoni Pizza
4878,2159,big_meat_s,1,02-05-15,19:55:12,12,12,S,Classic,"Bacon, Pepperoni, Italian Sausage, Chorizo Sausage",The Big Meat Pizza
4879,2159,cali_ckn_l,1,02-05-15,19:55:12,20.75,20.75,L,Chicken,"Chicken, Artichoke, Spinach, Garlic, Jalapeno Peppers, Fontina Cheese, Gouda Cheese",The California Chicken Pizza
4880,2159,classic_dlx_s,1,02-05-15,19:55:12,12,12,S,Classic,"Pepperoni, Mushrooms, Red Onions, Red Peppers, Bacon",The Classic Deluxe Pizza
4881,2159,hawaiian_l,1,02-05-15,19:55:12,16.5,16.5,L,Classic,"Sliced Ham, Pineapple, Mozzarella Cheese",The Hawaiian Pizza
4882,2160,pepperoni_l,1,02-05-15,20:01:50,15.25,15.25,L,Classic,"Mozzarella Cheese, Pepperoni",The Pepperoni Pizza
4883,2161,bbq_ckn_l,1,02-05-15,20:10:24,20.75,20.75,L,Chicken,"Barbecued Chicken, Red Peppers, Green Peppers, Tomatoes, Red Onions, Barbecue Sauce",The Barbecue Chicken Pizza
4884,2161,peppr_salami_s,1,02-05-15,20:10:24,12.5,12.5,S,Supreme,"Genoa Salami, Capocollo, Pepperoni, Tomatoes, Asiago Cheese, Garlic",The Pepper Salami Pizza
4885,2162,classic_dlx_s,1,02-05-15,20:15:06,12,12,S,Classic,"Pepperoni, Mushrooms, Red Onions, Red Peppers, Bacon",The Classic Deluxe Pizza
4886,2162,southw_ckn_l,1,02-05-15,20:15:06,20.75,20.75,L,Chicken,"Chicken, Tomatoes, Red Peppers, Red Onions, Jalapeno Peppers, Corn, Cilantro, Chipotle Sauce",The Southwest Chicken Pizza
4887,2163,brie_carre_s,1,02-05-15,20:18:08,23.65,23.65,S,Supreme,"Brie Carre Cheese, Prosciutto, Caramelized Onions, Pears, Thyme, Garlic",The Brie Carre Pizza
4888,2163,spinach_supr_l,1,02-05-15,20:18:08,20.75,20.75,L,Supreme,"Spinach, Red Onions, Pepperoni, Tomatoes, Artichokes, Kalamata Olives, Garlic, Asiago Cheese",The Spinach Supreme Pizza
4889,2164,ckn_alfredo_m,1,02-05-15,20:23:49,16.75,16.75,M,Chicken,"Chicken, Red Onions, Red Peppers, Mushrooms, Asiago Cheese, Alfredo Sauce",The Chicken Alfredo Pizza
4890,2165,cali_ckn_l,1,02-05-15,20:29:51,20.75,20.75,L,Chicken,"Chicken, Artichoke, Spinach, Garlic, Jalapeno Peppers, Fontina Cheese, Gouda Cheese",The California Chicken Pizza
4891,2165,southw_ckn_m,1,02-05-15,20:29:51,16.75,16.75,M,Chicken,"Chicken, Tomatoes, Red Peppers, Red Onions, Jalapeno Peppers, Corn, Cilantro, Chipotle Sauce",The Southwest Chicken Pizza
4892,2166,veggie_veg_m,1,02-05-15,20:41:36,16,16,M,Veggie,"Mushrooms, Tomatoes, Red Peppers, Green Peppers, Red Onions, Zucchini, Spinach, Garlic",The Vegetables + Vegetables Pizza
4893,2167,spicy_ital_l,1,02-05-15,20:56:14,20.75,20.75,L,Supreme,"Capocollo, Tomatoes, Goat Cheese, Artichokes, Peperoncini verdi, Garlic",The Spicy Italian Pizza
4894,2168,prsc_argla_m,1,02-05-15,20:59:08,16.5,16.5,M,Supreme,"Prosciutto di San Daniele, Arugula, Mozzarella Cheese",The Prosciutto and Arugula Pizza
4895,2169,prsc_argla_s,1,02-05-15,21:23:02,12.5,12.5,S,Supreme,"Prosciutto di San Daniele, Arugula, Mozzarella Cheese",The Prosciutto and Arugula Pizza
4896,2169,veggie_veg_s,1,02-05-15,21:23:02,12,12,S,Veggie,"Mushrooms, Tomatoes, Red Peppers, Green Peppers, Red Onions, Zucchini, Spinach, Garlic",The Vegetables + Vegetables Pizza
4897,2170,five_cheese_l,1,02-05-15,21:34:23,18.5,18.5,L,Veggie,"Mozzarella Cheese, Provolone Cheese, Smoked Gouda Cheese, Romano Cheese, Blue Cheese, Garlic",The Five Cheese Pizza
4898,2171,prsc_argla_s,1,02-05-15,21:48:24,12.5,12.5,S,Supreme,"Prosciutto di San Daniele, Arugula, Mozzarella Cheese",The Prosciutto and Arugula Pizza
4899,2172,brie_carre_s,1,02-05-15,21:51:44,23.65,23.65,S,Supreme,"Brie Carre Cheese, Prosciutto, Caramelized Onions, Pears, Thyme, Garlic",The Brie Carre Pizza
4900,2172,four_cheese_l,1,02-05-15,21:51:44,17.95,17.95,L,Veggie,"Ricotta Cheese, Gorgonzola Piccante Cheese, Mozzarella Cheese, Parmigiano Reggiano Cheese, Garlic",The Four Cheese Pizza
4901,2172,sicilian_m,1,02-05-15,21:51:44,16.25,16.25,M,Supreme,"Coarse Sicilian Salami, Tomatoes, Green Olives, Luganega Sausage, Onions, Garlic",The Sicilian Pizza
4902,2172,sicilian_s,1,02-05-15,21:51:44,12.25,12.25,S,Supreme,"Coarse Sicilian Salami, Tomatoes, Green Olives, Luganega Sausage, Onions, Garlic",The Sicilian Pizza
4903,2173,big_meat_s,1,02-05-15,21:56:42,12,12,S,Classic,"Bacon, Pepperoni, Italian Sausage, Chorizo Sausage",The Big Meat Pizza
4904,2174,peppr_salami_s,1,02-05-15,22:00:17,12.5,12.5,S,Supreme,"Genoa Salami, Capocollo, Pepperoni, Tomatoes, Asiago Cheese, Garlic",The Pepper Salami Pizza
4905,2174,sicilian_l,1,02-05-15,22:00:17,20.25,20.25,L,Supreme,"Coarse Sicilian Salami, Tomatoes, Green Olives, Luganega Sausage, Onions, Garlic",The Sicilian Pizza
4906,2174,soppressata_l,1,02-05-15,22:00:17,20.75,20.75,L,Supreme,"Soppressata Salami, Fontina Cheese, Mozzarella Cheese, Mushrooms, Garlic",The Soppressata Pizza
4907,2174,southw_ckn_m,1,02-05-15,22:00:17,16.75,16.75,M,Chicken,"Chicken, Tomatoes, Red Peppers, Red Onions, Jalapeno Peppers, Corn, Cilantro, Chipotle Sauce",The Southwest Chicken Pizza
4908,2175,five_cheese_l,1,02-06-15,11:16:08,18.5,18.5,L,Veggie,"Mozzarella Cheese, Provolone Cheese, Smoked Gouda Cheese, Romano Cheese, Blue Cheese, Garlic",The Five Cheese Pizza
4909,2176,calabrese_l,1,02-06-15,11:18:53,20.25,20.25,L,Supreme,"æ…›duja Salami, Pancetta, Tomatoes, Red Onions, Friggitello Peppers, Garlic",The Calabrese Pizza
4910,2177,calabrese_l,1,02-06-15,11:25:48,20.25,20.25,L,Supreme,"æ…›duja Salami, Pancetta, Tomatoes, Red Onions, Friggitello Peppers, Garlic",The Calabrese Pizza
4911,2177,pepperoni_l,1,02-06-15,11:25:48,15.25,15.25,L,Classic,"Mozzarella Cheese, Pepperoni",The Pepperoni Pizza
4912,2178,hawaiian_s,1,02-06-15,11:32:25,10.5,10.5,S,Classic,"Sliced Ham, Pineapple, Mozzarella Cheese",The Hawaiian Pizza
4913,2179,pepperoni_m,1,02-06-15,11:54:09,12.5,12.5,M,Classic,"Mozzarella Cheese, Pepperoni",The Pepperoni Pizza
4914,2180,classic_dlx_s,1,02-06-15,11:59:14,12,12,S,Classic,"Pepperoni, Mushrooms, Red Onions, Red Peppers, Bacon",The Classic Deluxe Pizza
4915,2180,spin_pesto_l,1,02-06-15,11:59:14,20.75,20.75,L,Veggie,"Spinach, Artichokes, Tomatoes, Sun-dried Tomatoes, Garlic, Pesto Sauce",The Spinach Pesto Pizza
4916,2181,four_cheese_l,1,02-06-15,12:06:15,17.95,17.95,L,Veggie,"Ricotta Cheese, Gorgonzola Piccante Cheese, Mozzarella Cheese, Parmigiano Reggiano Cheese, Garlic",The Four Cheese Pizza
4917,2181,four_cheese_m,1,02-06-15,12:06:15,14.75,14.75,M,Veggie,"Ricotta Cheese, Gorgonzola Piccante Cheese, Mozzarella Cheese, Parmigiano Reggiano Cheese, Garlic",The Four Cheese Pizza
4918,2182,big_meat_s,2,02-06-15,12:22:30,12,24,S,Classic,"Bacon, Pepperoni, Italian Sausage, Chorizo Sausage",The Big Meat Pizza
4919,2182,cali_ckn_l,1,02-06-15,12:22:30,20.75,20.75,L,Chicken,"Chicken, Artichoke, Spinach, Garlic, Jalapeno Peppers, Fontina Cheese, Gouda Cheese",The California Chicken Pizza
4920,2182,classic_dlx_m,1,02-06-15,12:22:30,16,16,M,Classic,"Pepperoni, Mushrooms, Red Onions, Red Peppers, Bacon",The Classic Deluxe Pizza
4921,2182,four_cheese_l,1,02-06-15,12:22:30,17.95,17.95,L,Veggie,"Ricotta Cheese, Gorgonzola Piccante Cheese, Mozzarella Cheese, Parmigiano Reggiano Cheese, Garlic",The Four Cheese Pizza
4922,2182,hawaiian_s,1,02-06-15,12:22:30,10.5,10.5,S,Classic,"Sliced Ham, Pineapple, Mozzarella Cheese",The Hawaiian Pizza
4923,2182,ital_cpcllo_m,1,02-06-15,12:22:30,16,16,M,Classic,"Capocollo, Red Peppers, Tomatoes, Goat Cheese, Garlic, Oregano",The Italian Capocollo Pizza
4924,2182,ital_supr_l,1,02-06-15,12:22:30,20.75,20.75,L,Supreme,"Calabrese Salami, Capocollo, Tomatoes, Red Onions, Green Olives, Garlic",The Italian Supreme Pizza
4925,2182,peppr_salami_l,1,02-06-15,12:22:30,20.75,20.75,L,Supreme,"Genoa Salami, Capocollo, Pepperoni, Tomatoes, Asiago Cheese, Garlic",The Pepper Salami Pizza
4926,2182,sicilian_s,1,02-06-15,12:22:30,12.25,12.25,S,Supreme,"Coarse Sicilian Salami, Tomatoes, Green Olives, Luganega Sausage, Onions, Garlic",The Sicilian Pizza
4927,2183,bbq_ckn_l,1,02-06-15,12:25:17,20.75,20.75,L,Chicken,"Barbecued Chicken, Red Peppers, Green Peppers, Tomatoes, Red Onions, Barbecue Sauce",The Barbecue Chicken Pizza
4928,2183,ckn_pesto_m,1,02-06-15,12:25:17,16.75,16.75,M,Chicken,"Chicken, Tomatoes, Red Peppers, Spinach, Garlic, Pesto Sauce",The Chicken Pesto Pizza
4929,2183,napolitana_l,1,02-06-15,12:25:17,20.5,20.5,L,Classic,"Tomatoes, Anchovies, Green Olives, Red Onions, Garlic",The Napolitana Pizza
4930,2183,southw_ckn_s,1,02-06-15,12:25:17,12.75,12.75,S,Chicken,"Chicken, Tomatoes, Red Peppers, Red Onions, Jalapeno Peppers, Corn, Cilantro, Chipotle Sauce",The Southwest Chicken Pizza
4931,2184,big_meat_s,1,02-06-15,12:40:25,12,12,S,Classic,"Bacon, Pepperoni, Italian Sausage, Chorizo Sausage",The Big Meat Pizza
4932,2184,brie_carre_s,1,02-06-15,12:40:25,23.65,23.65,S,Supreme,"Brie Carre Cheese, Prosciutto, Caramelized Onions, Pears, Thyme, Garlic",The Brie Carre Pizza
4933,2184,classic_dlx_m,1,02-06-15,12:40:25,16,16,M,Classic,"Pepperoni, Mushrooms, Red Onions, Red Peppers, Bacon",The Classic Deluxe Pizza
4934,2185,ckn_alfredo_m,1,02-06-15,12:54:25,16.75,16.75,M,Chicken,"Chicken, Red Onions, Red Peppers, Mushrooms, Asiago Cheese, Alfredo Sauce",The Chicken Alfredo Pizza
4935,2186,pep_msh_pep_m,1,02-06-15,13:03:16,14.5,14.5,M,Classic,"Pepperoni, Mushrooms, Green Peppers","The Pepperoni, Mushroom, and Peppers Pizza"
4936,2187,calabrese_s,1,02-06-15,13:10:13,12.25,12.25,S,Supreme,"æ…›duja Salami, Pancetta, Tomatoes, Red Onions, Friggitello Peppers, Garlic",The Calabrese Pizza
4937,2187,five_cheese_l,1,02-06-15,13:10:13,18.5,18.5,L,Veggie,"Mozzarella Cheese, Provolone Cheese, Smoked Gouda Cheese, Romano Cheese, Blue Cheese, Garlic",The Five Cheese Pizza
4938,2187,sicilian_l,1,02-06-15,13:10:13,20.25,20.25,L,Supreme,"Coarse Sicilian Salami, Tomatoes, Green Olives, Luganega Sausage, Onions, Garlic",The Sicilian Pizza
4939,2187,southw_ckn_l,1,02-06-15,13:10:13,20.75,20.75,L,Chicken,"Chicken, Tomatoes, Red Peppers, Red Onions, Jalapeno Peppers, Corn, Cilantro, Chipotle Sauce",The Southwest Chicken Pizza
4940,2187,the_greek_s,1,02-06-15,13:10:13,12,12,S,Classic,"Kalamata Olives, Feta Cheese, Tomatoes, Garlic, Beef Chuck Roast, Red Onions",The Greek Pizza
4941,2188,calabrese_m,1,02-06-15,13:13:33,16.25,16.25,M,Supreme,"æ…›duja Salami, Pancetta, Tomatoes, Red Onions, Friggitello Peppers, Garlic",The Calabrese Pizza
4942,2188,classic_dlx_s,1,02-06-15,13:13:33,12,12,S,Classic,"Pepperoni, Mushrooms, Red Onions, Red Peppers, Bacon",The Classic Deluxe Pizza
4943,2188,five_cheese_l,1,02-06-15,13:13:33,18.5,18.5,L,Veggie,"Mozzarella Cheese, Provolone Cheese, Smoked Gouda Cheese, Romano Cheese, Blue Cheese, Garlic",The Five Cheese Pizza
4944,2188,hawaiian_m,1,02-06-15,13:13:33,13.25,13.25,M,Classic,"Sliced Ham, Pineapple, Mozzarella Cheese",The Hawaiian Pizza
4945,2188,hawaiian_s,1,02-06-15,13:13:33,10.5,10.5,S,Classic,"Sliced Ham, Pineapple, Mozzarella Cheese",The Hawaiian Pizza
4946,2188,ital_veggie_m,1,02-06-15,13:13:33,16.75,16.75,M,Veggie,"Eggplant, Artichokes, Tomatoes, Zucchini, Red Peppers, Garlic, Pesto Sauce",The Italian Vegetables Pizza
4947,2188,mediterraneo_l,1,02-06-15,13:13:33,20.25,20.25,L,Veggie,"Spinach, Artichokes, Kalamata Olives, Sun-dried Tomatoes, Feta Cheese, Plum Tomatoes, Red Onions",The Mediterranean Pizza
4948,2188,pep_msh_pep_l,1,02-06-15,13:13:33,17.5,17.5,L,Classic,"Pepperoni, Mushrooms, Green Peppers","The Pepperoni, Mushroom, and Peppers Pizza"
4949,2188,pep_msh_pep_m,1,02-06-15,13:13:33,14.5,14.5,M,Classic,"Pepperoni, Mushrooms, Green Peppers","The Pepperoni, Mushroom, and Peppers Pizza"
4950,2188,pepperoni_m,1,02-06-15,13:13:33,12.5,12.5,M,Classic,"Mozzarella Cheese, Pepperoni",The Pepperoni Pizza
4951,2188,soppressata_s,1,02-06-15,13:13:33,12.5,12.5,S,Supreme,"Soppressata Salami, Fontina Cheese, Mozzarella Cheese, Mushrooms, Garlic",The Soppressata Pizza
4952,2188,spicy_ital_l,1,02-06-15,13:13:33,20.75,20.75,L,Supreme,"Capocollo, Tomatoes, Goat Cheese, Artichokes, Peperoncini verdi, Garlic",The Spicy Italian Pizza
4953,2188,spinach_fet_l,1,02-06-15,13:13:33,20.25,20.25,L,Veggie,"Spinach, Mushrooms, Red Onions, Feta Cheese, Garlic",The Spinach and Feta Pizza
4954,2189,ckn_alfredo_m,1,02-06-15,13:14:59,16.75,16.75,M,Chicken,"Chicken, Red Onions, Red Peppers, Mushrooms, Asiago Cheese, Alfredo Sauce",The Chicken Alfredo Pizza
4955,2189,prsc_argla_m,1,02-06-15,13:14:59,16.5,16.5,M,Supreme,"Prosciutto di San Daniele, Arugula, Mozzarella Cheese",The Prosciutto and Arugula Pizza
4956,2190,big_meat_s,1,02-06-15,13:19:45,12,12,S,Classic,"Bacon, Pepperoni, Italian Sausage, Chorizo Sausage",The Big Meat Pizza
4957,2190,napolitana_m,1,02-06-15,13:19:45,16,16,M,Classic,"Tomatoes, Anchovies, Green Olives, Red Onions, Garlic",The Napolitana Pizza
4958,2191,pep_msh_pep_s,1,02-06-15,13:19:59,11,11,S,Classic,"Pepperoni, Mushrooms, Green Peppers","The Pepperoni, Mushroom, and Peppers Pizza"
4959,2191,spinach_fet_s,1,02-06-15,13:19:59,12,12,S,Veggie,"Spinach, Mushrooms, Red Onions, Feta Cheese, Garlic",The Spinach and Feta Pizza
4960,2191,thai_ckn_m,1,02-06-15,13:19:59,16.75,16.75,M,Chicken,"Chicken, Pineapple, Tomatoes, Red Peppers, Thai Sweet Chilli Sauce",The Thai Chicken Pizza
4961,2192,thai_ckn_l,1,02-06-15,13:20:41,20.75,20.75,L,Chicken,"Chicken, Pineapple, Tomatoes, Red Peppers, Thai Sweet Chilli Sauce",The Thai Chicken Pizza
4962,2193,four_cheese_m,1,02-06-15,13:21:21,14.75,14.75,M,Veggie,"Ricotta Cheese, Gorgonzola Piccante Cheese, Mozzarella Cheese, Parmigiano Reggiano Cheese, Garlic",The Four Cheese Pizza
4963,2193,hawaiian_s,1,02-06-15,13:21:21,10.5,10.5,S,Classic,"Sliced Ham, Pineapple, Mozzarella Cheese",The Hawaiian Pizza
4964,2193,peppr_salami_m,1,02-06-15,13:21:21,16.5,16.5,M,Supreme,"Genoa Salami, Capocollo, Pepperoni, Tomatoes, Asiago Cheese, Garlic",The Pepper Salami Pizza
4965,2193,prsc_argla_l,1,02-06-15,13:21:21,20.75,20.75,L,Supreme,"Prosciutto di San Daniele, Arugula, Mozzarella Cheese",The Prosciutto and Arugula Pizza
4966,2194,cali_ckn_m,1,02-06-15,13:22:11,16.75,16.75,M,Chicken,"Chicken, Artichoke, Spinach, Garlic, Jalapeno Peppers, Fontina Cheese, Gouda Cheese",The California Chicken Pizza
4967,2194,classic_dlx_l,1,02-06-15,13:22:11,20.5,20.5,L,Classic,"Pepperoni, Mushrooms, Red Onions, Red Peppers, Bacon",The Classic Deluxe Pizza
4968,2195,classic_dlx_m,1,02-06-15,13:39:29,16,16,M,Classic,"Pepperoni, Mushrooms, Red Onions, Red Peppers, Bacon",The Classic Deluxe Pizza
4969,2195,peppr_salami_m,1,02-06-15,13:39:29,16.5,16.5,M,Supreme,"Genoa Salami, Capocollo, Pepperoni, Tomatoes, Asiago Cheese, Garlic",The Pepper Salami Pizza
4970,2195,spinach_supr_l,1,02-06-15,13:39:29,20.75,20.75,L,Supreme,"Spinach, Red Onions, Pepperoni, Tomatoes, Artichokes, Kalamata Olives, Garlic, Asiago Cheese",The Spinach Supreme Pizza
4971,2196,southw_ckn_l,1,02-06-15,13:45:32,20.75,20.75,L,Chicken,"Chicken, Tomatoes, Red Peppers, Red Onions, Jalapeno Peppers, Corn, Cilantro, Chipotle Sauce",The Southwest Chicken Pizza
4972,2197,hawaiian_s,1,02-06-15,14:01:18,10.5,10.5,S,Classic,"Sliced Ham, Pineapple, Mozzarella Cheese",The Hawaiian Pizza
4973,2197,napolitana_s,1,02-06-15,14:01:18,12,12,S,Classic,"Tomatoes, Anchovies, Green Olives, Red Onions, Garlic",The Napolitana Pizza
4974,2198,cali_ckn_m,1,02-06-15,14:13:09,16.75,16.75,M,Chicken,"Chicken, Artichoke, Spinach, Garlic, Jalapeno Peppers, Fontina Cheese, Gouda Cheese",The California Chicken Pizza
4975,2198,classic_dlx_m,1,02-06-15,14:13:09,16,16,M,Classic,"Pepperoni, Mushrooms, Red Onions, Red Peppers, Bacon",The Classic Deluxe Pizza
4976,2198,green_garden_m,1,02-06-15,14:13:09,16,16,M,Veggie,"Spinach, Mushrooms, Tomatoes, Green Olives, Feta Cheese",The Green Garden Pizza
4977,2198,ital_cpcllo_l,1,02-06-15,14:13:09,20.5,20.5,L,Classic,"Capocollo, Red Peppers, Tomatoes, Goat Cheese, Garlic, Oregano",The Italian Capocollo Pizza
4978,2199,sicilian_l,1,02-06-15,14:36:06,20.25,20.25,L,Supreme,"Coarse Sicilian Salami, Tomatoes, Green Olives, Luganega Sausage, Onions, Garlic",The Sicilian Pizza
4979,2200,spin_pesto_m,1,02-06-15,15:21:45,16.5,16.5,M,Veggie,"Spinach, Artichokes, Tomatoes, Sun-dried Tomatoes, Garlic, Pesto Sauce",The Spinach Pesto Pizza
4980,2201,mediterraneo_l,1,02-06-15,15:24:02,20.25,20.25,L,Veggie,"Spinach, Artichokes, Kalamata Olives, Sun-dried Tomatoes, Feta Cheese, Plum Tomatoes, Red Onions",The Mediterranean Pizza
4981,2202,napolitana_s,1,02-06-15,15:31:14,12,12,S,Classic,"Tomatoes, Anchovies, Green Olives, Red Onions, Garlic",The Napolitana Pizza
4982,2202,spinach_fet_m,1,02-06-15,15:31:14,16,16,M,Veggie,"Spinach, Mushrooms, Red Onions, Feta Cheese, Garlic",The Spinach and Feta Pizza
4983,2203,bbq_ckn_l,1,02-06-15,16:11:41,20.75,20.75,L,Chicken,"Barbecued Chicken, Red Peppers, Green Peppers, Tomatoes, Red Onions, Barbecue Sauce",The Barbecue Chicken Pizza
4984,2203,mexicana_m,1,02-06-15,16:11:41,16,16,M,Veggie,"Tomatoes, Red Peppers, Jalapeno Peppers, Red Onions, Cilantro, Corn, Chipotle Sauce, Garlic",The Mexicana Pizza
4985,2203,southw_ckn_l,1,02-06-15,16:11:41,20.75,20.75,L,Chicken,"Chicken, Tomatoes, Red Peppers, Red Onions, Jalapeno Peppers, Corn, Cilantro, Chipotle Sauce",The Southwest Chicken Pizza
4986,2203,spinach_fet_s,1,02-06-15,16:11:41,12,12,S,Veggie,"Spinach, Mushrooms, Red Onions, Feta Cheese, Garlic",The Spinach and Feta Pizza
4987,2204,spin_pesto_m,1,02-06-15,16:28:46,16.5,16.5,M,Veggie,"Spinach, Artichokes, Tomatoes, Sun-dried Tomatoes, Garlic, Pesto Sauce",The Spinach Pesto Pizza
4988,2205,bbq_ckn_l,1,02-06-15,16:39:28,20.75,20.75,L,Chicken,"Barbecued Chicken, Red Peppers, Green Peppers, Tomatoes, Red Onions, Barbecue Sauce",The Barbecue Chicken Pizza
4989,2205,ital_supr_l,1,02-06-15,16:39:28,20.75,20.75,L,Supreme,"Calabrese Salami, Capocollo, Tomatoes, Red Onions, Green Olives, Garlic",The Italian Supreme Pizza
4990,2206,big_meat_s,1,02-06-15,16:59:29,12,12,S,Classic,"Bacon, Pepperoni, Italian Sausage, Chorizo Sausage",The Big Meat Pizza
4991,2206,cali_ckn_m,1,02-06-15,16:59:29,16.75,16.75,M,Chicken,"Chicken, Artichoke, Spinach, Garlic, Jalapeno Peppers, Fontina Cheese, Gouda Cheese",The California Chicken Pizza
4992,2206,pep_msh_pep_s,1,02-06-15,16:59:29,11,11,S,Classic,"Pepperoni, Mushrooms, Green Peppers","The Pepperoni, Mushroom, and Peppers Pizza"
4993,2207,thai_ckn_m,1,02-06-15,17:00:57,16.75,16.75,M,Chicken,"Chicken, Pineapple, Tomatoes, Red Peppers, Thai Sweet Chilli Sauce",The Thai Chicken Pizza
4994,2208,big_meat_s,1,02-06-15,17:10:44,12,12,S,Classic,"Bacon, Pepperoni, Italian Sausage, Chorizo Sausage",The Big Meat Pizza
4995,2208,hawaiian_l,1,02-06-15,17:10:44,16.5,16.5,L,Classic,"Sliced Ham, Pineapple, Mozzarella Cheese",The Hawaiian Pizza
4996,2209,southw_ckn_l,1,02-06-15,17:11:37,20.75,20.75,L,Chicken,"Chicken, Tomatoes, Red Peppers, Red Onions, Jalapeno Peppers, Corn, Cilantro, Chipotle Sauce",The Southwest Chicken Pizza
4997,2209,spicy_ital_s,1,02-06-15,17:11:37,12.5,12.5,S,Supreme,"Capocollo, Tomatoes, Goat Cheese, Artichokes, Peperoncini verdi, Garlic",The Spicy Italian Pizza
4998,2209,veggie_veg_s,1,02-06-15,17:11:37,12,12,S,Veggie,"Mushrooms, Tomatoes, Red Peppers, Green Peppers, Red Onions, Zucchini, Spinach, Garlic",The Vegetables + Vegetables Pizza
4999,2210,classic_dlx_s,1,02-06-15,17:24:07,12,12,S,Classic,"Pepperoni, Mushrooms, Red Onions, Red Peppers, Bacon",The Classic Deluxe Pizza
5000,2211,green_garden_s,1,02-06-15,17:30:36,12,12,S,Veggie,"Spinach, Mushrooms, Tomatoes, Green Olives, Feta Cheese",The Green Garden Pizza
5001,2211,napolitana_s,1,02-06-15,17:30:36,12,12,S,Classic,"Tomatoes, Anchovies, Green Olives, Red Onions, Garlic",The Napolitana Pizza
5002,2212,pepperoni_l,1,02-06-15,17:52:48,15.25,15.25,L,Classic,"Mozzarella Cheese, Pepperoni",The Pepperoni Pizza
5003,2213,five_cheese_l,1,02-06-15,17:53:26,18.5,18.5,L,Veggie,"Mozzarella Cheese, Provolone Cheese, Smoked Gouda Cheese, Romano Cheese, Blue Cheese, Garlic",The Five Cheese Pizza
5004,2213,thai_ckn_l,1,02-06-15,17:53:26,20.75,20.75,L,Chicken,"Chicken, Pineapple, Tomatoes, Red Peppers, Thai Sweet Chilli Sauce",The Thai Chicken Pizza
5005,2214,sicilian_s,1,02-06-15,17:57:31,12.25,12.25,S,Supreme,"Coarse Sicilian Salami, Tomatoes, Green Olives, Luganega Sausage, Onions, Garlic",The Sicilian Pizza
5006,2214,spicy_ital_l,1,02-06-15,17:57:31,20.75,20.75,L,Supreme,"Capocollo, Tomatoes, Goat Cheese, Artichokes, Peperoncini verdi, Garlic",The Spicy Italian Pizza
5007,2215,hawaiian_s,1,02-06-15,18:07:53,10.5,10.5,S,Classic,"Sliced Ham, Pineapple, Mozzarella Cheese",The Hawaiian Pizza
5008,2215,spicy_ital_l,1,02-06-15,18:07:53,20.75,20.75,L,Supreme,"Capocollo, Tomatoes, Goat Cheese, Artichokes, Peperoncini verdi, Garlic",The Spicy Italian Pizza
5009,2216,ital_supr_m,1,02-06-15,18:10:26,16.5,16.5,M,Supreme,"Calabrese Salami, Capocollo, Tomatoes, Red Onions, Green Olives, Garlic",The Italian Supreme Pizza
5010,2216,sicilian_m,1,02-06-15,18:10:26,16.25,16.25,M,Supreme,"Coarse Sicilian Salami, Tomatoes, Green Olives, Luganega Sausage, Onions, Garlic",The Sicilian Pizza
5011,2217,bbq_ckn_l,1,02-06-15,18:21:44,20.75,20.75,L,Chicken,"Barbecued Chicken, Red Peppers, Green Peppers, Tomatoes, Red Onions, Barbecue Sauce",The Barbecue Chicken Pizza
5012,2217,peppr_salami_m,1,02-06-15,18:21:44,16.5,16.5,M,Supreme,"Genoa Salami, Capocollo, Pepperoni, Tomatoes, Asiago Cheese, Garlic",The Pepper Salami Pizza
5013,2217,sicilian_s,1,02-06-15,18:21:44,12.25,12.25,S,Supreme,"Coarse Sicilian Salami, Tomatoes, Green Olives, Luganega Sausage, Onions, Garlic",The Sicilian Pizza
5014,2218,spin_pesto_s,1,02-06-15,18:29:00,12.5,12.5,S,Veggie,"Spinach, Artichokes, Tomatoes, Sun-dried Tomatoes, Garlic, Pesto Sauce",The Spinach Pesto Pizza
5015,2218,spinach_fet_l,1,02-06-15,18:29:00,20.25,20.25,L,Veggie,"Spinach, Mushrooms, Red Onions, Feta Cheese, Garlic",The Spinach and Feta Pizza
5016,2219,mediterraneo_l,1,02-06-15,18:41:54,20.25,20.25,L,Veggie,"Spinach, Artichokes, Kalamata Olives, Sun-dried Tomatoes, Feta Cheese, Plum Tomatoes, Red Onions",The Mediterranean Pizza
5017,2219,veggie_veg_m,1,02-06-15,18:41:54,16,16,M,Veggie,"Mushrooms, Tomatoes, Red Peppers, Green Peppers, Red Onions, Zucchini, Spinach, Garlic",The Vegetables + Vegetables Pizza
5018,2220,mediterraneo_s,1,02-06-15,18:46:32,12,12,S,Veggie,"Spinach, Artichokes, Kalamata Olives, Sun-dried Tomatoes, Feta Cheese, Plum Tomatoes, Red Onions",The Mediterranean Pizza
5019,2221,calabrese_s,1,02-06-15,18:47:16,12.25,12.25,S,Supreme,"æ…›duja Salami, Pancetta, Tomatoes, Red Onions, Friggitello Peppers, Garlic",The Calabrese Pizza
5020,2221,southw_ckn_m,1,02-06-15,18:47:16,16.75,16.75,M,Chicken,"Chicken, Tomatoes, Red Peppers, Red Onions, Jalapeno Peppers, Corn, Cilantro, Chipotle Sauce",The Southwest Chicken Pizza
5021,2221,thai_ckn_s,1,02-06-15,18:47:16,12.75,12.75,S,Chicken,"Chicken, Pineapple, Tomatoes, Red Peppers, Thai Sweet Chilli Sauce",The Thai Chicken Pizza
5022,2221,veggie_veg_m,1,02-06-15,18:47:16,16,16,M,Veggie,"Mushrooms, Tomatoes, Red Peppers, Green Peppers, Red Onions, Zucchini, Spinach, Garlic",The Vegetables + Vegetables Pizza
5023,2222,bbq_ckn_m,1,02-06-15,18:51:55,16.75,16.75,M,Chicken,"Barbecued Chicken, Red Peppers, Green Peppers, Tomatoes, Red Onions, Barbecue Sauce",The Barbecue Chicken Pizza
5024,2222,calabrese_l,1,02-06-15,18:51:55,20.25,20.25,L,Supreme,"æ…›duja Salami, Pancetta, Tomatoes, Red Onions, Friggitello Peppers, Garlic",The Calabrese Pizza
5025,2222,sicilian_m,1,02-06-15,18:51:55,16.25,16.25,M,Supreme,"Coarse Sicilian Salami, Tomatoes, Green Olives, Luganega Sausage, Onions, Garlic",The Sicilian Pizza
5026,2223,the_greek_xl,1,02-06-15,19:02:30,25.5,25.5,XL,Classic,"Kalamata Olives, Feta Cheese, Tomatoes, Garlic, Beef Chuck Roast, Red Onions",The Greek Pizza
5027,2224,ital_supr_s,1,02-06-15,19:02:49,12.5,12.5,S,Supreme,"Calabrese Salami, Capocollo, Tomatoes, Red Onions, Green Olives, Garlic",The Italian Supreme Pizza
5028,2225,sicilian_s,1,02-06-15,19:23:26,12.25,12.25,S,Supreme,"Coarse Sicilian Salami, Tomatoes, Green Olives, Luganega Sausage, Onions, Garlic",The Sicilian Pizza
5029,2226,cali_ckn_l,1,02-06-15,19:29:57,20.75,20.75,L,Chicken,"Chicken, Artichoke, Spinach, Garlic, Jalapeno Peppers, Fontina Cheese, Gouda Cheese",The California Chicken Pizza
5030,2226,pepperoni_l,1,02-06-15,19:29:57,15.25,15.25,L,Classic,"Mozzarella Cheese, Pepperoni",The Pepperoni Pizza
5031,2226,spicy_ital_l,1,02-06-15,19:29:57,20.75,20.75,L,Supreme,"Capocollo, Tomatoes, Goat Cheese, Artichokes, Peperoncini verdi, Garlic",The Spicy Italian Pizza
5032,2227,veggie_veg_m,1,02-06-15,19:43:48,16,16,M,Veggie,"Mushrooms, Tomatoes, Red Peppers, Green Peppers, Red Onions, Zucchini, Spinach, Garlic",The Vegetables + Vegetables Pizza
5033,2228,napolitana_l,1,02-06-15,20:04:33,20.5,20.5,L,Classic,"Tomatoes, Anchovies, Green Olives, Red Onions, Garlic",The Napolitana Pizza
5034,2228,spin_pesto_m,1,02-06-15,20:04:33,16.5,16.5,M,Veggie,"Spinach, Artichokes, Tomatoes, Sun-dried Tomatoes, Garlic, Pesto Sauce",The Spinach Pesto Pizza
5035,2229,cali_ckn_l,1,02-06-15,20:16:54,20.75,20.75,L,Chicken,"Chicken, Artichoke, Spinach, Garlic, Jalapeno Peppers, Fontina Cheese, Gouda Cheese",The California Chicken Pizza
5036,2229,hawaiian_m,1,02-06-15,20:16:54,13.25,13.25,M,Classic,"Sliced Ham, Pineapple, Mozzarella Cheese",The Hawaiian Pizza
5037,2229,pep_msh_pep_m,1,02-06-15,20:16:54,14.5,14.5,M,Classic,"Pepperoni, Mushrooms, Green Peppers","The Pepperoni, Mushroom, and Peppers Pizza"
5038,2230,classic_dlx_m,1,02-06-15,20:41:12,16,16,M,Classic,"Pepperoni, Mushrooms, Red Onions, Red Peppers, Bacon",The Classic Deluxe Pizza
5039,2231,spinach_fet_l,1,02-06-15,20:42:58,20.25,20.25,L,Veggie,"Spinach, Mushrooms, Red Onions, Feta Cheese, Garlic",The Spinach and Feta Pizza
5040,2232,bbq_ckn_m,1,02-06-15,20:50:02,16.75,16.75,M,Chicken,"Barbecued Chicken, Red Peppers, Green Peppers, Tomatoes, Red Onions, Barbecue Sauce",The Barbecue Chicken Pizza
5041,2232,five_cheese_l,1,02-06-15,20:50:02,18.5,18.5,L,Veggie,"Mozzarella Cheese, Provolone Cheese, Smoked Gouda Cheese, Romano Cheese, Blue Cheese, Garlic",The Five Cheese Pizza
5042,2232,ital_supr_l,1,02-06-15,20:50:02,20.75,20.75,L,Supreme,"Calabrese Salami, Capocollo, Tomatoes, Red Onions, Green Olives, Garlic",The Italian Supreme Pizza
5043,2233,hawaiian_l,1,02-06-15,21:07:01,16.5,16.5,L,Classic,"Sliced Ham, Pineapple, Mozzarella Cheese",The Hawaiian Pizza
5044,2234,big_meat_s,1,02-06-15,21:17:17,12,12,S,Classic,"Bacon, Pepperoni, Italian Sausage, Chorizo Sausage",The Big Meat Pizza
5045,2234,five_cheese_l,1,02-06-15,21:17:17,18.5,18.5,L,Veggie,"Mozzarella Cheese, Provolone Cheese, Smoked Gouda Cheese, Romano Cheese, Blue Cheese, Garlic",The Five Cheese Pizza
5046,2234,ital_supr_l,1,02-06-15,21:17:17,20.75,20.75,L,Supreme,"Calabrese Salami, Capocollo, Tomatoes, Red Onions, Green Olives, Garlic",The Italian Supreme Pizza
5047,2234,veggie_veg_m,1,02-06-15,21:17:17,16,16,M,Veggie,"Mushrooms, Tomatoes, Red Peppers, Green Peppers, Red Onions, Zucchini, Spinach, Garlic",The Vegetables + Vegetables Pizza
5048,2235,napolitana_m,1,02-06-15,21:26:37,16,16,M,Classic,"Tomatoes, Anchovies, Green Olives, Red Onions, Garlic",The Napolitana Pizza
5049,2235,peppr_salami_l,1,02-06-15,21:26:37,20.75,20.75,L,Supreme,"Genoa Salami, Capocollo, Pepperoni, Tomatoes, Asiago Cheese, Garlic",The Pepper Salami Pizza
5050,2236,ckn_pesto_m,1,02-06-15,21:32:03,16.75,16.75,M,Chicken,"Chicken, Tomatoes, Red Peppers, Spinach, Garlic, Pesto Sauce",The Chicken Pesto Pizza
5051,2236,peppr_salami_m,1,02-06-15,21:32:03,16.5,16.5,M,Supreme,"Genoa Salami, Capocollo, Pepperoni, Tomatoes, Asiago Cheese, Garlic",The Pepper Salami Pizza
5052,2236,spin_pesto_s,1,02-06-15,21:32:03,12.5,12.5,S,Veggie,"Spinach, Artichokes, Tomatoes, Sun-dried Tomatoes, Garlic, Pesto Sauce",The Spinach Pesto Pizza
5053,2237,cali_ckn_s,1,02-06-15,21:37:09,12.75,12.75,S,Chicken,"Chicken, Artichoke, Spinach, Garlic, Jalapeno Peppers, Fontina Cheese, Gouda Cheese",The California Chicken Pizza
5054,2237,hawaiian_m,1,02-06-15,21:37:09,13.25,13.25,M,Classic,"Sliced Ham, Pineapple, Mozzarella Cheese",The Hawaiian Pizza
5055,2237,spicy_ital_l,1,02-06-15,21:37:09,20.75,20.75,L,Supreme,"Capocollo, Tomatoes, Goat Cheese, Artichokes, Peperoncini verdi, Garlic",The Spicy Italian Pizza
5056,2238,the_greek_l,1,02-06-15,21:38:28,20.5,20.5,L,Classic,"Kalamata Olives, Feta Cheese, Tomatoes, Garlic, Beef Chuck Roast, Red Onions",The Greek Pizza
5057,2239,classic_dlx_m,1,02-06-15,22:09:09,16,16,M,Classic,"Pepperoni, Mushrooms, Red Onions, Red Peppers, Bacon",The Classic Deluxe Pizza
5058,2240,brie_carre_s,1,02-06-15,22:22:17,23.65,23.65,S,Supreme,"Brie Carre Cheese, Prosciutto, Caramelized Onions, Pears, Thyme, Garlic",The Brie Carre Pizza
5059,2240,spin_pesto_s,1,02-06-15,22:22:17,12.5,12.5,S,Veggie,"Spinach, Artichokes, Tomatoes, Sun-dried Tomatoes, Garlic, Pesto Sauce",The Spinach Pesto Pizza
5060,2241,hawaiian_l,1,02-07-15,11:40:43,16.5,16.5,L,Classic,"Sliced Ham, Pineapple, Mozzarella Cheese",The Hawaiian Pizza
5061,2241,spinach_fet_m,1,02-07-15,11:40:43,16,16,M,Veggie,"Spinach, Mushrooms, Red Onions, Feta Cheese, Garlic",The Spinach and Feta Pizza
5062,2241,thai_ckn_m,1,02-07-15,11:40:43,16.75,16.75,M,Chicken,"Chicken, Pineapple, Tomatoes, Red Peppers, Thai Sweet Chilli Sauce",The Thai Chicken Pizza
5063,2242,big_meat_s,1,02-07-15,11:57:32,12,12,S,Classic,"Bacon, Pepperoni, Italian Sausage, Chorizo Sausage",The Big Meat Pizza
5064,2242,cali_ckn_s,1,02-07-15,11:57:32,12.75,12.75,S,Chicken,"Chicken, Artichoke, Spinach, Garlic, Jalapeno Peppers, Fontina Cheese, Gouda Cheese",The California Chicken Pizza
5065,2242,ital_cpcllo_m,1,02-07-15,11:57:32,16,16,M,Classic,"Capocollo, Red Peppers, Tomatoes, Goat Cheese, Garlic, Oregano",The Italian Capocollo Pizza
5066,2242,ital_supr_m,1,02-07-15,11:57:32,16.5,16.5,M,Supreme,"Calabrese Salami, Capocollo, Tomatoes, Red Onions, Green Olives, Garlic",The Italian Supreme Pizza
5067,2242,mexicana_m,1,02-07-15,11:57:32,16,16,M,Veggie,"Tomatoes, Red Peppers, Jalapeno Peppers, Red Onions, Cilantro, Corn, Chipotle Sauce, Garlic",The Mexicana Pizza
5068,2243,bbq_ckn_s,1,02-07-15,12:22:59,12.75,12.75,S,Chicken,"Barbecued Chicken, Red Peppers, Green Peppers, Tomatoes, Red Onions, Barbecue Sauce",The Barbecue Chicken Pizza
5069,2243,ckn_pesto_l,1,02-07-15,12:22:59,20.75,20.75,L,Chicken,"Chicken, Tomatoes, Red Peppers, Spinach, Garlic, Pesto Sauce",The Chicken Pesto Pizza
5070,2244,veggie_veg_s,1,02-07-15,12:24:36,12,12,S,Veggie,"Mushrooms, Tomatoes, Red Peppers, Green Peppers, Red Onions, Zucchini, Spinach, Garlic",The Vegetables + Vegetables Pizza
5071,2245,spicy_ital_l,1,02-07-15,12:30:31,20.75,20.75,L,Supreme,"Capocollo, Tomatoes, Goat Cheese, Artichokes, Peperoncini verdi, Garlic",The Spicy Italian Pizza
5072,2246,cali_ckn_m,1,02-07-15,12:52:30,16.75,16.75,M,Chicken,"Chicken, Artichoke, Spinach, Garlic, Jalapeno Peppers, Fontina Cheese, Gouda Cheese",The California Chicken Pizza
5073,2246,classic_dlx_s,1,02-07-15,12:52:30,12,12,S,Classic,"Pepperoni, Mushrooms, Red Onions, Red Peppers, Bacon",The Classic Deluxe Pizza
5074,2247,sicilian_l,1,02-07-15,13:15:55,20.25,20.25,L,Supreme,"Coarse Sicilian Salami, Tomatoes, Green Olives, Luganega Sausage, Onions, Garlic",The Sicilian Pizza
5075,2248,ckn_alfredo_m,1,02-07-15,13:22:06,16.75,16.75,M,Chicken,"Chicken, Red Onions, Red Peppers, Mushrooms, Asiago Cheese, Alfredo Sauce",The Chicken Alfredo Pizza
5076,2248,southw_ckn_l,1,02-07-15,13:22:06,20.75,20.75,L,Chicken,"Chicken, Tomatoes, Red Peppers, Red Onions, Jalapeno Peppers, Corn, Cilantro, Chipotle Sauce",The Southwest Chicken Pizza
5077,2249,spin_pesto_m,1,02-07-15,13:24:15,16.5,16.5,M,Veggie,"Spinach, Artichokes, Tomatoes, Sun-dried Tomatoes, Garlic, Pesto Sauce",The Spinach Pesto Pizza
5078,2250,prsc_argla_m,1,02-07-15,13:31:14,16.5,16.5,M,Supreme,"Prosciutto di San Daniele, Arugula, Mozzarella Cheese",The Prosciutto and Arugula Pizza
5079,2251,thai_ckn_s,1,02-07-15,13:58:00,12.75,12.75,S,Chicken,"Chicken, Pineapple, Tomatoes, Red Peppers, Thai Sweet Chilli Sauce",The Thai Chicken Pizza
5080,2251,the_greek_l,1,02-07-15,13:58:00,20.5,20.5,L,Classic,"Kalamata Olives, Feta Cheese, Tomatoes, Garlic, Beef Chuck Roast, Red Onions",The Greek Pizza
5081,2252,big_meat_s,1,02-07-15,14:32:17,12,12,S,Classic,"Bacon, Pepperoni, Italian Sausage, Chorizo Sausage",The Big Meat Pizza
5082,2252,veggie_veg_s,1,02-07-15,14:32:17,12,12,S,Veggie,"Mushrooms, Tomatoes, Red Peppers, Green Peppers, Red Onions, Zucchini, Spinach, Garlic",The Vegetables + Vegetables Pizza
5083,2253,bbq_ckn_l,1,02-07-15,14:54:01,20.75,20.75,L,Chicken,"Barbecued Chicken, Red Peppers, Green Peppers, Tomatoes, Red Onions, Barbecue Sauce",The Barbecue Chicken Pizza
5084,2254,bbq_ckn_m,2,02-07-15,15:00:58,16.75,33.5,M,Chicken,"Barbecued Chicken, Red Peppers, Green Peppers, Tomatoes, Red Onions, Barbecue Sauce",The Barbecue Chicken Pizza
5085,2254,brie_carre_s,1,02-07-15,15:00:58,23.65,23.65,S,Supreme,"Brie Carre Cheese, Prosciutto, Caramelized Onions, Pears, Thyme, Garlic",The Brie Carre Pizza
5086,2254,classic_dlx_s,1,02-07-15,15:00:58,12,12,S,Classic,"Pepperoni, Mushrooms, Red Onions, Red Peppers, Bacon",The Classic Deluxe Pizza
5087,2254,ital_supr_l,1,02-07-15,15:00:58,20.75,20.75,L,Supreme,"Calabrese Salami, Capocollo, Tomatoes, Red Onions, Green Olives, Garlic",The Italian Supreme Pizza
5088,2254,ital_supr_m,1,02-07-15,15:00:58,16.5,16.5,M,Supreme,"Calabrese Salami, Capocollo, Tomatoes, Red Onions, Green Olives, Garlic",The Italian Supreme Pizza
5089,2254,ital_veggie_m,1,02-07-15,15:00:58,16.75,16.75,M,Veggie,"Eggplant, Artichokes, Tomatoes, Zucchini, Red Peppers, Garlic, Pesto Sauce",The Italian Vegetables Pizza
5090,2254,sicilian_l,1,02-07-15,15:00:58,20.25,20.25,L,Supreme,"Coarse Sicilian Salami, Tomatoes, Green Olives, Luganega Sausage, Onions, Garlic",The Sicilian Pizza
5091,2254,thai_ckn_s,1,02-07-15,15:00:58,12.75,12.75,S,Chicken,"Chicken, Pineapple, Tomatoes, Red Peppers, Thai Sweet Chilli Sauce",The Thai Chicken Pizza
5092,2254,veggie_veg_m,1,02-07-15,15:00:58,16,16,M,Veggie,"Mushrooms, Tomatoes, Red Peppers, Green Peppers, Red Onions, Zucchini, Spinach, Garlic",The Vegetables + Vegetables Pizza
5093,2255,big_meat_s,1,02-07-15,15:15:54,12,12,S,Classic,"Bacon, Pepperoni, Italian Sausage, Chorizo Sausage",The Big Meat Pizza
5094,2255,classic_dlx_s,1,02-07-15,15:15:54,12,12,S,Classic,"Pepperoni, Mushrooms, Red Onions, Red Peppers, Bacon",The Classic Deluxe Pizza
5095,2255,spicy_ital_l,1,02-07-15,15:15:54,20.75,20.75,L,Supreme,"Capocollo, Tomatoes, Goat Cheese, Artichokes, Peperoncini verdi, Garlic",The Spicy Italian Pizza
5096,2256,four_cheese_m,1,02-07-15,15:22:04,14.75,14.75,M,Veggie,"Ricotta Cheese, Gorgonzola Piccante Cheese, Mozzarella Cheese, Parmigiano Reggiano Cheese, Garlic",The Four Cheese Pizza
5097,2256,pepperoni_l,1,02-07-15,15:22:04,15.25,15.25,L,Classic,"Mozzarella Cheese, Pepperoni",The Pepperoni Pizza
5098,2256,thai_ckn_m,1,02-07-15,15:22:04,16.75,16.75,M,Chicken,"Chicken, Pineapple, Tomatoes, Red Peppers, Thai Sweet Chilli Sauce",The Thai Chicken Pizza
5099,2256,veggie_veg_m,1,02-07-15,15:22:04,16,16,M,Veggie,"Mushrooms, Tomatoes, Red Peppers, Green Peppers, Red Onions, Zucchini, Spinach, Garlic",The Vegetables + Vegetables Pizza
5100,2257,big_meat_s,1,02-07-15,15:28:55,12,12,S,Classic,"Bacon, Pepperoni, Italian Sausage, Chorizo Sausage",The Big Meat Pizza
5101,2257,ital_supr_l,1,02-07-15,15:28:55,20.75,20.75,L,Supreme,"Calabrese Salami, Capocollo, Tomatoes, Red Onions, Green Olives, Garlic",The Italian Supreme Pizza
5102,2257,thai_ckn_l,1,02-07-15,15:28:55,20.75,20.75,L,Chicken,"Chicken, Pineapple, Tomatoes, Red Peppers, Thai Sweet Chilli Sauce",The Thai Chicken Pizza
5103,2258,the_greek_xl,1,02-07-15,15:34:05,25.5,25.5,XL,Classic,"Kalamata Olives, Feta Cheese, Tomatoes, Garlic, Beef Chuck Roast, Red Onions",The Greek Pizza
5104,2259,prsc_argla_m,1,02-07-15,15:41:25,16.5,16.5,M,Supreme,"Prosciutto di San Daniele, Arugula, Mozzarella Cheese",The Prosciutto and Arugula Pizza
5105,2260,bbq_ckn_m,1,02-07-15,15:43:28,16.75,16.75,M,Chicken,"Barbecued Chicken, Red Peppers, Green Peppers, Tomatoes, Red Onions, Barbecue Sauce",The Barbecue Chicken Pizza
5106,2260,brie_carre_s,1,02-07-15,15:43:28,23.65,23.65,S,Supreme,"Brie Carre Cheese, Prosciutto, Caramelized Onions, Pears, Thyme, Garlic",The Brie Carre Pizza
5107,2260,spin_pesto_s,1,02-07-15,15:43:28,12.5,12.5,S,Veggie,"Spinach, Artichokes, Tomatoes, Sun-dried Tomatoes, Garlic, Pesto Sauce",The Spinach Pesto Pizza
5108,2260,spinach_fet_s,1,02-07-15,15:43:28,12,12,S,Veggie,"Spinach, Mushrooms, Red Onions, Feta Cheese, Garlic",The Spinach and Feta Pizza
5109,2261,ital_cpcllo_m,1,02-07-15,15:48:00,16,16,M,Classic,"Capocollo, Red Peppers, Tomatoes, Goat Cheese, Garlic, Oregano",The Italian Capocollo Pizza
5110,2262,four_cheese_m,1,02-07-15,16:36:54,14.75,14.75,M,Veggie,"Ricotta Cheese, Gorgonzola Piccante Cheese, Mozzarella Cheese, Parmigiano Reggiano Cheese, Garlic",The Four Cheese Pizza
5111,2262,prsc_argla_s,1,02-07-15,16:36:54,12.5,12.5,S,Supreme,"Prosciutto di San Daniele, Arugula, Mozzarella Cheese",The Prosciutto and Arugula Pizza
5112,2263,cali_ckn_m,1,02-07-15,16:42:45,16.75,16.75,M,Chicken,"Chicken, Artichoke, Spinach, Garlic, Jalapeno Peppers, Fontina Cheese, Gouda Cheese",The California Chicken Pizza
5113,2263,spicy_ital_l,1,02-07-15,16:42:45,20.75,20.75,L,Supreme,"Capocollo, Tomatoes, Goat Cheese, Artichokes, Peperoncini verdi, Garlic",The Spicy Italian Pizza
5114,2264,ital_cpcllo_l,1,02-07-15,16:46:03,20.5,20.5,L,Classic,"Capocollo, Red Peppers, Tomatoes, Goat Cheese, Garlic, Oregano",The Italian Capocollo Pizza
5115,2264,spinach_fet_m,1,02-07-15,16:46:03,16,16,M,Veggie,"Spinach, Mushrooms, Red Onions, Feta Cheese, Garlic",The Spinach and Feta Pizza
5116,2265,bbq_ckn_m,1,02-07-15,17:05:42,16.75,16.75,M,Chicken,"Barbecued Chicken, Red Peppers, Green Peppers, Tomatoes, Red Onions, Barbecue Sauce",The Barbecue Chicken Pizza
5117,2265,green_garden_s,1,02-07-15,17:05:42,12,12,S,Veggie,"Spinach, Mushrooms, Tomatoes, Green Olives, Feta Cheese",The Green Garden Pizza
5118,2265,hawaiian_s,1,02-07-15,17:05:42,10.5,10.5,S,Classic,"Sliced Ham, Pineapple, Mozzarella Cheese",The Hawaiian Pizza
5119,2265,veggie_veg_l,1,02-07-15,17:05:42,20.25,20.25,L,Veggie,"Mushrooms, Tomatoes, Red Peppers, Green Peppers, Red Onions, Zucchini, Spinach, Garlic",The Vegetables + Vegetables Pizza
5120,2266,spinach_fet_s,1,02-07-15,17:20:38,12,12,S,Veggie,"Spinach, Mushrooms, Red Onions, Feta Cheese, Garlic",The Spinach and Feta Pizza
5121,2267,ckn_alfredo_m,1,02-07-15,17:22:30,16.75,16.75,M,Chicken,"Chicken, Red Onions, Red Peppers, Mushrooms, Asiago Cheese, Alfredo Sauce",The Chicken Alfredo Pizza
5122,2267,classic_dlx_m,1,02-07-15,17:22:30,16,16,M,Classic,"Pepperoni, Mushrooms, Red Onions, Red Peppers, Bacon",The Classic Deluxe Pizza
5123,2267,soppressata_s,1,02-07-15,17:22:30,12.5,12.5,S,Supreme,"Soppressata Salami, Fontina Cheese, Mozzarella Cheese, Mushrooms, Garlic",The Soppressata Pizza
5124,2268,southw_ckn_m,1,02-07-15,17:27:05,16.75,16.75,M,Chicken,"Chicken, Tomatoes, Red Peppers, Red Onions, Jalapeno Peppers, Corn, Cilantro, Chipotle Sauce",The Southwest Chicken Pizza
5125,2269,big_meat_s,1,02-07-15,17:40:20,12,12,S,Classic,"Bacon, Pepperoni, Italian Sausage, Chorizo Sausage",The Big Meat Pizza
5126,2269,ital_supr_l,1,02-07-15,17:40:20,20.75,20.75,L,Supreme,"Calabrese Salami, Capocollo, Tomatoes, Red Onions, Green Olives, Garlic",The Italian Supreme Pizza
5127,2270,sicilian_s,1,02-07-15,17:57:15,12.25,12.25,S,Supreme,"Coarse Sicilian Salami, Tomatoes, Green Olives, Luganega Sausage, Onions, Garlic",The Sicilian Pizza
5128,2270,thai_ckn_m,1,02-07-15,17:57:15,16.75,16.75,M,Chicken,"Chicken, Pineapple, Tomatoes, Red Peppers, Thai Sweet Chilli Sauce",The Thai Chicken Pizza
5129,2271,southw_ckn_s,1,02-07-15,18:09:56,12.75,12.75,S,Chicken,"Chicken, Tomatoes, Red Peppers, Red Onions, Jalapeno Peppers, Corn, Cilantro, Chipotle Sauce",The Southwest Chicken Pizza
5130,2272,ckn_pesto_l,1,02-07-15,18:17:46,20.75,20.75,L,Chicken,"Chicken, Tomatoes, Red Peppers, Spinach, Garlic, Pesto Sauce",The Chicken Pesto Pizza
5131,2272,ital_veggie_m,1,02-07-15,18:17:46,16.75,16.75,M,Veggie,"Eggplant, Artichokes, Tomatoes, Zucchini, Red Peppers, Garlic, Pesto Sauce",The Italian Vegetables Pizza
5132,2272,peppr_salami_l,1,02-07-15,18:17:46,20.75,20.75,L,Supreme,"Genoa Salami, Capocollo, Pepperoni, Tomatoes, Asiago Cheese, Garlic",The Pepper Salami Pizza
5133,2272,spinach_fet_s,1,02-07-15,18:17:46,12,12,S,Veggie,"Spinach, Mushrooms, Red Onions, Feta Cheese, Garlic",The Spinach and Feta Pizza
5134,2273,big_meat_s,1,02-07-15,18:31:29,12,12,S,Classic,"Bacon, Pepperoni, Italian Sausage, Chorizo Sausage",The Big Meat Pizza
5135,2273,calabrese_s,1,02-07-15,18:31:29,12.25,12.25,S,Supreme,"æ…›duja Salami, Pancetta, Tomatoes, Red Onions, Friggitello Peppers, Garlic",The Calabrese Pizza
5136,2273,ital_cpcllo_l,1,02-07-15,18:31:29,20.5,20.5,L,Classic,"Capocollo, Red Peppers, Tomatoes, Goat Cheese, Garlic, Oregano",The Italian Capocollo Pizza
5137,2274,veggie_veg_m,1,02-07-15,18:35:51,16,16,M,Veggie,"Mushrooms, Tomatoes, Red Peppers, Green Peppers, Red Onions, Zucchini, Spinach, Garlic",The Vegetables + Vegetables Pizza
5138,2275,classic_dlx_m,1,02-07-15,18:42:49,16,16,M,Classic,"Pepperoni, Mushrooms, Red Onions, Red Peppers, Bacon",The Classic Deluxe Pizza
5139,2275,hawaiian_l,1,02-07-15,18:42:49,16.5,16.5,L,Classic,"Sliced Ham, Pineapple, Mozzarella Cheese",The Hawaiian Pizza
5140,2276,ckn_alfredo_m,1,02-07-15,18:44:16,16.75,16.75,M,Chicken,"Chicken, Red Onions, Red Peppers, Mushrooms, Asiago Cheese, Alfredo Sauce",The Chicken Alfredo Pizza
5141,2277,calabrese_m,1,02-07-15,18:53:49,16.25,16.25,M,Supreme,"æ…›duja Salami, Pancetta, Tomatoes, Red Onions, Friggitello Peppers, Garlic",The Calabrese Pizza
5142,2277,four_cheese_l,1,02-07-15,18:53:49,17.95,17.95,L,Veggie,"Ricotta Cheese, Gorgonzola Piccante Cheese, Mozzarella Cheese, Parmigiano Reggiano Cheese, Garlic",The Four Cheese Pizza
5143,2277,four_cheese_m,1,02-07-15,18:53:49,14.75,14.75,M,Veggie,"Ricotta Cheese, Gorgonzola Piccante Cheese, Mozzarella Cheese, Parmigiano Reggiano Cheese, Garlic",The Four Cheese Pizza
5144,2277,soppressata_m,1,02-07-15,18:53:49,16.5,16.5,M,Supreme,"Soppressata Salami, Fontina Cheese, Mozzarella Cheese, Mushrooms, Garlic",The Soppressata Pizza
5145,2278,spinach_fet_l,1,02-07-15,19:02:51,20.25,20.25,L,Veggie,"Spinach, Mushrooms, Red Onions, Feta Cheese, Garlic",The Spinach and Feta Pizza
5146,2278,veggie_veg_m,1,02-07-15,19:02:51,16,16,M,Veggie,"Mushrooms, Tomatoes, Red Peppers, Green Peppers, Red Onions, Zucchini, Spinach, Garlic",The Vegetables + Vegetables Pizza
5147,2279,four_cheese_l,1,02-07-15,19:13:49,17.95,17.95,L,Veggie,"Ricotta Cheese, Gorgonzola Piccante Cheese, Mozzarella Cheese, Parmigiano Reggiano Cheese, Garlic",The Four Cheese Pizza
5148,2280,ital_supr_l,1,02-07-15,19:14:00,20.75,20.75,L,Supreme,"Calabrese Salami, Capocollo, Tomatoes, Red Onions, Green Olives, Garlic",The Italian Supreme Pizza
5149,2280,pepperoni_s,1,02-07-15,19:14:00,9.75,9.75,S,Classic,"Mozzarella Cheese, Pepperoni",The Pepperoni Pizza
5150,2280,prsc_argla_s,1,02-07-15,19:14:00,12.5,12.5,S,Supreme,"Prosciutto di San Daniele, Arugula, Mozzarella Cheese",The Prosciutto and Arugula Pizza
5151,2280,spinach_fet_m,1,02-07-15,19:14:00,16,16,M,Veggie,"Spinach, Mushrooms, Red Onions, Feta Cheese, Garlic",The Spinach and Feta Pizza
5152,2281,spinach_fet_l,1,02-07-15,19:15:58,20.25,20.25,L,Veggie,"Spinach, Mushrooms, Red Onions, Feta Cheese, Garlic",The Spinach and Feta Pizza
5153,2282,the_greek_m,1,02-07-15,19:33:21,16,16,M,Classic,"Kalamata Olives, Feta Cheese, Tomatoes, Garlic, Beef Chuck Roast, Red Onions",The Greek Pizza
5154,2283,ckn_alfredo_m,1,02-07-15,19:34:04,16.75,16.75,M,Chicken,"Chicken, Red Onions, Red Peppers, Mushrooms, Asiago Cheese, Alfredo Sauce",The Chicken Alfredo Pizza
5155,2283,five_cheese_l,1,02-07-15,19:34:04,18.5,18.5,L,Veggie,"Mozzarella Cheese, Provolone Cheese, Smoked Gouda Cheese, Romano Cheese, Blue Cheese, Garlic",The Five Cheese Pizza
5156,2283,green_garden_s,1,02-07-15,19:34:04,12,12,S,Veggie,"Spinach, Mushrooms, Tomatoes, Green Olives, Feta Cheese",The Green Garden Pizza
5157,2283,mexicana_s,1,02-07-15,19:34:04,12,12,S,Veggie,"Tomatoes, Red Peppers, Jalapeno Peppers, Red Onions, Cilantro, Corn, Chipotle Sauce, Garlic",The Mexicana Pizza
5158,2284,cali_ckn_m,1,02-07-15,19:35:53,16.75,16.75,M,Chicken,"Chicken, Artichoke, Spinach, Garlic, Jalapeno Peppers, Fontina Cheese, Gouda Cheese",The California Chicken Pizza
5159,2284,classic_dlx_m,1,02-07-15,19:35:53,16,16,M,Classic,"Pepperoni, Mushrooms, Red Onions, Red Peppers, Bacon",The Classic Deluxe Pizza
5160,2284,ital_cpcllo_s,1,02-07-15,19:35:53,12,12,S,Classic,"Capocollo, Red Peppers, Tomatoes, Goat Cheese, Garlic, Oregano",The Italian Capocollo Pizza
5161,2285,ital_supr_l,1,02-07-15,19:38:29,20.75,20.75,L,Supreme,"Calabrese Salami, Capocollo, Tomatoes, Red Onions, Green Olives, Garlic",The Italian Supreme Pizza
5162,2286,ital_cpcllo_l,1,02-07-15,19:42:45,20.5,20.5,L,Classic,"Capocollo, Red Peppers, Tomatoes, Goat Cheese, Garlic, Oregano",The Italian Capocollo Pizza
5163,2287,ital_supr_l,1,02-07-15,20:13:16,20.75,20.75,L,Supreme,"Calabrese Salami, Capocollo, Tomatoes, Red Onions, Green Olives, Garlic",The Italian Supreme Pizza
5164,2288,thai_ckn_l,1,02-07-15,20:20:41,20.75,20.75,L,Chicken,"Chicken, Pineapple, Tomatoes, Red Peppers, Thai Sweet Chilli Sauce",The Thai Chicken Pizza
5165,2289,cali_ckn_l,1,02-07-15,20:29:43,20.75,20.75,L,Chicken,"Chicken, Artichoke, Spinach, Garlic, Jalapeno Peppers, Fontina Cheese, Gouda Cheese",The California Chicken Pizza
5166,2289,prsc_argla_m,1,02-07-15,20:29:43,16.5,16.5,M,Supreme,"Prosciutto di San Daniele, Arugula, Mozzarella Cheese",The Prosciutto and Arugula Pizza
5167,2289,sicilian_s,1,02-07-15,20:29:43,12.25,12.25,S,Supreme,"Coarse Sicilian Salami, Tomatoes, Green Olives, Luganega Sausage, Onions, Garlic",The Sicilian Pizza
5168,2289,spinach_fet_m,1,02-07-15,20:29:43,16,16,M,Veggie,"Spinach, Mushrooms, Red Onions, Feta Cheese, Garlic",The Spinach and Feta Pizza
5169,2290,ital_cpcllo_m,1,02-07-15,20:47:23,16,16,M,Classic,"Capocollo, Red Peppers, Tomatoes, Goat Cheese, Garlic, Oregano",The Italian Capocollo Pizza
5170,2291,cali_ckn_l,1,02-07-15,20:55:05,20.75,20.75,L,Chicken,"Chicken, Artichoke, Spinach, Garlic, Jalapeno Peppers, Fontina Cheese, Gouda Cheese",The California Chicken Pizza
5171,2291,cali_ckn_m,1,02-07-15,20:55:05,16.75,16.75,M,Chicken,"Chicken, Artichoke, Spinach, Garlic, Jalapeno Peppers, Fontina Cheese, Gouda Cheese",The California Chicken Pizza
5172,2291,five_cheese_l,1,02-07-15,20:55:05,18.5,18.5,L,Veggie,"Mozzarella Cheese, Provolone Cheese, Smoked Gouda Cheese, Romano Cheese, Blue Cheese, Garlic",The Five Cheese Pizza
5173,2292,classic_dlx_m,1,02-07-15,20:57:53,16,16,M,Classic,"Pepperoni, Mushrooms, Red Onions, Red Peppers, Bacon",The Classic Deluxe Pizza
5174,2292,pepperoni_s,1,02-07-15,20:57:53,9.75,9.75,S,Classic,"Mozzarella Cheese, Pepperoni",The Pepperoni Pizza
5175,2292,prsc_argla_l,1,02-07-15,20:57:53,20.75,20.75,L,Supreme,"Prosciutto di San Daniele, Arugula, Mozzarella Cheese",The Prosciutto and Arugula Pizza
5176,2292,southw_ckn_s,1,02-07-15,20:57:53,12.75,12.75,S,Chicken,"Chicken, Tomatoes, Red Peppers, Red Onions, Jalapeno Peppers, Corn, Cilantro, Chipotle Sauce",The Southwest Chicken Pizza
5177,2293,bbq_ckn_s,1,02-07-15,21:14:52,12.75,12.75,S,Chicken,"Barbecued Chicken, Red Peppers, Green Peppers, Tomatoes, Red Onions, Barbecue Sauce",The Barbecue Chicken Pizza
5178,2293,spicy_ital_l,1,02-07-15,21:14:52,20.75,20.75,L,Supreme,"Capocollo, Tomatoes, Goat Cheese, Artichokes, Peperoncini verdi, Garlic",The Spicy Italian Pizza
5179,2294,prsc_argla_s,1,02-07-15,21:16:09,12.5,12.5,S,Supreme,"Prosciutto di San Daniele, Arugula, Mozzarella Cheese",The Prosciutto and Arugula Pizza
5180,2295,prsc_argla_m,1,02-07-15,21:21:53,16.5,16.5,M,Supreme,"Prosciutto di San Daniele, Arugula, Mozzarella Cheese",The Prosciutto and Arugula Pizza
5181,2296,cali_ckn_s,1,02-07-15,21:24:01,12.75,12.75,S,Chicken,"Chicken, Artichoke, Spinach, Garlic, Jalapeno Peppers, Fontina Cheese, Gouda Cheese",The California Chicken Pizza
5182,2296,ital_supr_m,1,02-07-15,21:24:01,16.5,16.5,M,Supreme,"Calabrese Salami, Capocollo, Tomatoes, Red Onions, Green Olives, Garlic",The Italian Supreme Pizza
5183,2296,southw_ckn_l,1,02-07-15,21:24:01,20.75,20.75,L,Chicken,"Chicken, Tomatoes, Red Peppers, Red Onions, Jalapeno Peppers, Corn, Cilantro, Chipotle Sauce",The Southwest Chicken Pizza
5184,2296,spicy_ital_l,1,02-07-15,21:24:01,20.75,20.75,L,Supreme,"Capocollo, Tomatoes, Goat Cheese, Artichokes, Peperoncini verdi, Garlic",The Spicy Italian Pizza
5185,2297,green_garden_s,1,02-07-15,21:35:12,12,12,S,Veggie,"Spinach, Mushrooms, Tomatoes, Green Olives, Feta Cheese",The Green Garden Pizza
5186,2298,ckn_pesto_l,1,02-07-15,21:40:33,20.75,20.75,L,Chicken,"Chicken, Tomatoes, Red Peppers, Spinach, Garlic, Pesto Sauce",The Chicken Pesto Pizza
5187,2298,classic_dlx_s,1,02-07-15,21:40:33,12,12,S,Classic,"Pepperoni, Mushrooms, Red Onions, Red Peppers, Bacon",The Classic Deluxe Pizza
5188,2298,southw_ckn_l,1,02-07-15,21:40:33,20.75,20.75,L,Chicken,"Chicken, Tomatoes, Red Peppers, Red Onions, Jalapeno Peppers, Corn, Cilantro, Chipotle Sauce",The Southwest Chicken Pizza
5189,2298,thai_ckn_l,1,02-07-15,21:40:33,20.75,20.75,L,Chicken,"Chicken, Pineapple, Tomatoes, Red Peppers, Thai Sweet Chilli Sauce",The Thai Chicken Pizza
5190,2299,prsc_argla_m,1,02-07-15,21:55:00,16.5,16.5,M,Supreme,"Prosciutto di San Daniele, Arugula, Mozzarella Cheese",The Prosciutto and Arugula Pizza
5191,2299,the_greek_l,1,02-07-15,21:55:00,20.5,20.5,L,Classic,"Kalamata Olives, Feta Cheese, Tomatoes, Garlic, Beef Chuck Roast, Red Onions",The Greek Pizza
5192,2300,four_cheese_l,1,02-07-15,21:59:07,17.95,17.95,L,Veggie,"Ricotta Cheese, Gorgonzola Piccante Cheese, Mozzarella Cheese, Parmigiano Reggiano Cheese, Garlic",The Four Cheese Pizza
5193,2301,calabrese_m,1,02-07-15,22:10:57,16.25,16.25,M,Supreme,"æ…›duja Salami, Pancetta, Tomatoes, Red Onions, Friggitello Peppers, Garlic",The Calabrese Pizza
5194,2301,cali_ckn_m,1,02-07-15,22:10:57,16.75,16.75,M,Chicken,"Chicken, Artichoke, Spinach, Garlic, Jalapeno Peppers, Fontina Cheese, Gouda Cheese",The California Chicken Pizza
5195,2302,five_cheese_l,1,02-08-15,11:46:15,18.5,18.5,L,Veggie,"Mozzarella Cheese, Provolone Cheese, Smoked Gouda Cheese, Romano Cheese, Blue Cheese, Garlic",The Five Cheese Pizza
5196,2302,ital_cpcllo_l,1,02-08-15,11:46:15,20.5,20.5,L,Classic,"Capocollo, Red Peppers, Tomatoes, Goat Cheese, Garlic, Oregano",The Italian Capocollo Pizza
5197,2303,ckn_alfredo_l,1,02-08-15,12:10:20,20.75,20.75,L,Chicken,"Chicken, Red Onions, Red Peppers, Mushrooms, Asiago Cheese, Alfredo Sauce",The Chicken Alfredo Pizza
5198,2303,the_greek_l,1,02-08-15,12:10:20,20.5,20.5,L,Classic,"Kalamata Olives, Feta Cheese, Tomatoes, Garlic, Beef Chuck Roast, Red Onions",The Greek Pizza
5199,2304,big_meat_s,1,02-08-15,12:22:04,12,12,S,Classic,"Bacon, Pepperoni, Italian Sausage, Chorizo Sausage",The Big Meat Pizza
5200,2304,mediterraneo_l,1,02-08-15,12:22:04,20.25,20.25,L,Veggie,"Spinach, Artichokes, Kalamata Olives, Sun-dried Tomatoes, Feta Cheese, Plum Tomatoes, Red Onions",The Mediterranean Pizza
5201,2305,big_meat_s,1,02-08-15,12:27:40,12,12,S,Classic,"Bacon, Pepperoni, Italian Sausage, Chorizo Sausage",The Big Meat Pizza
5202,2306,pepperoni_l,1,02-08-15,12:45:27,15.25,15.25,L,Classic,"Mozzarella Cheese, Pepperoni",The Pepperoni Pizza
5203,2306,pepperoni_m,1,02-08-15,12:45:27,12.5,12.5,M,Classic,"Mozzarella Cheese, Pepperoni",The Pepperoni Pizza
5204,2306,prsc_argla_s,1,02-08-15,12:45:27,12.5,12.5,S,Supreme,"Prosciutto di San Daniele, Arugula, Mozzarella Cheese",The Prosciutto and Arugula Pizza
5205,2307,spinach_fet_l,1,02-08-15,12:51:06,20.25,20.25,L,Veggie,"Spinach, Mushrooms, Red Onions, Feta Cheese, Garlic",The Spinach and Feta Pizza
5206,2308,ital_supr_l,1,02-08-15,13:03:37,20.75,20.75,L,Supreme,"Calabrese Salami, Capocollo, Tomatoes, Red Onions, Green Olives, Garlic",The Italian Supreme Pizza
5207,2308,prsc_argla_s,1,02-08-15,13:03:37,12.5,12.5,S,Supreme,"Prosciutto di San Daniele, Arugula, Mozzarella Cheese",The Prosciutto and Arugula Pizza
5208,2308,spin_pesto_l,1,02-08-15,13:03:37,20.75,20.75,L,Veggie,"Spinach, Artichokes, Tomatoes, Sun-dried Tomatoes, Garlic, Pesto Sauce",The Spinach Pesto Pizza
5209,2309,bbq_ckn_m,1,02-08-15,13:06:36,16.75,16.75,M,Chicken,"Barbecued Chicken, Red Peppers, Green Peppers, Tomatoes, Red Onions, Barbecue Sauce",The Barbecue Chicken Pizza
5210,2309,cali_ckn_m,2,02-08-15,13:06:36,16.75,33.5,M,Chicken,"Chicken, Artichoke, Spinach, Garlic, Jalapeno Peppers, Fontina Cheese, Gouda Cheese",The California Chicken Pizza
5211,2309,ckn_alfredo_m,1,02-08-15,13:06:36,16.75,16.75,M,Chicken,"Chicken, Red Onions, Red Peppers, Mushrooms, Asiago Cheese, Alfredo Sauce",The Chicken Alfredo Pizza
5212,2309,ckn_pesto_l,1,02-08-15,13:06:36,20.75,20.75,L,Chicken,"Chicken, Tomatoes, Red Peppers, Spinach, Garlic, Pesto Sauce",The Chicken Pesto Pizza
5213,2309,four_cheese_l,1,02-08-15,13:06:36,17.95,17.95,L,Veggie,"Ricotta Cheese, Gorgonzola Piccante Cheese, Mozzarella Cheese, Parmigiano Reggiano Cheese, Garlic",The Four Cheese Pizza
5214,2309,ital_supr_l,1,02-08-15,13:06:36,20.75,20.75,L,Supreme,"Calabrese Salami, Capocollo, Tomatoes, Red Onions, Green Olives, Garlic",The Italian Supreme Pizza
5215,2309,mexicana_s,1,02-08-15,13:06:36,12,12,S,Veggie,"Tomatoes, Red Peppers, Jalapeno Peppers, Red Onions, Cilantro, Corn, Chipotle Sauce, Garlic",The Mexicana Pizza
5216,2309,spicy_ital_l,1,02-08-15,13:06:36,20.75,20.75,L,Supreme,"Capocollo, Tomatoes, Goat Cheese, Artichokes, Peperoncini verdi, Garlic",The Spicy Italian Pizza
5217,2309,spin_pesto_s,1,02-08-15,13:06:36,12.5,12.5,S,Veggie,"Spinach, Artichokes, Tomatoes, Sun-dried Tomatoes, Garlic, Pesto Sauce",The Spinach Pesto Pizza
5218,2310,pepperoni_l,1,02-08-15,13:38:04,15.25,15.25,L,Classic,"Mozzarella Cheese, Pepperoni",The Pepperoni Pizza
5219,2311,spinach_fet_m,1,02-08-15,13:38:52,16,16,M,Veggie,"Spinach, Mushrooms, Red Onions, Feta Cheese, Garlic",The Spinach and Feta Pizza
5220,2312,hawaiian_l,1,02-08-15,14:10:27,16.5,16.5,L,Classic,"Sliced Ham, Pineapple, Mozzarella Cheese",The Hawaiian Pizza
5221,2312,mediterraneo_s,1,02-08-15,14:10:27,12,12,S,Veggie,"Spinach, Artichokes, Kalamata Olives, Sun-dried Tomatoes, Feta Cheese, Plum Tomatoes, Red Onions",The Mediterranean Pizza
5222,2312,southw_ckn_m,1,02-08-15,14:10:27,16.75,16.75,M,Chicken,"Chicken, Tomatoes, Red Peppers, Red Onions, Jalapeno Peppers, Corn, Cilantro, Chipotle Sauce",The Southwest Chicken Pizza
5223,2313,brie_carre_s,1,02-08-15,14:12:59,23.65,23.65,S,Supreme,"Brie Carre Cheese, Prosciutto, Caramelized Onions, Pears, Thyme, Garlic",The Brie Carre Pizza
5224,2313,hawaiian_l,1,02-08-15,14:12:59,16.5,16.5,L,Classic,"Sliced Ham, Pineapple, Mozzarella Cheese",The Hawaiian Pizza
5225,2314,big_meat_s,1,02-08-15,14:25:11,12,12,S,Classic,"Bacon, Pepperoni, Italian Sausage, Chorizo Sausage",The Big Meat Pizza
5226,2314,southw_ckn_s,1,02-08-15,14:25:11,12.75,12.75,S,Chicken,"Chicken, Tomatoes, Red Peppers, Red Onions, Jalapeno Peppers, Corn, Cilantro, Chipotle Sauce",The Southwest Chicken Pizza
5227,2314,spicy_ital_l,1,02-08-15,14:25:11,20.75,20.75,L,Supreme,"Capocollo, Tomatoes, Goat Cheese, Artichokes, Peperoncini verdi, Garlic",The Spicy Italian Pizza
5228,2315,five_cheese_l,1,02-08-15,14:33:52,18.5,18.5,L,Veggie,"Mozzarella Cheese, Provolone Cheese, Smoked Gouda Cheese, Romano Cheese, Blue Cheese, Garlic",The Five Cheese Pizza
5229,2315,ital_supr_m,1,02-08-15,14:33:52,16.5,16.5,M,Supreme,"Calabrese Salami, Capocollo, Tomatoes, Red Onions, Green Olives, Garlic",The Italian Supreme Pizza
5230,2315,pepperoni_s,1,02-08-15,14:33:52,9.75,9.75,S,Classic,"Mozzarella Cheese, Pepperoni",The Pepperoni Pizza
5231,2315,prsc_argla_l,1,02-08-15,14:33:52,20.75,20.75,L,Supreme,"Prosciutto di San Daniele, Arugula, Mozzarella Cheese",The Prosciutto and Arugula Pizza
5232,2316,hawaiian_s,1,02-08-15,14:37:47,10.5,10.5,S,Classic,"Sliced Ham, Pineapple, Mozzarella Cheese",The Hawaiian Pizza
5233,2317,bbq_ckn_m,1,02-08-15,14:49:35,16.75,16.75,M,Chicken,"Barbecued Chicken, Red Peppers, Green Peppers, Tomatoes, Red Onions, Barbecue Sauce",The Barbecue Chicken Pizza
5234,2317,pep_msh_pep_s,1,02-08-15,14:49:35,11,11,S,Classic,"Pepperoni, Mushrooms, Green Peppers","The Pepperoni, Mushroom, and Peppers Pizza"
5235,2317,peppr_salami_l,1,02-08-15,14:49:35,20.75,20.75,L,Supreme,"Genoa Salami, Capocollo, Pepperoni, Tomatoes, Asiago Cheese, Garlic",The Pepper Salami Pizza
5236,2317,sicilian_s,1,02-08-15,14:49:35,12.25,12.25,S,Supreme,"Coarse Sicilian Salami, Tomatoes, Green Olives, Luganega Sausage, Onions, Garlic",The Sicilian Pizza
5237,2318,spicy_ital_l,1,02-08-15,15:00:00,20.75,20.75,L,Supreme,"Capocollo, Tomatoes, Goat Cheese, Artichokes, Peperoncini verdi, Garlic",The Spicy Italian Pizza
5238,2319,peppr_salami_l,1,02-08-15,15:10:49,20.75,20.75,L,Supreme,"Genoa Salami, Capocollo, Pepperoni, Tomatoes, Asiago Cheese, Garlic",The Pepper Salami Pizza
5239,2319,prsc_argla_s,1,02-08-15,15:10:49,12.5,12.5,S,Supreme,"Prosciutto di San Daniele, Arugula, Mozzarella Cheese",The Prosciutto and Arugula Pizza
5240,2320,classic_dlx_l,1,02-08-15,15:27:41,20.5,20.5,L,Classic,"Pepperoni, Mushrooms, Red Onions, Red Peppers, Bacon",The Classic Deluxe Pizza
5241,2321,ital_supr_l,1,02-08-15,15:33:33,20.75,20.75,L,Supreme,"Calabrese Salami, Capocollo, Tomatoes, Red Onions, Green Olives, Garlic",The Italian Supreme Pizza
5242,2322,ckn_alfredo_s,1,02-08-15,15:46:13,12.75,12.75,S,Chicken,"Chicken, Red Onions, Red Peppers, Mushrooms, Asiago Cheese, Alfredo Sauce",The Chicken Alfredo Pizza
5243,2322,ital_cpcllo_m,1,02-08-15,15:46:13,16,16,M,Classic,"Capocollo, Red Peppers, Tomatoes, Goat Cheese, Garlic, Oregano",The Italian Capocollo Pizza
5244,2322,pepperoni_m,1,02-08-15,15:46:13,12.5,12.5,M,Classic,"Mozzarella Cheese, Pepperoni",The Pepperoni Pizza
5245,2322,thai_ckn_l,1,02-08-15,15:46:13,20.75,20.75,L,Chicken,"Chicken, Pineapple, Tomatoes, Red Peppers, Thai Sweet Chilli Sauce",The Thai Chicken Pizza
5246,2323,bbq_ckn_m,1,02-08-15,16:07:18,16.75,16.75,M,Chicken,"Barbecued Chicken, Red Peppers, Green Peppers, Tomatoes, Red Onions, Barbecue Sauce",The Barbecue Chicken Pizza
5247,2324,sicilian_s,1,02-08-15,16:16:21,12.25,12.25,S,Supreme,"Coarse Sicilian Salami, Tomatoes, Green Olives, Luganega Sausage, Onions, Garlic",The Sicilian Pizza
5248,2325,peppr_salami_l,1,02-08-15,16:28:32,20.75,20.75,L,Supreme,"Genoa Salami, Capocollo, Pepperoni, Tomatoes, Asiago Cheese, Garlic",The Pepper Salami Pizza
5249,2326,five_cheese_l,1,02-08-15,16:28:40,18.5,18.5,L,Veggie,"Mozzarella Cheese, Provolone Cheese, Smoked Gouda Cheese, Romano Cheese, Blue Cheese, Garlic",The Five Cheese Pizza
5250,2326,hawaiian_s,1,02-08-15,16:28:40,10.5,10.5,S,Classic,"Sliced Ham, Pineapple, Mozzarella Cheese",The Hawaiian Pizza
5251,2326,napolitana_s,1,02-08-15,16:28:40,12,12,S,Classic,"Tomatoes, Anchovies, Green Olives, Red Onions, Garlic",The Napolitana Pizza
5252,2326,thai_ckn_l,1,02-08-15,16:28:40,20.75,20.75,L,Chicken,"Chicken, Pineapple, Tomatoes, Red Peppers, Thai Sweet Chilli Sauce",The Thai Chicken Pizza
5253,2327,cali_ckn_l,1,02-08-15,16:58:21,20.75,20.75,L,Chicken,"Chicken, Artichoke, Spinach, Garlic, Jalapeno Peppers, Fontina Cheese, Gouda Cheese",The California Chicken Pizza
5254,2327,napolitana_l,1,02-08-15,16:58:21,20.5,20.5,L,Classic,"Tomatoes, Anchovies, Green Olives, Red Onions, Garlic",The Napolitana Pizza
5255,2328,cali_ckn_s,1,02-08-15,17:02:47,12.75,12.75,S,Chicken,"Chicken, Artichoke, Spinach, Garlic, Jalapeno Peppers, Fontina Cheese, Gouda Cheese",The California Chicken Pizza
5256,2329,hawaiian_s,1,02-08-15,17:19:00,10.5,10.5,S,Classic,"Sliced Ham, Pineapple, Mozzarella Cheese",The Hawaiian Pizza
5257,2329,spicy_ital_l,1,02-08-15,17:19:00,20.75,20.75,L,Supreme,"Capocollo, Tomatoes, Goat Cheese, Artichokes, Peperoncini verdi, Garlic",The Spicy Italian Pizza
5258,2329,spinach_supr_m,1,02-08-15,17:19:00,16.5,16.5,M,Supreme,"Spinach, Red Onions, Pepperoni, Tomatoes, Artichokes, Kalamata Olives, Garlic, Asiago Cheese",The Spinach Supreme Pizza
5259,2330,pepperoni_m,1,02-08-15,17:19:54,12.5,12.5,M,Classic,"Mozzarella Cheese, Pepperoni",The Pepperoni Pizza
5260,2330,prsc_argla_l,1,02-08-15,17:19:54,20.75,20.75,L,Supreme,"Prosciutto di San Daniele, Arugula, Mozzarella Cheese",The Prosciutto and Arugula Pizza
5261,2331,ital_veggie_m,1,02-08-15,17:20:08,16.75,16.75,M,Veggie,"Eggplant, Artichokes, Tomatoes, Zucchini, Red Peppers, Garlic, Pesto Sauce",The Italian Vegetables Pizza
5262,2331,spinach_fet_l,1,02-08-15,17:20:08,20.25,20.25,L,Veggie,"Spinach, Mushrooms, Red Onions, Feta Cheese, Garlic",The Spinach and Feta Pizza
5263,2332,big_meat_s,1,02-08-15,17:53:01,12,12,S,Classic,"Bacon, Pepperoni, Italian Sausage, Chorizo Sausage",The Big Meat Pizza
5264,2332,ckn_alfredo_l,1,02-08-15,17:53:01,20.75,20.75,L,Chicken,"Chicken, Red Onions, Red Peppers, Mushrooms, Asiago Cheese, Alfredo Sauce",The Chicken Alfredo Pizza
5265,2332,classic_dlx_s,1,02-08-15,17:53:01,12,12,S,Classic,"Pepperoni, Mushrooms, Red Onions, Red Peppers, Bacon",The Classic Deluxe Pizza
5266,2333,ckn_pesto_s,1,02-08-15,18:02:00,12.75,12.75,S,Chicken,"Chicken, Tomatoes, Red Peppers, Spinach, Garlic, Pesto Sauce",The Chicken Pesto Pizza
5267,2333,ital_cpcllo_l,1,02-08-15,18:02:00,20.5,20.5,L,Classic,"Capocollo, Red Peppers, Tomatoes, Goat Cheese, Garlic, Oregano",The Italian Capocollo Pizza
5268,2333,ital_cpcllo_m,1,02-08-15,18:02:00,16,16,M,Classic,"Capocollo, Red Peppers, Tomatoes, Goat Cheese, Garlic, Oregano",The Italian Capocollo Pizza
5269,2333,spicy_ital_l,1,02-08-15,18:02:00,20.75,20.75,L,Supreme,"Capocollo, Tomatoes, Goat Cheese, Artichokes, Peperoncini verdi, Garlic",The Spicy Italian Pizza
5270,2334,five_cheese_l,1,02-08-15,18:06:04,18.5,18.5,L,Veggie,"Mozzarella Cheese, Provolone Cheese, Smoked Gouda Cheese, Romano Cheese, Blue Cheese, Garlic",The Five Cheese Pizza
5271,2334,spicy_ital_l,1,02-08-15,18:06:04,20.75,20.75,L,Supreme,"Capocollo, Tomatoes, Goat Cheese, Artichokes, Peperoncini verdi, Garlic",The Spicy Italian Pizza
5272,2334,spin_pesto_s,1,02-08-15,18:06:04,12.5,12.5,S,Veggie,"Spinach, Artichokes, Tomatoes, Sun-dried Tomatoes, Garlic, Pesto Sauce",The Spinach Pesto Pizza
5273,2335,classic_dlx_s,1,02-08-15,18:20:27,12,12,S,Classic,"Pepperoni, Mushrooms, Red Onions, Red Peppers, Bacon",The Classic Deluxe Pizza
5274,2335,southw_ckn_s,1,02-08-15,18:20:27,12.75,12.75,S,Chicken,"Chicken, Tomatoes, Red Peppers, Red Onions, Jalapeno Peppers, Corn, Cilantro, Chipotle Sauce",The Southwest Chicken Pizza
5275,2335,spicy_ital_s,1,02-08-15,18:20:27,12.5,12.5,S,Supreme,"Capocollo, Tomatoes, Goat Cheese, Artichokes, Peperoncini verdi, Garlic",The Spicy Italian Pizza
5276,2336,pep_msh_pep_s,2,02-08-15,18:24:31,11,22,S,Classic,"Pepperoni, Mushrooms, Green Peppers","The Pepperoni, Mushroom, and Peppers Pizza"
5277,2337,big_meat_s,1,02-08-15,18:50:18,12,12,S,Classic,"Bacon, Pepperoni, Italian Sausage, Chorizo Sausage",The Big Meat Pizza
5278,2337,hawaiian_s,1,02-08-15,18:50:18,10.5,10.5,S,Classic,"Sliced Ham, Pineapple, Mozzarella Cheese",The Hawaiian Pizza
5279,2338,thai_ckn_m,1,02-08-15,18:51:54,16.75,16.75,M,Chicken,"Chicken, Pineapple, Tomatoes, Red Peppers, Thai Sweet Chilli Sauce",The Thai Chicken Pizza
5280,2339,mediterraneo_s,1,02-08-15,18:54:41,12,12,S,Veggie,"Spinach, Artichokes, Kalamata Olives, Sun-dried Tomatoes, Feta Cheese, Plum Tomatoes, Red Onions",The Mediterranean Pizza
5281,2339,the_greek_s,1,02-08-15,18:54:41,12,12,S,Classic,"Kalamata Olives, Feta Cheese, Tomatoes, Garlic, Beef Chuck Roast, Red Onions",The Greek Pizza
5282,2340,ital_veggie_s,1,02-08-15,18:59:56,12.75,12.75,S,Veggie,"Eggplant, Artichokes, Tomatoes, Zucchini, Red Peppers, Garlic, Pesto Sauce",The Italian Vegetables Pizza
5283,2340,veggie_veg_l,1,02-08-15,18:59:56,20.25,20.25,L,Veggie,"Mushrooms, Tomatoes, Red Peppers, Green Peppers, Red Onions, Zucchini, Spinach, Garlic",The Vegetables + Vegetables Pizza
5284,2341,bbq_ckn_l,1,02-08-15,19:07:53,20.75,20.75,L,Chicken,"Barbecued Chicken, Red Peppers, Green Peppers, Tomatoes, Red Onions, Barbecue Sauce",The Barbecue Chicken Pizza
5285,2341,ital_supr_l,1,02-08-15,19:07:53,20.75,20.75,L,Supreme,"Calabrese Salami, Capocollo, Tomatoes, Red Onions, Green Olives, Garlic",The Italian Supreme Pizza
5286,2341,ital_veggie_m,1,02-08-15,19:07:53,16.75,16.75,M,Veggie,"Eggplant, Artichokes, Tomatoes, Zucchini, Red Peppers, Garlic, Pesto Sauce",The Italian Vegetables Pizza
5287,2342,thai_ckn_m,1,02-08-15,19:12:49,16.75,16.75,M,Chicken,"Chicken, Pineapple, Tomatoes, Red Peppers, Thai Sweet Chilli Sauce",The Thai Chicken Pizza
5288,2343,spicy_ital_l,1,02-08-15,19:20:14,20.75,20.75,L,Supreme,"Capocollo, Tomatoes, Goat Cheese, Artichokes, Peperoncini verdi, Garlic",The Spicy Italian Pizza
5289,2343,thai_ckn_l,1,02-08-15,19:20:14,20.75,20.75,L,Chicken,"Chicken, Pineapple, Tomatoes, Red Peppers, Thai Sweet Chilli Sauce",The Thai Chicken Pizza
5290,2344,classic_dlx_s,1,02-08-15,20:20:37,12,12,S,Classic,"Pepperoni, Mushrooms, Red Onions, Red Peppers, Bacon",The Classic Deluxe Pizza
5291,2344,hawaiian_l,1,02-08-15,20:20:37,16.5,16.5,L,Classic,"Sliced Ham, Pineapple, Mozzarella Cheese",The Hawaiian Pizza
5292,2344,ital_cpcllo_l,1,02-08-15,20:20:37,20.5,20.5,L,Classic,"Capocollo, Red Peppers, Tomatoes, Goat Cheese, Garlic, Oregano",The Italian Capocollo Pizza
5293,2345,sicilian_m,1,02-08-15,20:20:51,16.25,16.25,M,Supreme,"Coarse Sicilian Salami, Tomatoes, Green Olives, Luganega Sausage, Onions, Garlic",The Sicilian Pizza
5294,2346,bbq_ckn_m,1,02-08-15,20:25:39,16.75,16.75,M,Chicken,"Barbecued Chicken, Red Peppers, Green Peppers, Tomatoes, Red Onions, Barbecue Sauce",The Barbecue Chicken Pizza
5295,2346,cali_ckn_l,1,02-08-15,20:25:39,20.75,20.75,L,Chicken,"Chicken, Artichoke, Spinach, Garlic, Jalapeno Peppers, Fontina Cheese, Gouda Cheese",The California Chicken Pizza
5296,2346,mediterraneo_l,1,02-08-15,20:25:39,20.25,20.25,L,Veggie,"Spinach, Artichokes, Kalamata Olives, Sun-dried Tomatoes, Feta Cheese, Plum Tomatoes, Red Onions",The Mediterranean Pizza
5297,2346,prsc_argla_m,1,02-08-15,20:25:39,16.5,16.5,M,Supreme,"Prosciutto di San Daniele, Arugula, Mozzarella Cheese",The Prosciutto and Arugula Pizza
5298,2347,green_garden_s,1,02-08-15,20:28:32,12,12,S,Veggie,"Spinach, Mushrooms, Tomatoes, Green Olives, Feta Cheese",The Green Garden Pizza
5299,2347,pepperoni_l,1,02-08-15,20:28:32,15.25,15.25,L,Classic,"Mozzarella Cheese, Pepperoni",The Pepperoni Pizza
5300,2347,southw_ckn_l,1,02-08-15,20:28:32,20.75,20.75,L,Chicken,"Chicken, Tomatoes, Red Peppers, Red Onions, Jalapeno Peppers, Corn, Cilantro, Chipotle Sauce",The Southwest Chicken Pizza
5301,2348,bbq_ckn_m,1,02-08-15,20:58:36,16.75,16.75,M,Chicken,"Barbecued Chicken, Red Peppers, Green Peppers, Tomatoes, Red Onions, Barbecue Sauce",The Barbecue Chicken Pizza
5302,2348,brie_carre_s,1,02-08-15,20:58:36,23.65,23.65,S,Supreme,"Brie Carre Cheese, Prosciutto, Caramelized Onions, Pears, Thyme, Garlic",The Brie Carre Pizza
5303,2348,soppressata_m,1,02-08-15,20:58:36,16.5,16.5,M,Supreme,"Soppressata Salami, Fontina Cheese, Mozzarella Cheese, Mushrooms, Garlic",The Soppressata Pizza
5304,2349,spicy_ital_l,1,02-08-15,20:59:06,20.75,20.75,L,Supreme,"Capocollo, Tomatoes, Goat Cheese, Artichokes, Peperoncini verdi, Garlic",The Spicy Italian Pizza
5305,2350,sicilian_m,1,02-08-15,21:21:37,16.25,16.25,M,Supreme,"Coarse Sicilian Salami, Tomatoes, Green Olives, Luganega Sausage, Onions, Garlic",The Sicilian Pizza
5306,2351,hawaiian_m,1,02-08-15,21:52:14,13.25,13.25,M,Classic,"Sliced Ham, Pineapple, Mozzarella Cheese",The Hawaiian Pizza
5307,2351,prsc_argla_m,1,02-08-15,21:52:14,16.5,16.5,M,Supreme,"Prosciutto di San Daniele, Arugula, Mozzarella Cheese",The Prosciutto and Arugula Pizza
5308,2351,prsc_argla_s,1,02-08-15,21:52:14,12.5,12.5,S,Supreme,"Prosciutto di San Daniele, Arugula, Mozzarella Cheese",The Prosciutto and Arugula Pizza
5309,2351,spinach_supr_s,1,02-08-15,21:52:14,12.5,12.5,S,Supreme,"Spinach, Red Onions, Pepperoni, Tomatoes, Artichokes, Kalamata Olives, Garlic, Asiago Cheese",The Spinach Supreme Pizza
5310,2352,pep_msh_pep_s,1,02-08-15,22:21:27,11,11,S,Classic,"Pepperoni, Mushrooms, Green Peppers","The Pepperoni, Mushroom, and Peppers Pizza"
5311,2352,thai_ckn_m,1,02-08-15,22:21:27,16.75,16.75,M,Chicken,"Chicken, Pineapple, Tomatoes, Red Peppers, Thai Sweet Chilli Sauce",The Thai Chicken Pizza
5312,2353,thai_ckn_s,1,02-08-15,22:23:41,12.75,12.75,S,Chicken,"Chicken, Pineapple, Tomatoes, Red Peppers, Thai Sweet Chilli Sauce",The Thai Chicken Pizza
5313,2354,mexicana_s,1,02-08-15,22:36:28,12,12,S,Veggie,"Tomatoes, Red Peppers, Jalapeno Peppers, Red Onions, Cilantro, Corn, Chipotle Sauce, Garlic",The Mexicana Pizza
5314,2354,prsc_argla_m,1,02-08-15,22:36:28,16.5,16.5,M,Supreme,"Prosciutto di San Daniele, Arugula, Mozzarella Cheese",The Prosciutto and Arugula Pizza
5315,2354,spinach_supr_l,1,02-08-15,22:36:28,20.75,20.75,L,Supreme,"Spinach, Red Onions, Pepperoni, Tomatoes, Artichokes, Kalamata Olives, Garlic, Asiago Cheese",The Spinach Supreme Pizza
5316,2354,veggie_veg_l,1,02-08-15,22:36:28,20.25,20.25,L,Veggie,"Mushrooms, Tomatoes, Red Peppers, Green Peppers, Red Onions, Zucchini, Spinach, Garlic",The Vegetables + Vegetables Pizza
5317,2355,mexicana_m,1,02-09-15,11:26:25,16,16,M,Veggie,"Tomatoes, Red Peppers, Jalapeno Peppers, Red Onions, Cilantro, Corn, Chipotle Sauce, Garlic",The Mexicana Pizza
5318,2356,the_greek_s,1,02-09-15,11:31:10,12,12,S,Classic,"Kalamata Olives, Feta Cheese, Tomatoes, Garlic, Beef Chuck Roast, Red Onions",The Greek Pizza
5319,2357,the_greek_xl,1,02-09-15,11:44:49,25.5,25.5,XL,Classic,"Kalamata Olives, Feta Cheese, Tomatoes, Garlic, Beef Chuck Roast, Red Onions",The Greek Pizza
5320,2358,cali_ckn_m,1,02-09-15,12:13:41,16.75,16.75,M,Chicken,"Chicken, Artichoke, Spinach, Garlic, Jalapeno Peppers, Fontina Cheese, Gouda Cheese",The California Chicken Pizza
5321,2358,ital_supr_m,1,02-09-15,12:13:41,16.5,16.5,M,Supreme,"Calabrese Salami, Capocollo, Tomatoes, Red Onions, Green Olives, Garlic",The Italian Supreme Pizza
5322,2359,veggie_veg_l,1,02-09-15,12:16:09,20.25,20.25,L,Veggie,"Mushrooms, Tomatoes, Red Peppers, Green Peppers, Red Onions, Zucchini, Spinach, Garlic",The Vegetables + Vegetables Pizza
5323,2360,cali_ckn_l,1,02-09-15,12:19:47,20.75,20.75,L,Chicken,"Chicken, Artichoke, Spinach, Garlic, Jalapeno Peppers, Fontina Cheese, Gouda Cheese",The California Chicken Pizza
5324,2360,sicilian_l,1,02-09-15,12:19:47,20.25,20.25,L,Supreme,"Coarse Sicilian Salami, Tomatoes, Green Olives, Luganega Sausage, Onions, Garlic",The Sicilian Pizza
5325,2361,pepperoni_m,1,02-09-15,12:23:58,12.5,12.5,M,Classic,"Mozzarella Cheese, Pepperoni",The Pepperoni Pizza
5326,2362,four_cheese_l,1,02-09-15,12:30:05,17.95,17.95,L,Veggie,"Ricotta Cheese, Gorgonzola Piccante Cheese, Mozzarella Cheese, Parmigiano Reggiano Cheese, Garlic",The Four Cheese Pizza
5327,2362,napolitana_s,1,02-09-15,12:30:05,12,12,S,Classic,"Tomatoes, Anchovies, Green Olives, Red Onions, Garlic",The Napolitana Pizza
5328,2362,southw_ckn_m,1,02-09-15,12:30:05,16.75,16.75,M,Chicken,"Chicken, Tomatoes, Red Peppers, Red Onions, Jalapeno Peppers, Corn, Cilantro, Chipotle Sauce",The Southwest Chicken Pizza
5329,2363,classic_dlx_m,1,02-09-15,12:35:50,16,16,M,Classic,"Pepperoni, Mushrooms, Red Onions, Red Peppers, Bacon",The Classic Deluxe Pizza
5330,2363,prsc_argla_s,1,02-09-15,12:35:50,12.5,12.5,S,Supreme,"Prosciutto di San Daniele, Arugula, Mozzarella Cheese",The Prosciutto and Arugula Pizza
5331,2363,sicilian_l,1,02-09-15,12:35:50,20.25,20.25,L,Supreme,"Coarse Sicilian Salami, Tomatoes, Green Olives, Luganega Sausage, Onions, Garlic",The Sicilian Pizza
5332,2363,thai_ckn_l,1,02-09-15,12:35:50,20.75,20.75,L,Chicken,"Chicken, Pineapple, Tomatoes, Red Peppers, Thai Sweet Chilli Sauce",The Thai Chicken Pizza
5333,2364,bbq_ckn_m,1,02-09-15,12:52:36,16.75,16.75,M,Chicken,"Barbecued Chicken, Red Peppers, Green Peppers, Tomatoes, Red Onions, Barbecue Sauce",The Barbecue Chicken Pizza
5334,2364,hawaiian_l,1,02-09-15,12:52:36,16.5,16.5,L,Classic,"Sliced Ham, Pineapple, Mozzarella Cheese",The Hawaiian Pizza
5335,2364,ital_supr_m,1,02-09-15,12:52:36,16.5,16.5,M,Supreme,"Calabrese Salami, Capocollo, Tomatoes, Red Onions, Green Olives, Garlic",The Italian Supreme Pizza
5336,2364,ital_veggie_l,1,02-09-15,12:52:36,21,21,L,Veggie,"Eggplant, Artichokes, Tomatoes, Zucchini, Red Peppers, Garlic, Pesto Sauce",The Italian Vegetables Pizza
5337,2364,ital_veggie_m,1,02-09-15,12:52:36,16.75,16.75,M,Veggie,"Eggplant, Artichokes, Tomatoes, Zucchini, Red Peppers, Garlic, Pesto Sauce",The Italian Vegetables Pizza
5338,2364,ital_veggie_s,1,02-09-15,12:52:36,12.75,12.75,S,Veggie,"Eggplant, Artichokes, Tomatoes, Zucchini, Red Peppers, Garlic, Pesto Sauce",The Italian Vegetables Pizza
5339,2364,prsc_argla_l,1,02-09-15,12:52:36,20.75,20.75,L,Supreme,"Prosciutto di San Daniele, Arugula, Mozzarella Cheese",The Prosciutto and Arugula Pizza
5340,2364,sicilian_l,1,02-09-15,12:52:36,20.25,20.25,L,Supreme,"Coarse Sicilian Salami, Tomatoes, Green Olives, Luganega Sausage, Onions, Garlic",The Sicilian Pizza
5341,2364,veggie_veg_l,1,02-09-15,12:52:36,20.25,20.25,L,Veggie,"Mushrooms, Tomatoes, Red Peppers, Green Peppers, Red Onions, Zucchini, Spinach, Garlic",The Vegetables + Vegetables Pizza
5342,2365,hawaiian_l,1,02-09-15,13:02:33,16.5,16.5,L,Classic,"Sliced Ham, Pineapple, Mozzarella Cheese",The Hawaiian Pizza
5343,2366,ital_supr_m,1,02-09-15,13:07:01,16.5,16.5,M,Supreme,"Calabrese Salami, Capocollo, Tomatoes, Red Onions, Green Olives, Garlic",The Italian Supreme Pizza
5344,2366,thai_ckn_m,1,02-09-15,13:07:01,16.75,16.75,M,Chicken,"Chicken, Pineapple, Tomatoes, Red Peppers, Thai Sweet Chilli Sauce",The Thai Chicken Pizza
5345,2366,thai_ckn_s,1,02-09-15,13:07:01,12.75,12.75,S,Chicken,"Chicken, Pineapple, Tomatoes, Red Peppers, Thai Sweet Chilli Sauce",The Thai Chicken Pizza
5346,2367,pep_msh_pep_m,1,02-09-15,13:08:29,14.5,14.5,M,Classic,"Pepperoni, Mushrooms, Green Peppers","The Pepperoni, Mushroom, and Peppers Pizza"
5347,2367,spinach_fet_l,1,02-09-15,13:08:29,20.25,20.25,L,Veggie,"Spinach, Mushrooms, Red Onions, Feta Cheese, Garlic",The Spinach and Feta Pizza
5348,2368,southw_ckn_m,1,02-09-15,13:35:05,16.75,16.75,M,Chicken,"Chicken, Tomatoes, Red Peppers, Red Onions, Jalapeno Peppers, Corn, Cilantro, Chipotle Sauce",The Southwest Chicken Pizza
5349,2369,big_meat_s,1,02-09-15,14:00:19,12,12,S,Classic,"Bacon, Pepperoni, Italian Sausage, Chorizo Sausage",The Big Meat Pizza
5350,2369,cali_ckn_m,1,02-09-15,14:00:19,16.75,16.75,M,Chicken,"Chicken, Artichoke, Spinach, Garlic, Jalapeno Peppers, Fontina Cheese, Gouda Cheese",The California Chicken Pizza
5351,2369,five_cheese_l,1,02-09-15,14:00:19,18.5,18.5,L,Veggie,"Mozzarella Cheese, Provolone Cheese, Smoked Gouda Cheese, Romano Cheese, Blue Cheese, Garlic",The Five Cheese Pizza
5352,2369,ital_supr_m,1,02-09-15,14:00:19,16.5,16.5,M,Supreme,"Calabrese Salami, Capocollo, Tomatoes, Red Onions, Green Olives, Garlic",The Italian Supreme Pizza
5353,2369,pepperoni_m,1,02-09-15,14:00:19,12.5,12.5,M,Classic,"Mozzarella Cheese, Pepperoni",The Pepperoni Pizza
5354,2369,peppr_salami_l,1,02-09-15,14:00:19,20.75,20.75,L,Supreme,"Genoa Salami, Capocollo, Pepperoni, Tomatoes, Asiago Cheese, Garlic",The Pepper Salami Pizza
5355,2369,sicilian_s,1,02-09-15,14:00:19,12.25,12.25,S,Supreme,"Coarse Sicilian Salami, Tomatoes, Green Olives, Luganega Sausage, Onions, Garlic",The Sicilian Pizza
5356,2369,southw_ckn_l,1,02-09-15,14:00:19,20.75,20.75,L,Chicken,"Chicken, Tomatoes, Red Peppers, Red Onions, Jalapeno Peppers, Corn, Cilantro, Chipotle Sauce",The Southwest Chicken Pizza
5357,2369,southw_ckn_m,1,02-09-15,14:00:19,16.75,16.75,M,Chicken,"Chicken, Tomatoes, Red Peppers, Red Onions, Jalapeno Peppers, Corn, Cilantro, Chipotle Sauce",The Southwest Chicken Pizza
5358,2369,thai_ckn_l,1,02-09-15,14:00:19,20.75,20.75,L,Chicken,"Chicken, Pineapple, Tomatoes, Red Peppers, Thai Sweet Chilli Sauce",The Thai Chicken Pizza
5359,2369,the_greek_s,1,02-09-15,14:00:19,12,12,S,Classic,"Kalamata Olives, Feta Cheese, Tomatoes, Garlic, Beef Chuck Roast, Red Onions",The Greek Pizza
5360,2369,the_greek_xl,1,02-09-15,14:00:19,25.5,25.5,XL,Classic,"Kalamata Olives, Feta Cheese, Tomatoes, Garlic, Beef Chuck Roast, Red Onions",The Greek Pizza
5361,2370,ital_veggie_m,1,02-09-15,14:00:23,16.75,16.75,M,Veggie,"Eggplant, Artichokes, Tomatoes, Zucchini, Red Peppers, Garlic, Pesto Sauce",The Italian Vegetables Pizza
5362,2370,thai_ckn_l,1,02-09-15,14:00:23,20.75,20.75,L,Chicken,"Chicken, Pineapple, Tomatoes, Red Peppers, Thai Sweet Chilli Sauce",The Thai Chicken Pizza
5363,2371,ckn_pesto_l,1,02-09-15,14:00:40,20.75,20.75,L,Chicken,"Chicken, Tomatoes, Red Peppers, Spinach, Garlic, Pesto Sauce",The Chicken Pesto Pizza
5364,2372,big_meat_s,1,02-09-15,14:04:34,12,12,S,Classic,"Bacon, Pepperoni, Italian Sausage, Chorizo Sausage",The Big Meat Pizza
5365,2372,five_cheese_l,1,02-09-15,14:04:34,18.5,18.5,L,Veggie,"Mozzarella Cheese, Provolone Cheese, Smoked Gouda Cheese, Romano Cheese, Blue Cheese, Garlic",The Five Cheese Pizza
5366,2372,green_garden_m,1,02-09-15,14:04:34,16,16,M,Veggie,"Spinach, Mushrooms, Tomatoes, Green Olives, Feta Cheese",The Green Garden Pizza
5367,2372,spicy_ital_m,1,02-09-15,14:04:34,16.5,16.5,M,Supreme,"Capocollo, Tomatoes, Goat Cheese, Artichokes, Peperoncini verdi, Garlic",The Spicy Italian Pizza
5368,2373,spin_pesto_s,1,02-09-15,14:29:17,12.5,12.5,S,Veggie,"Spinach, Artichokes, Tomatoes, Sun-dried Tomatoes, Garlic, Pesto Sauce",The Spinach Pesto Pizza
5369,2374,four_cheese_m,1,02-09-15,14:35:54,14.75,14.75,M,Veggie,"Ricotta Cheese, Gorgonzola Piccante Cheese, Mozzarella Cheese, Parmigiano Reggiano Cheese, Garlic",The Four Cheese Pizza
5370,2374,green_garden_s,1,02-09-15,14:35:54,12,12,S,Veggie,"Spinach, Mushrooms, Tomatoes, Green Olives, Feta Cheese",The Green Garden Pizza
5371,2374,ital_supr_m,1,02-09-15,14:35:54,16.5,16.5,M,Supreme,"Calabrese Salami, Capocollo, Tomatoes, Red Onions, Green Olives, Garlic",The Italian Supreme Pizza
5372,2374,pepperoni_m,1,02-09-15,14:35:54,12.5,12.5,M,Classic,"Mozzarella Cheese, Pepperoni",The Pepperoni Pizza
5373,2375,bbq_ckn_m,1,02-09-15,15:14:42,16.75,16.75,M,Chicken,"Barbecued Chicken, Red Peppers, Green Peppers, Tomatoes, Red Onions, Barbecue Sauce",The Barbecue Chicken Pizza
5374,2375,napolitana_l,1,02-09-15,15:14:42,20.5,20.5,L,Classic,"Tomatoes, Anchovies, Green Olives, Red Onions, Garlic",The Napolitana Pizza
5375,2375,veggie_veg_s,1,02-09-15,15:14:42,12,12,S,Veggie,"Mushrooms, Tomatoes, Red Peppers, Green Peppers, Red Onions, Zucchini, Spinach, Garlic",The Vegetables + Vegetables Pizza
5376,2376,bbq_ckn_m,1,02-09-15,15:25:59,16.75,16.75,M,Chicken,"Barbecued Chicken, Red Peppers, Green Peppers, Tomatoes, Red Onions, Barbecue Sauce",The Barbecue Chicken Pizza
5377,2376,classic_dlx_m,1,02-09-15,15:25:59,16,16,M,Classic,"Pepperoni, Mushrooms, Red Onions, Red Peppers, Bacon",The Classic Deluxe Pizza
5378,2376,four_cheese_m,1,02-09-15,15:25:59,14.75,14.75,M,Veggie,"Ricotta Cheese, Gorgonzola Piccante Cheese, Mozzarella Cheese, Parmigiano Reggiano Cheese, Garlic",The Four Cheese Pizza
5379,2376,ital_cpcllo_s,1,02-09-15,15:25:59,12,12,S,Classic,"Capocollo, Red Peppers, Tomatoes, Goat Cheese, Garlic, Oregano",The Italian Capocollo Pizza
5380,2377,hawaiian_s,1,02-09-15,15:26:16,10.5,10.5,S,Classic,"Sliced Ham, Pineapple, Mozzarella Cheese",The Hawaiian Pizza
5381,2377,spicy_ital_m,1,02-09-15,15:26:16,16.5,16.5,M,Supreme,"Capocollo, Tomatoes, Goat Cheese, Artichokes, Peperoncini verdi, Garlic",The Spicy Italian Pizza
5382,2378,napolitana_l,1,02-09-15,16:05:30,20.5,20.5,L,Classic,"Tomatoes, Anchovies, Green Olives, Red Onions, Garlic",The Napolitana Pizza
5383,2378,prsc_argla_m,1,02-09-15,16:05:30,16.5,16.5,M,Supreme,"Prosciutto di San Daniele, Arugula, Mozzarella Cheese",The Prosciutto and Arugula Pizza
5384,2379,ital_cpcllo_s,1,02-09-15,16:18:14,12,12,S,Classic,"Capocollo, Red Peppers, Tomatoes, Goat Cheese, Garlic, Oregano",The Italian Capocollo Pizza
5385,2379,mexicana_s,1,02-09-15,16:18:14,12,12,S,Veggie,"Tomatoes, Red Peppers, Jalapeno Peppers, Red Onions, Cilantro, Corn, Chipotle Sauce, Garlic",The Mexicana Pizza
5386,2380,ckn_alfredo_m,1,02-09-15,16:22:26,16.75,16.75,M,Chicken,"Chicken, Red Onions, Red Peppers, Mushrooms, Asiago Cheese, Alfredo Sauce",The Chicken Alfredo Pizza
5387,2380,napolitana_m,1,02-09-15,16:22:26,16,16,M,Classic,"Tomatoes, Anchovies, Green Olives, Red Onions, Garlic",The Napolitana Pizza
5388,2381,cali_ckn_l,1,02-09-15,16:49:40,20.75,20.75,L,Chicken,"Chicken, Artichoke, Spinach, Garlic, Jalapeno Peppers, Fontina Cheese, Gouda Cheese",The California Chicken Pizza
5389,2381,cali_ckn_s,1,02-09-15,16:49:40,12.75,12.75,S,Chicken,"Chicken, Artichoke, Spinach, Garlic, Jalapeno Peppers, Fontina Cheese, Gouda Cheese",The California Chicken Pizza
5390,2381,pepperoni_s,1,02-09-15,16:49:40,9.75,9.75,S,Classic,"Mozzarella Cheese, Pepperoni",The Pepperoni Pizza
5391,2381,sicilian_s,1,02-09-15,16:49:40,12.25,12.25,S,Supreme,"Coarse Sicilian Salami, Tomatoes, Green Olives, Luganega Sausage, Onions, Garlic",The Sicilian Pizza
5392,2382,bbq_ckn_m,1,02-09-15,17:09:34,16.75,16.75,M,Chicken,"Barbecued Chicken, Red Peppers, Green Peppers, Tomatoes, Red Onions, Barbecue Sauce",The Barbecue Chicken Pizza
5393,2382,big_meat_s,1,02-09-15,17:09:34,12,12,S,Classic,"Bacon, Pepperoni, Italian Sausage, Chorizo Sausage",The Big Meat Pizza
5394,2382,spicy_ital_l,1,02-09-15,17:09:34,20.75,20.75,L,Supreme,"Capocollo, Tomatoes, Goat Cheese, Artichokes, Peperoncini verdi, Garlic",The Spicy Italian Pizza
5395,2382,the_greek_s,1,02-09-15,17:09:34,12,12,S,Classic,"Kalamata Olives, Feta Cheese, Tomatoes, Garlic, Beef Chuck Roast, Red Onions",The Greek Pizza
5396,2383,hawaiian_s,1,02-09-15,17:12:03,10.5,10.5,S,Classic,"Sliced Ham, Pineapple, Mozzarella Cheese",The Hawaiian Pizza
5397,2383,southw_ckn_l,2,02-09-15,17:12:03,20.75,41.5,L,Chicken,"Chicken, Tomatoes, Red Peppers, Red Onions, Jalapeno Peppers, Corn, Cilantro, Chipotle Sauce",The Southwest Chicken Pizza
5398,2384,soppressata_l,1,02-09-15,17:17:07,20.75,20.75,L,Supreme,"Soppressata Salami, Fontina Cheese, Mozzarella Cheese, Mushrooms, Garlic",The Soppressata Pizza
5399,2385,prsc_argla_l,1,02-09-15,17:23:46,20.75,20.75,L,Supreme,"Prosciutto di San Daniele, Arugula, Mozzarella Cheese",The Prosciutto and Arugula Pizza
5400,2386,hawaiian_s,1,02-09-15,17:36:17,10.5,10.5,S,Classic,"Sliced Ham, Pineapple, Mozzarella Cheese",The Hawaiian Pizza
5401,2386,mexicana_s,1,02-09-15,17:36:17,12,12,S,Veggie,"Tomatoes, Red Peppers, Jalapeno Peppers, Red Onions, Cilantro, Corn, Chipotle Sauce, Garlic",The Mexicana Pizza
5402,2387,bbq_ckn_l,1,02-09-15,17:38:39,20.75,20.75,L,Chicken,"Barbecued Chicken, Red Peppers, Green Peppers, Tomatoes, Red Onions, Barbecue Sauce",The Barbecue Chicken Pizza
5403,2387,ckn_pesto_l,1,02-09-15,17:38:39,20.75,20.75,L,Chicken,"Chicken, Tomatoes, Red Peppers, Spinach, Garlic, Pesto Sauce",The Chicken Pesto Pizza
5404,2387,five_cheese_l,1,02-09-15,17:38:39,18.5,18.5,L,Veggie,"Mozzarella Cheese, Provolone Cheese, Smoked Gouda Cheese, Romano Cheese, Blue Cheese, Garlic",The Five Cheese Pizza
5405,2387,veggie_veg_m,1,02-09-15,17:38:39,16,16,M,Veggie,"Mushrooms, Tomatoes, Red Peppers, Green Peppers, Red Onions, Zucchini, Spinach, Garlic",The Vegetables + Vegetables Pizza
5406,2388,classic_dlx_m,1,02-09-15,17:46:35,16,16,M,Classic,"Pepperoni, Mushrooms, Red Onions, Red Peppers, Bacon",The Classic Deluxe Pizza
5407,2389,sicilian_l,1,02-09-15,17:57:51,20.25,20.25,L,Supreme,"Coarse Sicilian Salami, Tomatoes, Green Olives, Luganega Sausage, Onions, Garlic",The Sicilian Pizza
5408,2390,mexicana_l,1,02-09-15,18:02:29,20.25,20.25,L,Veggie,"Tomatoes, Red Peppers, Jalapeno Peppers, Red Onions, Cilantro, Corn, Chipotle Sauce, Garlic",The Mexicana Pizza
5409,2390,southw_ckn_s,1,02-09-15,18:02:29,12.75,12.75,S,Chicken,"Chicken, Tomatoes, Red Peppers, Red Onions, Jalapeno Peppers, Corn, Cilantro, Chipotle Sauce",The Southwest Chicken Pizza
5410,2391,prsc_argla_m,1,02-09-15,18:05:26,16.5,16.5,M,Supreme,"Prosciutto di San Daniele, Arugula, Mozzarella Cheese",The Prosciutto and Arugula Pizza
5411,2392,ckn_alfredo_l,1,02-09-15,18:05:44,20.75,20.75,L,Chicken,"Chicken, Red Onions, Red Peppers, Mushrooms, Asiago Cheese, Alfredo Sauce",The Chicken Alfredo Pizza
5412,2392,ckn_pesto_m,1,02-09-15,18:05:44,16.75,16.75,M,Chicken,"Chicken, Tomatoes, Red Peppers, Spinach, Garlic, Pesto Sauce",The Chicken Pesto Pizza
5413,2393,green_garden_m,1,02-09-15,18:06:54,16,16,M,Veggie,"Spinach, Mushrooms, Tomatoes, Green Olives, Feta Cheese",The Green Garden Pizza
5414,2393,pepperoni_l,1,02-09-15,18:06:54,15.25,15.25,L,Classic,"Mozzarella Cheese, Pepperoni",The Pepperoni Pizza
5415,2393,veggie_veg_m,1,02-09-15,18:06:54,16,16,M,Veggie,"Mushrooms, Tomatoes, Red Peppers, Green Peppers, Red Onions, Zucchini, Spinach, Garlic",The Vegetables + Vegetables Pizza
5416,2394,bbq_ckn_l,1,02-09-15,18:14:43,20.75,20.75,L,Chicken,"Barbecued Chicken, Red Peppers, Green Peppers, Tomatoes, Red Onions, Barbecue Sauce",The Barbecue Chicken Pizza
5417,2394,ital_veggie_m,1,02-09-15,18:14:43,16.75,16.75,M,Veggie,"Eggplant, Artichokes, Tomatoes, Zucchini, Red Peppers, Garlic, Pesto Sauce",The Italian Vegetables Pizza
5418,2394,spinach_supr_s,1,02-09-15,18:14:43,12.5,12.5,S,Supreme,"Spinach, Red Onions, Pepperoni, Tomatoes, Artichokes, Kalamata Olives, Garlic, Asiago Cheese",The Spinach Supreme Pizza
5419,2395,cali_ckn_m,1,02-09-15,18:33:38,16.75,16.75,M,Chicken,"Chicken, Artichoke, Spinach, Garlic, Jalapeno Peppers, Fontina Cheese, Gouda Cheese",The California Chicken Pizza
5420,2395,mediterraneo_s,1,02-09-15,18:33:38,12,12,S,Veggie,"Spinach, Artichokes, Kalamata Olives, Sun-dried Tomatoes, Feta Cheese, Plum Tomatoes, Red Onions",The Mediterranean Pizza
5421,2396,spicy_ital_m,1,02-09-15,18:34:07,16.5,16.5,M,Supreme,"Capocollo, Tomatoes, Goat Cheese, Artichokes, Peperoncini verdi, Garlic",The Spicy Italian Pizza
5422,2396,spin_pesto_m,1,02-09-15,18:34:07,16.5,16.5,M,Veggie,"Spinach, Artichokes, Tomatoes, Sun-dried Tomatoes, Garlic, Pesto Sauce",The Spinach Pesto Pizza
5423,2396,the_greek_m,1,02-09-15,18:34:07,16,16,M,Classic,"Kalamata Olives, Feta Cheese, Tomatoes, Garlic, Beef Chuck Roast, Red Onions",The Greek Pizza
5424,2397,cali_ckn_l,1,02-09-15,18:35:19,20.75,20.75,L,Chicken,"Chicken, Artichoke, Spinach, Garlic, Jalapeno Peppers, Fontina Cheese, Gouda Cheese",The California Chicken Pizza
5425,2397,napolitana_s,1,02-09-15,18:35:19,12,12,S,Classic,"Tomatoes, Anchovies, Green Olives, Red Onions, Garlic",The Napolitana Pizza
5426,2398,four_cheese_l,1,02-09-15,18:53:44,17.95,17.95,L,Veggie,"Ricotta Cheese, Gorgonzola Piccante Cheese, Mozzarella Cheese, Parmigiano Reggiano Cheese, Garlic",The Four Cheese Pizza
5427,2398,pep_msh_pep_s,1,02-09-15,18:53:44,11,11,S,Classic,"Pepperoni, Mushrooms, Green Peppers","The Pepperoni, Mushroom, and Peppers Pizza"
5428,2398,the_greek_s,2,02-09-15,18:53:44,12,24,S,Classic,"Kalamata Olives, Feta Cheese, Tomatoes, Garlic, Beef Chuck Roast, Red Onions",The Greek Pizza
5429,2399,four_cheese_m,1,02-09-15,19:00:56,14.75,14.75,M,Veggie,"Ricotta Cheese, Gorgonzola Piccante Cheese, Mozzarella Cheese, Parmigiano Reggiano Cheese, Garlic",The Four Cheese Pizza
5430,2399,hawaiian_s,1,02-09-15,19:00:56,10.5,10.5,S,Classic,"Sliced Ham, Pineapple, Mozzarella Cheese",The Hawaiian Pizza
5431,2399,ital_veggie_s,1,02-09-15,19:00:56,12.75,12.75,S,Veggie,"Eggplant, Artichokes, Tomatoes, Zucchini, Red Peppers, Garlic, Pesto Sauce",The Italian Vegetables Pizza
5432,2399,mexicana_m,1,02-09-15,19:00:56,16,16,M,Veggie,"Tomatoes, Red Peppers, Jalapeno Peppers, Red Onions, Cilantro, Corn, Chipotle Sauce, Garlic",The Mexicana Pizza
5433,2400,green_garden_s,1,02-09-15,19:30:28,12,12,S,Veggie,"Spinach, Mushrooms, Tomatoes, Green Olives, Feta Cheese",The Green Garden Pizza
5434,2401,cali_ckn_l,1,02-09-15,19:33:50,20.75,20.75,L,Chicken,"Chicken, Artichoke, Spinach, Garlic, Jalapeno Peppers, Fontina Cheese, Gouda Cheese",The California Chicken Pizza
5435,2401,sicilian_m,1,02-09-15,19:33:50,16.25,16.25,M,Supreme,"Coarse Sicilian Salami, Tomatoes, Green Olives, Luganega Sausage, Onions, Garlic",The Sicilian Pizza
5436,2401,spinach_fet_l,1,02-09-15,19:33:50,20.25,20.25,L,Veggie,"Spinach, Mushrooms, Red Onions, Feta Cheese, Garlic",The Spinach and Feta Pizza
5437,2401,veggie_veg_m,1,02-09-15,19:33:50,16,16,M,Veggie,"Mushrooms, Tomatoes, Red Peppers, Green Peppers, Red Onions, Zucchini, Spinach, Garlic",The Vegetables + Vegetables Pizza
5438,2402,ital_cpcllo_m,1,02-09-15,19:38:23,16,16,M,Classic,"Capocollo, Red Peppers, Tomatoes, Goat Cheese, Garlic, Oregano",The Italian Capocollo Pizza
5439,2403,hawaiian_s,1,02-09-15,19:54:24,10.5,10.5,S,Classic,"Sliced Ham, Pineapple, Mozzarella Cheese",The Hawaiian Pizza
5440,2403,soppressata_s,1,02-09-15,19:54:24,12.5,12.5,S,Supreme,"Soppressata Salami, Fontina Cheese, Mozzarella Cheese, Mushrooms, Garlic",The Soppressata Pizza
5441,2403,spinach_fet_s,1,02-09-15,19:54:24,12,12,S,Veggie,"Spinach, Mushrooms, Red Onions, Feta Cheese, Garlic",The Spinach and Feta Pizza
5442,2404,hawaiian_s,1,02-09-15,20:09:44,10.5,10.5,S,Classic,"Sliced Ham, Pineapple, Mozzarella Cheese",The Hawaiian Pizza
5443,2404,prsc_argla_s,1,02-09-15,20:09:44,12.5,12.5,S,Supreme,"Prosciutto di San Daniele, Arugula, Mozzarella Cheese",The Prosciutto and Arugula Pizza
5444,2404,spin_pesto_s,1,02-09-15,20:09:44,12.5,12.5,S,Veggie,"Spinach, Artichokes, Tomatoes, Sun-dried Tomatoes, Garlic, Pesto Sauce",The Spinach Pesto Pizza
5445,2405,peppr_salami_m,1,02-09-15,20:38:13,16.5,16.5,M,Supreme,"Genoa Salami, Capocollo, Pepperoni, Tomatoes, Asiago Cheese, Garlic",The Pepper Salami Pizza
5446,2406,big_meat_s,1,02-09-15,21:08:21,12,12,S,Classic,"Bacon, Pepperoni, Italian Sausage, Chorizo Sausage",The Big Meat Pizza
5447,2406,pepperoni_l,1,02-09-15,21:08:21,15.25,15.25,L,Classic,"Mozzarella Cheese, Pepperoni",The Pepperoni Pizza
5448,2407,mediterraneo_l,1,02-09-15,21:51:59,20.25,20.25,L,Veggie,"Spinach, Artichokes, Kalamata Olives, Sun-dried Tomatoes, Feta Cheese, Plum Tomatoes, Red Onions",The Mediterranean Pizza
5449,2408,five_cheese_l,1,02-09-15,22:01:04,18.5,18.5,L,Veggie,"Mozzarella Cheese, Provolone Cheese, Smoked Gouda Cheese, Romano Cheese, Blue Cheese, Garlic",The Five Cheese Pizza
5450,2408,four_cheese_l,1,02-09-15,22:01:04,17.95,17.95,L,Veggie,"Ricotta Cheese, Gorgonzola Piccante Cheese, Mozzarella Cheese, Parmigiano Reggiano Cheese, Garlic",The Four Cheese Pizza
5451,2409,bbq_ckn_l,1,02-10-15,11:28:16,20.75,20.75,L,Chicken,"Barbecued Chicken, Red Peppers, Green Peppers, Tomatoes, Red Onions, Barbecue Sauce",The Barbecue Chicken Pizza
5452,2409,pepperoni_l,1,02-10-15,11:28:16,15.25,15.25,L,Classic,"Mozzarella Cheese, Pepperoni",The Pepperoni Pizza
5453,2409,soppressata_l,1,02-10-15,11:28:16,20.75,20.75,L,Supreme,"Soppressata Salami, Fontina Cheese, Mozzarella Cheese, Mushrooms, Garlic",The Soppressata Pizza
5454,2409,the_greek_l,1,02-10-15,11:28:16,20.5,20.5,L,Classic,"Kalamata Olives, Feta Cheese, Tomatoes, Garlic, Beef Chuck Roast, Red Onions",The Greek Pizza
5455,2410,napolitana_s,1,02-10-15,11:43:09,12,12,S,Classic,"Tomatoes, Anchovies, Green Olives, Red Onions, Garlic",The Napolitana Pizza
5456,2410,soppressata_l,1,02-10-15,11:43:09,20.75,20.75,L,Supreme,"Soppressata Salami, Fontina Cheese, Mozzarella Cheese, Mushrooms, Garlic",The Soppressata Pizza
5457,2410,southw_ckn_s,1,02-10-15,11:43:09,12.75,12.75,S,Chicken,"Chicken, Tomatoes, Red Peppers, Red Onions, Jalapeno Peppers, Corn, Cilantro, Chipotle Sauce",The Southwest Chicken Pizza
5458,2411,calabrese_m,1,02-10-15,11:53:29,16.25,16.25,M,Supreme,"æ…›duja Salami, Pancetta, Tomatoes, Red Onions, Friggitello Peppers, Garlic",The Calabrese Pizza
5459,2412,ital_veggie_m,1,02-10-15,12:09:03,16.75,16.75,M,Veggie,"Eggplant, Artichokes, Tomatoes, Zucchini, Red Peppers, Garlic, Pesto Sauce",The Italian Vegetables Pizza
5460,2413,bbq_ckn_s,1,02-10-15,12:10:19,12.75,12.75,S,Chicken,"Barbecued Chicken, Red Peppers, Green Peppers, Tomatoes, Red Onions, Barbecue Sauce",The Barbecue Chicken Pizza
5461,2414,southw_ckn_s,1,02-10-15,12:10:37,12.75,12.75,S,Chicken,"Chicken, Tomatoes, Red Peppers, Red Onions, Jalapeno Peppers, Corn, Cilantro, Chipotle Sauce",The Southwest Chicken Pizza
5462,2415,sicilian_s,1,02-10-15,12:34:39,12.25,12.25,S,Supreme,"Coarse Sicilian Salami, Tomatoes, Green Olives, Luganega Sausage, Onions, Garlic",The Sicilian Pizza
5463,2415,spicy_ital_l,1,02-10-15,12:34:39,20.75,20.75,L,Supreme,"Capocollo, Tomatoes, Goat Cheese, Artichokes, Peperoncini verdi, Garlic",The Spicy Italian Pizza
5464,2416,ital_supr_s,1,02-10-15,12:37:42,12.5,12.5,S,Supreme,"Calabrese Salami, Capocollo, Tomatoes, Red Onions, Green Olives, Garlic",The Italian Supreme Pizza
5465,2416,spicy_ital_l,1,02-10-15,12:37:42,20.75,20.75,L,Supreme,"Capocollo, Tomatoes, Goat Cheese, Artichokes, Peperoncini verdi, Garlic",The Spicy Italian Pizza
5466,2417,five_cheese_l,1,02-10-15,12:38:36,18.5,18.5,L,Veggie,"Mozzarella Cheese, Provolone Cheese, Smoked Gouda Cheese, Romano Cheese, Blue Cheese, Garlic",The Five Cheese Pizza
5467,2417,four_cheese_l,1,02-10-15,12:38:36,17.95,17.95,L,Veggie,"Ricotta Cheese, Gorgonzola Piccante Cheese, Mozzarella Cheese, Parmigiano Reggiano Cheese, Garlic",The Four Cheese Pizza
5468,2417,napolitana_s,1,02-10-15,12:38:36,12,12,S,Classic,"Tomatoes, Anchovies, Green Olives, Red Onions, Garlic",The Napolitana Pizza
5469,2417,prsc_argla_m,1,02-10-15,12:38:36,16.5,16.5,M,Supreme,"Prosciutto di San Daniele, Arugula, Mozzarella Cheese",The Prosciutto and Arugula Pizza
5470,2418,soppressata_m,1,02-10-15,12:40:03,16.5,16.5,M,Supreme,"Soppressata Salami, Fontina Cheese, Mozzarella Cheese, Mushrooms, Garlic",The Soppressata Pizza
5471,2419,sicilian_m,1,02-10-15,12:41:17,16.25,16.25,M,Supreme,"Coarse Sicilian Salami, Tomatoes, Green Olives, Luganega Sausage, Onions, Garlic",The Sicilian Pizza
5472,2420,spinach_fet_l,1,02-10-15,12:43:17,20.25,20.25,L,Veggie,"Spinach, Mushrooms, Red Onions, Feta Cheese, Garlic",The Spinach and Feta Pizza
5473,2421,thai_ckn_s,1,02-10-15,12:48:04,12.75,12.75,S,Chicken,"Chicken, Pineapple, Tomatoes, Red Peppers, Thai Sweet Chilli Sauce",The Thai Chicken Pizza
5474,2422,cali_ckn_l,1,02-10-15,12:58:32,20.75,20.75,L,Chicken,"Chicken, Artichoke, Spinach, Garlic, Jalapeno Peppers, Fontina Cheese, Gouda Cheese",The California Chicken Pizza
5475,2422,five_cheese_l,1,02-10-15,12:58:32,18.5,18.5,L,Veggie,"Mozzarella Cheese, Provolone Cheese, Smoked Gouda Cheese, Romano Cheese, Blue Cheese, Garlic",The Five Cheese Pizza
5476,2422,pepperoni_m,1,02-10-15,12:58:32,12.5,12.5,M,Classic,"Mozzarella Cheese, Pepperoni",The Pepperoni Pizza
5477,2422,spicy_ital_l,1,02-10-15,12:58:32,20.75,20.75,L,Supreme,"Capocollo, Tomatoes, Goat Cheese, Artichokes, Peperoncini verdi, Garlic",The Spicy Italian Pizza
5478,2423,hawaiian_m,1,02-10-15,13:04:06,13.25,13.25,M,Classic,"Sliced Ham, Pineapple, Mozzarella Cheese",The Hawaiian Pizza
5479,2423,napolitana_m,1,02-10-15,13:04:06,16,16,M,Classic,"Tomatoes, Anchovies, Green Olives, Red Onions, Garlic",The Napolitana Pizza
5480,2423,prsc_argla_s,1,02-10-15,13:04:06,12.5,12.5,S,Supreme,"Prosciutto di San Daniele, Arugula, Mozzarella Cheese",The Prosciutto and Arugula Pizza
5481,2424,brie_carre_s,1,02-10-15,13:04:23,23.65,23.65,S,Supreme,"Brie Carre Cheese, Prosciutto, Caramelized Onions, Pears, Thyme, Garlic",The Brie Carre Pizza
5482,2424,napolitana_m,1,02-10-15,13:04:23,16,16,M,Classic,"Tomatoes, Anchovies, Green Olives, Red Onions, Garlic",The Napolitana Pizza
5483,2425,spicy_ital_l,1,02-10-15,13:17:12,20.75,20.75,L,Supreme,"Capocollo, Tomatoes, Goat Cheese, Artichokes, Peperoncini verdi, Garlic",The Spicy Italian Pizza
5484,2426,classic_dlx_m,1,02-10-15,13:37:25,16,16,M,Classic,"Pepperoni, Mushrooms, Red Onions, Red Peppers, Bacon",The Classic Deluxe Pizza
5485,2426,green_garden_s,1,02-10-15,13:37:25,12,12,S,Veggie,"Spinach, Mushrooms, Tomatoes, Green Olives, Feta Cheese",The Green Garden Pizza
5486,2426,ital_cpcllo_l,1,02-10-15,13:37:25,20.5,20.5,L,Classic,"Capocollo, Red Peppers, Tomatoes, Goat Cheese, Garlic, Oregano",The Italian Capocollo Pizza
5487,2427,thai_ckn_l,1,02-10-15,13:42:50,20.75,20.75,L,Chicken,"Chicken, Pineapple, Tomatoes, Red Peppers, Thai Sweet Chilli Sauce",The Thai Chicken Pizza
5488,2428,sicilian_l,1,02-10-15,13:45:23,20.25,20.25,L,Supreme,"Coarse Sicilian Salami, Tomatoes, Green Olives, Luganega Sausage, Onions, Garlic",The Sicilian Pizza
5489,2429,spinach_fet_s,1,02-10-15,13:49:59,12,12,S,Veggie,"Spinach, Mushrooms, Red Onions, Feta Cheese, Garlic",The Spinach and Feta Pizza
5490,2430,mexicana_l,1,02-10-15,13:54:52,20.25,20.25,L,Veggie,"Tomatoes, Red Peppers, Jalapeno Peppers, Red Onions, Cilantro, Corn, Chipotle Sauce, Garlic",The Mexicana Pizza
5491,2430,napolitana_l,1,02-10-15,13:54:52,20.5,20.5,L,Classic,"Tomatoes, Anchovies, Green Olives, Red Onions, Garlic",The Napolitana Pizza
5492,2430,southw_ckn_l,1,02-10-15,13:54:52,20.75,20.75,L,Chicken,"Chicken, Tomatoes, Red Peppers, Red Onions, Jalapeno Peppers, Corn, Cilantro, Chipotle Sauce",The Southwest Chicken Pizza
5493,2431,cali_ckn_m,1,02-10-15,14:06:28,16.75,16.75,M,Chicken,"Chicken, Artichoke, Spinach, Garlic, Jalapeno Peppers, Fontina Cheese, Gouda Cheese",The California Chicken Pizza
5494,2431,four_cheese_l,1,02-10-15,14:06:28,17.95,17.95,L,Veggie,"Ricotta Cheese, Gorgonzola Piccante Cheese, Mozzarella Cheese, Parmigiano Reggiano Cheese, Garlic",The Four Cheese Pizza
5495,2431,ital_supr_l,1,02-10-15,14:06:28,20.75,20.75,L,Supreme,"Calabrese Salami, Capocollo, Tomatoes, Red Onions, Green Olives, Garlic",The Italian Supreme Pizza
5496,2431,ital_veggie_l,1,02-10-15,14:06:28,21,21,L,Veggie,"Eggplant, Artichokes, Tomatoes, Zucchini, Red Peppers, Garlic, Pesto Sauce",The Italian Vegetables Pizza
5497,2431,napolitana_l,1,02-10-15,14:06:28,20.5,20.5,L,Classic,"Tomatoes, Anchovies, Green Olives, Red Onions, Garlic",The Napolitana Pizza
5498,2431,sicilian_m,1,02-10-15,14:06:28,16.25,16.25,M,Supreme,"Coarse Sicilian Salami, Tomatoes, Green Olives, Luganega Sausage, Onions, Garlic",The Sicilian Pizza
5499,2431,sicilian_s,2,02-10-15,14:06:28,12.25,24.5,S,Supreme,"Coarse Sicilian Salami, Tomatoes, Green Olives, Luganega Sausage, Onions, Garlic",The Sicilian Pizza
5500,2431,spicy_ital_s,1,02-10-15,14:06:28,12.5,12.5,S,Supreme,"Capocollo, Tomatoes, Goat Cheese, Artichokes, Peperoncini verdi, Garlic",The Spicy Italian Pizza
5501,2432,five_cheese_l,1,02-10-15,14:11:49,18.5,18.5,L,Veggie,"Mozzarella Cheese, Provolone Cheese, Smoked Gouda Cheese, Romano Cheese, Blue Cheese, Garlic",The Five Cheese Pizza
5502,2432,ital_cpcllo_m,1,02-10-15,14:11:49,16,16,M,Classic,"Capocollo, Red Peppers, Tomatoes, Goat Cheese, Garlic, Oregano",The Italian Capocollo Pizza
5503,2432,sicilian_s,1,02-10-15,14:11:49,12.25,12.25,S,Supreme,"Coarse Sicilian Salami, Tomatoes, Green Olives, Luganega Sausage, Onions, Garlic",The Sicilian Pizza
5504,2432,the_greek_xl,1,02-10-15,14:11:49,25.5,25.5,XL,Classic,"Kalamata Olives, Feta Cheese, Tomatoes, Garlic, Beef Chuck Roast, Red Onions",The Greek Pizza
5505,2433,cali_ckn_l,1,02-10-15,14:23:45,20.75,20.75,L,Chicken,"Chicken, Artichoke, Spinach, Garlic, Jalapeno Peppers, Fontina Cheese, Gouda Cheese",The California Chicken Pizza
5506,2433,ital_veggie_l,1,02-10-15,14:23:45,21,21,L,Veggie,"Eggplant, Artichokes, Tomatoes, Zucchini, Red Peppers, Garlic, Pesto Sauce",The Italian Vegetables Pizza
5507,2433,spinach_supr_l,1,02-10-15,14:23:45,20.75,20.75,L,Supreme,"Spinach, Red Onions, Pepperoni, Tomatoes, Artichokes, Kalamata Olives, Garlic, Asiago Cheese",The Spinach Supreme Pizza
5508,2434,prsc_argla_s,1,02-10-15,14:25:40,12.5,12.5,S,Supreme,"Prosciutto di San Daniele, Arugula, Mozzarella Cheese",The Prosciutto and Arugula Pizza
5509,2435,mexicana_m,1,02-10-15,14:28:48,16,16,M,Veggie,"Tomatoes, Red Peppers, Jalapeno Peppers, Red Onions, Cilantro, Corn, Chipotle Sauce, Garlic",The Mexicana Pizza
5510,2436,peppr_salami_l,1,02-10-15,14:58:42,20.75,20.75,L,Supreme,"Genoa Salami, Capocollo, Pepperoni, Tomatoes, Asiago Cheese, Garlic",The Pepper Salami Pizza
5511,2436,southw_ckn_l,1,02-10-15,14:58:42,20.75,20.75,L,Chicken,"Chicken, Tomatoes, Red Peppers, Red Onions, Jalapeno Peppers, Corn, Cilantro, Chipotle Sauce",The Southwest Chicken Pizza
5512,2437,green_garden_s,1,02-10-15,15:01:08,12,12,S,Veggie,"Spinach, Mushrooms, Tomatoes, Green Olives, Feta Cheese",The Green Garden Pizza
5513,2437,sicilian_s,1,02-10-15,15:01:08,12.25,12.25,S,Supreme,"Coarse Sicilian Salami, Tomatoes, Green Olives, Luganega Sausage, Onions, Garlic",The Sicilian Pizza
5514,2438,sicilian_s,1,02-10-15,15:31:30,12.25,12.25,S,Supreme,"Coarse Sicilian Salami, Tomatoes, Green Olives, Luganega Sausage, Onions, Garlic",The Sicilian Pizza
5515,2439,napolitana_l,1,02-10-15,16:43:26,20.5,20.5,L,Classic,"Tomatoes, Anchovies, Green Olives, Red Onions, Garlic",The Napolitana Pizza
5516,2439,soppressata_l,1,02-10-15,16:43:26,20.75,20.75,L,Supreme,"Soppressata Salami, Fontina Cheese, Mozzarella Cheese, Mushrooms, Garlic",The Soppressata Pizza
5517,2440,classic_dlx_s,1,02-10-15,16:43:55,12,12,S,Classic,"Pepperoni, Mushrooms, Red Onions, Red Peppers, Bacon",The Classic Deluxe Pizza
5518,2440,ital_veggie_s,1,02-10-15,16:43:55,12.75,12.75,S,Veggie,"Eggplant, Artichokes, Tomatoes, Zucchini, Red Peppers, Garlic, Pesto Sauce",The Italian Vegetables Pizza
5519,2440,pepperoni_s,1,02-10-15,16:43:55,9.75,9.75,S,Classic,"Mozzarella Cheese, Pepperoni",The Pepperoni Pizza
5520,2441,spicy_ital_l,1,02-10-15,16:49:23,20.75,20.75,L,Supreme,"Capocollo, Tomatoes, Goat Cheese, Artichokes, Peperoncini verdi, Garlic",The Spicy Italian Pizza
5521,2442,bbq_ckn_l,2,02-10-15,16:49:38,20.75,41.5,L,Chicken,"Barbecued Chicken, Red Peppers, Green Peppers, Tomatoes, Red Onions, Barbecue Sauce",The Barbecue Chicken Pizza
5522,2442,brie_carre_s,1,02-10-15,16:49:38,23.65,23.65,S,Supreme,"Brie Carre Cheese, Prosciutto, Caramelized Onions, Pears, Thyme, Garlic",The Brie Carre Pizza
5523,2442,pep_msh_pep_s,1,02-10-15,16:49:38,11,11,S,Classic,"Pepperoni, Mushrooms, Green Peppers","The Pepperoni, Mushroom, and Peppers Pizza"
5524,2443,cali_ckn_s,1,02-10-15,16:54:05,12.75,12.75,S,Chicken,"Chicken, Artichoke, Spinach, Garlic, Jalapeno Peppers, Fontina Cheese, Gouda Cheese",The California Chicken Pizza
5525,2444,four_cheese_m,1,02-10-15,17:02:57,14.75,14.75,M,Veggie,"Ricotta Cheese, Gorgonzola Piccante Cheese, Mozzarella Cheese, Parmigiano Reggiano Cheese, Garlic",The Four Cheese Pizza
5526,2444,pepperoni_s,1,02-10-15,17:02:57,9.75,9.75,S,Classic,"Mozzarella Cheese, Pepperoni",The Pepperoni Pizza
5527,2445,big_meat_s,1,02-10-15,17:10:46,12,12,S,Classic,"Bacon, Pepperoni, Italian Sausage, Chorizo Sausage",The Big Meat Pizza
5528,2445,five_cheese_l,1,02-10-15,17:10:46,18.5,18.5,L,Veggie,"Mozzarella Cheese, Provolone Cheese, Smoked Gouda Cheese, Romano Cheese, Blue Cheese, Garlic",The Five Cheese Pizza
5529,2445,mexicana_l,1,02-10-15,17:10:46,20.25,20.25,L,Veggie,"Tomatoes, Red Peppers, Jalapeno Peppers, Red Onions, Cilantro, Corn, Chipotle Sauce, Garlic",The Mexicana Pizza
5530,2446,ckn_pesto_l,1,02-10-15,17:19:06,20.75,20.75,L,Chicken,"Chicken, Tomatoes, Red Peppers, Spinach, Garlic, Pesto Sauce",The Chicken Pesto Pizza
5531,2447,four_cheese_l,1,02-10-15,17:20:30,17.95,17.95,L,Veggie,"Ricotta Cheese, Gorgonzola Piccante Cheese, Mozzarella Cheese, Parmigiano Reggiano Cheese, Garlic",The Four Cheese Pizza
5532,2447,spin_pesto_l,1,02-10-15,17:20:30,20.75,20.75,L,Veggie,"Spinach, Artichokes, Tomatoes, Sun-dried Tomatoes, Garlic, Pesto Sauce",The Spinach Pesto Pizza
5533,2447,spinach_supr_s,1,02-10-15,17:20:30,12.5,12.5,S,Supreme,"Spinach, Red Onions, Pepperoni, Tomatoes, Artichokes, Kalamata Olives, Garlic, Asiago Cheese",The Spinach Supreme Pizza
5534,2447,thai_ckn_s,1,02-10-15,17:20:30,12.75,12.75,S,Chicken,"Chicken, Pineapple, Tomatoes, Red Peppers, Thai Sweet Chilli Sauce",The Thai Chicken Pizza
5535,2448,pep_msh_pep_m,1,02-10-15,17:26:11,14.5,14.5,M,Classic,"Pepperoni, Mushrooms, Green Peppers","The Pepperoni, Mushroom, and Peppers Pizza"
5536,2449,veggie_veg_s,1,02-10-15,17:51:44,12,12,S,Veggie,"Mushrooms, Tomatoes, Red Peppers, Green Peppers, Red Onions, Zucchini, Spinach, Garlic",The Vegetables + Vegetables Pizza
5537,2450,ital_cpcllo_m,1,02-10-15,17:55:50,16,16,M,Classic,"Capocollo, Red Peppers, Tomatoes, Goat Cheese, Garlic, Oregano",The Italian Capocollo Pizza
5538,2450,spicy_ital_s,1,02-10-15,17:55:50,12.5,12.5,S,Supreme,"Capocollo, Tomatoes, Goat Cheese, Artichokes, Peperoncini verdi, Garlic",The Spicy Italian Pizza
5539,2451,pepperoni_m,1,02-10-15,17:58:53,12.5,12.5,M,Classic,"Mozzarella Cheese, Pepperoni",The Pepperoni Pizza
5540,2451,southw_ckn_l,1,02-10-15,17:58:53,20.75,20.75,L,Chicken,"Chicken, Tomatoes, Red Peppers, Red Onions, Jalapeno Peppers, Corn, Cilantro, Chipotle Sauce",The Southwest Chicken Pizza
5541,2452,classic_dlx_s,1,02-10-15,18:09:01,12,12,S,Classic,"Pepperoni, Mushrooms, Red Onions, Red Peppers, Bacon",The Classic Deluxe Pizza
5542,2452,mediterraneo_s,1,02-10-15,18:09:01,12,12,S,Veggie,"Spinach, Artichokes, Kalamata Olives, Sun-dried Tomatoes, Feta Cheese, Plum Tomatoes, Red Onions",The Mediterranean Pizza
5543,2452,veggie_veg_l,1,02-10-15,18:09:01,20.25,20.25,L,Veggie,"Mushrooms, Tomatoes, Red Peppers, Green Peppers, Red Onions, Zucchini, Spinach, Garlic",The Vegetables + Vegetables Pizza
5544,2453,green_garden_m,1,02-10-15,18:51:01,16,16,M,Veggie,"Spinach, Mushrooms, Tomatoes, Green Olives, Feta Cheese",The Green Garden Pizza
5545,2454,ital_supr_l,1,02-10-15,19:00:37,20.75,20.75,L,Supreme,"Calabrese Salami, Capocollo, Tomatoes, Red Onions, Green Olives, Garlic",The Italian Supreme Pizza
5546,2454,thai_ckn_s,1,02-10-15,19:00:37,12.75,12.75,S,Chicken,"Chicken, Pineapple, Tomatoes, Red Peppers, Thai Sweet Chilli Sauce",The Thai Chicken Pizza
5547,2455,mexicana_l,1,02-10-15,19:07:28,20.25,20.25,L,Veggie,"Tomatoes, Red Peppers, Jalapeno Peppers, Red Onions, Cilantro, Corn, Chipotle Sauce, Garlic",The Mexicana Pizza
5548,2455,peppr_salami_m,1,02-10-15,19:07:28,16.5,16.5,M,Supreme,"Genoa Salami, Capocollo, Pepperoni, Tomatoes, Asiago Cheese, Garlic",The Pepper Salami Pizza
5549,2455,spinach_fet_m,1,02-10-15,19:07:28,16,16,M,Veggie,"Spinach, Mushrooms, Red Onions, Feta Cheese, Garlic",The Spinach and Feta Pizza
5550,2455,the_greek_s,1,02-10-15,19:07:28,12,12,S,Classic,"Kalamata Olives, Feta Cheese, Tomatoes, Garlic, Beef Chuck Roast, Red Onions",The Greek Pizza
5551,2456,green_garden_s,1,02-10-15,19:19:00,12,12,S,Veggie,"Spinach, Mushrooms, Tomatoes, Green Olives, Feta Cheese",The Green Garden Pizza
5552,2456,ital_cpcllo_l,1,02-10-15,19:19:00,20.5,20.5,L,Classic,"Capocollo, Red Peppers, Tomatoes, Goat Cheese, Garlic, Oregano",The Italian Capocollo Pizza
5553,2456,pep_msh_pep_l,1,02-10-15,19:19:00,17.5,17.5,L,Classic,"Pepperoni, Mushrooms, Green Peppers","The Pepperoni, Mushroom, and Peppers Pizza"
5554,2456,pepperoni_m,1,02-10-15,19:19:00,12.5,12.5,M,Classic,"Mozzarella Cheese, Pepperoni",The Pepperoni Pizza
5555,2457,napolitana_l,1,02-10-15,20:01:34,20.5,20.5,L,Classic,"Tomatoes, Anchovies, Green Olives, Red Onions, Garlic",The Napolitana Pizza
5556,2458,four_cheese_l,1,02-10-15,20:09:17,17.95,17.95,L,Veggie,"Ricotta Cheese, Gorgonzola Piccante Cheese, Mozzarella Cheese, Parmigiano Reggiano Cheese, Garlic",The Four Cheese Pizza
5557,2458,pepperoni_l,1,02-10-15,20:09:17,15.25,15.25,L,Classic,"Mozzarella Cheese, Pepperoni",The Pepperoni Pizza
5558,2458,southw_ckn_l,1,02-10-15,20:09:17,20.75,20.75,L,Chicken,"Chicken, Tomatoes, Red Peppers, Red Onions, Jalapeno Peppers, Corn, Cilantro, Chipotle Sauce",The Southwest Chicken Pizza
5559,2458,veggie_veg_s,1,02-10-15,20:09:17,12,12,S,Veggie,"Mushrooms, Tomatoes, Red Peppers, Green Peppers, Red Onions, Zucchini, Spinach, Garlic",The Vegetables + Vegetables Pizza
5560,2459,ckn_pesto_s,1,02-10-15,20:12:30,12.75,12.75,S,Chicken,"Chicken, Tomatoes, Red Peppers, Spinach, Garlic, Pesto Sauce",The Chicken Pesto Pizza
5561,2459,soppressata_s,1,02-10-15,20:12:30,12.5,12.5,S,Supreme,"Soppressata Salami, Fontina Cheese, Mozzarella Cheese, Mushrooms, Garlic",The Soppressata Pizza
5562,2460,napolitana_s,1,02-10-15,20:13:13,12,12,S,Classic,"Tomatoes, Anchovies, Green Olives, Red Onions, Garlic",The Napolitana Pizza
5563,2461,classic_dlx_s,1,02-10-15,20:14:23,12,12,S,Classic,"Pepperoni, Mushrooms, Red Onions, Red Peppers, Bacon",The Classic Deluxe Pizza
5564,2462,bbq_ckn_l,1,02-10-15,20:18:10,20.75,20.75,L,Chicken,"Barbecued Chicken, Red Peppers, Green Peppers, Tomatoes, Red Onions, Barbecue Sauce",The Barbecue Chicken Pizza
5565,2462,bbq_ckn_m,1,02-10-15,20:18:10,16.75,16.75,M,Chicken,"Barbecued Chicken, Red Peppers, Green Peppers, Tomatoes, Red Onions, Barbecue Sauce",The Barbecue Chicken Pizza
5566,2463,ital_cpcllo_m,1,02-10-15,20:20:20,16,16,M,Classic,"Capocollo, Red Peppers, Tomatoes, Goat Cheese, Garlic, Oregano",The Italian Capocollo Pizza
5567,2463,sicilian_l,1,02-10-15,20:20:20,20.25,20.25,L,Supreme,"Coarse Sicilian Salami, Tomatoes, Green Olives, Luganega Sausage, Onions, Garlic",The Sicilian Pizza
5568,2464,ital_veggie_m,1,02-10-15,20:20:24,16.75,16.75,M,Veggie,"Eggplant, Artichokes, Tomatoes, Zucchini, Red Peppers, Garlic, Pesto Sauce",The Italian Vegetables Pizza
5569,2465,brie_carre_s,1,02-10-15,20:33:37,23.65,23.65,S,Supreme,"Brie Carre Cheese, Prosciutto, Caramelized Onions, Pears, Thyme, Garlic",The Brie Carre Pizza
5570,2465,sicilian_m,1,02-10-15,20:33:37,16.25,16.25,M,Supreme,"Coarse Sicilian Salami, Tomatoes, Green Olives, Luganega Sausage, Onions, Garlic",The Sicilian Pizza
5571,2466,ital_supr_s,1,02-10-15,21:11:59,12.5,12.5,S,Supreme,"Calabrese Salami, Capocollo, Tomatoes, Red Onions, Green Olives, Garlic",The Italian Supreme Pizza
5572,2467,veggie_veg_m,1,02-10-15,21:35:04,16,16,M,Veggie,"Mushrooms, Tomatoes, Red Peppers, Green Peppers, Red Onions, Zucchini, Spinach, Garlic",The Vegetables + Vegetables Pizza
5573,2468,spin_pesto_s,1,02-11-15,11:44:12,12.5,12.5,S,Veggie,"Spinach, Artichokes, Tomatoes, Sun-dried Tomatoes, Garlic, Pesto Sauce",The Spinach Pesto Pizza
5574,2469,ital_cpcllo_l,1,02-11-15,11:44:58,20.5,20.5,L,Classic,"Capocollo, Red Peppers, Tomatoes, Goat Cheese, Garlic, Oregano",The Italian Capocollo Pizza
5575,2470,four_cheese_l,1,02-11-15,11:46:05,17.95,17.95,L,Veggie,"Ricotta Cheese, Gorgonzola Piccante Cheese, Mozzarella Cheese, Parmigiano Reggiano Cheese, Garlic",The Four Cheese Pizza
5576,2470,pepperoni_m,1,02-11-15,11:46:05,12.5,12.5,M,Classic,"Mozzarella Cheese, Pepperoni",The Pepperoni Pizza
5577,2471,big_meat_s,1,02-11-15,11:48:07,12,12,S,Classic,"Bacon, Pepperoni, Italian Sausage, Chorizo Sausage",The Big Meat Pizza
5578,2471,cali_ckn_m,1,02-11-15,11:48:07,16.75,16.75,M,Chicken,"Chicken, Artichoke, Spinach, Garlic, Jalapeno Peppers, Fontina Cheese, Gouda Cheese",The California Chicken Pizza
5579,2471,cali_ckn_s,1,02-11-15,11:48:07,12.75,12.75,S,Chicken,"Chicken, Artichoke, Spinach, Garlic, Jalapeno Peppers, Fontina Cheese, Gouda Cheese",The California Chicken Pizza
5580,2471,classic_dlx_s,1,02-11-15,11:48:07,12,12,S,Classic,"Pepperoni, Mushrooms, Red Onions, Red Peppers, Bacon",The Classic Deluxe Pizza
5581,2471,four_cheese_l,1,02-11-15,11:48:07,17.95,17.95,L,Veggie,"Ricotta Cheese, Gorgonzola Piccante Cheese, Mozzarella Cheese, Parmigiano Reggiano Cheese, Garlic",The Four Cheese Pizza
5582,2471,four_cheese_m,1,02-11-15,11:48:07,14.75,14.75,M,Veggie,"Ricotta Cheese, Gorgonzola Piccante Cheese, Mozzarella Cheese, Parmigiano Reggiano Cheese, Garlic",The Four Cheese Pizza
5583,2471,hawaiian_s,2,02-11-15,11:48:07,10.5,21,S,Classic,"Sliced Ham, Pineapple, Mozzarella Cheese",The Hawaiian Pizza
5584,2471,southw_ckn_m,1,02-11-15,11:48:07,16.75,16.75,M,Chicken,"Chicken, Tomatoes, Red Peppers, Red Onions, Jalapeno Peppers, Corn, Cilantro, Chipotle Sauce",The Southwest Chicken Pizza
5585,2472,classic_dlx_l,1,02-11-15,11:53:20,20.5,20.5,L,Classic,"Pepperoni, Mushrooms, Red Onions, Red Peppers, Bacon",The Classic Deluxe Pizza
5586,2473,spinach_supr_l,1,02-11-15,12:00:54,20.75,20.75,L,Supreme,"Spinach, Red Onions, Pepperoni, Tomatoes, Artichokes, Kalamata Olives, Garlic, Asiago Cheese",The Spinach Supreme Pizza
5587,2474,ckn_alfredo_m,1,02-11-15,12:02:54,16.75,16.75,M,Chicken,"Chicken, Red Onions, Red Peppers, Mushrooms, Asiago Cheese, Alfredo Sauce",The Chicken Alfredo Pizza
5588,2475,peppr_salami_s,1,02-11-15,12:08:37,12.5,12.5,S,Supreme,"Genoa Salami, Capocollo, Pepperoni, Tomatoes, Asiago Cheese, Garlic",The Pepper Salami Pizza
5589,2476,four_cheese_l,1,02-11-15,12:11:27,17.95,17.95,L,Veggie,"Ricotta Cheese, Gorgonzola Piccante Cheese, Mozzarella Cheese, Parmigiano Reggiano Cheese, Garlic",The Four Cheese Pizza
5590,2476,hawaiian_s,1,02-11-15,12:11:27,10.5,10.5,S,Classic,"Sliced Ham, Pineapple, Mozzarella Cheese",The Hawaiian Pizza
5591,2477,ckn_alfredo_s,1,02-11-15,12:20:06,12.75,12.75,S,Chicken,"Chicken, Red Onions, Red Peppers, Mushrooms, Asiago Cheese, Alfredo Sauce",The Chicken Alfredo Pizza
5592,2477,thai_ckn_s,1,02-11-15,12:20:06,12.75,12.75,S,Chicken,"Chicken, Pineapple, Tomatoes, Red Peppers, Thai Sweet Chilli Sauce",The Thai Chicken Pizza
5593,2478,pepperoni_l,1,02-11-15,12:27:39,15.25,15.25,L,Classic,"Mozzarella Cheese, Pepperoni",The Pepperoni Pizza
5594,2478,southw_ckn_l,1,02-11-15,12:27:39,20.75,20.75,L,Chicken,"Chicken, Tomatoes, Red Peppers, Red Onions, Jalapeno Peppers, Corn, Cilantro, Chipotle Sauce",The Southwest Chicken Pizza
5595,2479,bbq_ckn_m,2,02-11-15,12:35:27,16.75,33.5,M,Chicken,"Barbecued Chicken, Red Peppers, Green Peppers, Tomatoes, Red Onions, Barbecue Sauce",The Barbecue Chicken Pizza
5596,2479,classic_dlx_l,1,02-11-15,12:35:27,20.5,20.5,L,Classic,"Pepperoni, Mushrooms, Red Onions, Red Peppers, Bacon",The Classic Deluxe Pizza
5597,2479,classic_dlx_s,1,02-11-15,12:35:27,12,12,S,Classic,"Pepperoni, Mushrooms, Red Onions, Red Peppers, Bacon",The Classic Deluxe Pizza
5598,2479,the_greek_m,1,02-11-15,12:35:27,16,16,M,Classic,"Kalamata Olives, Feta Cheese, Tomatoes, Garlic, Beef Chuck Roast, Red Onions",The Greek Pizza
5599,2479,veggie_veg_l,1,02-11-15,12:35:27,20.25,20.25,L,Veggie,"Mushrooms, Tomatoes, Red Peppers, Green Peppers, Red Onions, Zucchini, Spinach, Garlic",The Vegetables + Vegetables Pizza
5600,2480,pepperoni_s,1,02-11-15,12:42:27,9.75,9.75,S,Classic,"Mozzarella Cheese, Pepperoni",The Pepperoni Pizza
5601,2481,classic_dlx_l,1,02-11-15,12:54:36,20.5,20.5,L,Classic,"Pepperoni, Mushrooms, Red Onions, Red Peppers, Bacon",The Classic Deluxe Pizza
5602,2481,spinach_supr_l,1,02-11-15,12:54:36,20.75,20.75,L,Supreme,"Spinach, Red Onions, Pepperoni, Tomatoes, Artichokes, Kalamata Olives, Garlic, Asiago Cheese",The Spinach Supreme Pizza
5603,2482,prsc_argla_s,1,02-11-15,12:55:29,12.5,12.5,S,Supreme,"Prosciutto di San Daniele, Arugula, Mozzarella Cheese",The Prosciutto and Arugula Pizza
5604,2483,pepperoni_s,1,02-11-15,12:56:55,9.75,9.75,S,Classic,"Mozzarella Cheese, Pepperoni",The Pepperoni Pizza
5605,2484,mexicana_l,1,02-11-15,13:14:20,20.25,20.25,L,Veggie,"Tomatoes, Red Peppers, Jalapeno Peppers, Red Onions, Cilantro, Corn, Chipotle Sauce, Garlic",The Mexicana Pizza
5606,2485,five_cheese_l,1,02-11-15,13:22:08,18.5,18.5,L,Veggie,"Mozzarella Cheese, Provolone Cheese, Smoked Gouda Cheese, Romano Cheese, Blue Cheese, Garlic",The Five Cheese Pizza
5607,2485,ital_supr_m,1,02-11-15,13:22:08,16.5,16.5,M,Supreme,"Calabrese Salami, Capocollo, Tomatoes, Red Onions, Green Olives, Garlic",The Italian Supreme Pizza
5608,2485,mexicana_l,1,02-11-15,13:22:08,20.25,20.25,L,Veggie,"Tomatoes, Red Peppers, Jalapeno Peppers, Red Onions, Cilantro, Corn, Chipotle Sauce, Garlic",The Mexicana Pizza
5609,2485,pepperoni_m,1,02-11-15,13:22:08,12.5,12.5,M,Classic,"Mozzarella Cheese, Pepperoni",The Pepperoni Pizza
5610,2486,cali_ckn_m,1,02-11-15,13:30:45,16.75,16.75,M,Chicken,"Chicken, Artichoke, Spinach, Garlic, Jalapeno Peppers, Fontina Cheese, Gouda Cheese",The California Chicken Pizza
5611,2486,ckn_alfredo_l,1,02-11-15,13:30:45,20.75,20.75,L,Chicken,"Chicken, Red Onions, Red Peppers, Mushrooms, Asiago Cheese, Alfredo Sauce",The Chicken Alfredo Pizza
5612,2486,spicy_ital_l,1,02-11-15,13:30:45,20.75,20.75,L,Supreme,"Capocollo, Tomatoes, Goat Cheese, Artichokes, Peperoncini verdi, Garlic",The Spicy Italian Pizza
5613,2486,spinach_fet_m,1,02-11-15,13:30:45,16,16,M,Veggie,"Spinach, Mushrooms, Red Onions, Feta Cheese, Garlic",The Spinach and Feta Pizza
5614,2487,the_greek_xl,1,02-11-15,13:34:18,25.5,25.5,XL,Classic,"Kalamata Olives, Feta Cheese, Tomatoes, Garlic, Beef Chuck Roast, Red Onions",The Greek Pizza
5615,2488,bbq_ckn_m,1,02-11-15,13:43:20,16.75,16.75,M,Chicken,"Barbecued Chicken, Red Peppers, Green Peppers, Tomatoes, Red Onions, Barbecue Sauce",The Barbecue Chicken Pizza
5616,2488,ital_supr_m,1,02-11-15,13:43:20,16.5,16.5,M,Supreme,"Calabrese Salami, Capocollo, Tomatoes, Red Onions, Green Olives, Garlic",The Italian Supreme Pizza
5617,2488,peppr_salami_l,1,02-11-15,13:43:20,20.75,20.75,L,Supreme,"Genoa Salami, Capocollo, Pepperoni, Tomatoes, Asiago Cheese, Garlic",The Pepper Salami Pizza
5618,2488,thai_ckn_l,1,02-11-15,13:43:20,20.75,20.75,L,Chicken,"Chicken, Pineapple, Tomatoes, Red Peppers, Thai Sweet Chilli Sauce",The Thai Chicken Pizza
5619,2489,classic_dlx_m,1,02-11-15,13:52:56,16,16,M,Classic,"Pepperoni, Mushrooms, Red Onions, Red Peppers, Bacon",The Classic Deluxe Pizza
5620,2490,ckn_pesto_m,1,02-11-15,13:58:36,16.75,16.75,M,Chicken,"Chicken, Tomatoes, Red Peppers, Spinach, Garlic, Pesto Sauce",The Chicken Pesto Pizza
5621,2491,five_cheese_l,1,02-11-15,14:00:00,18.5,18.5,L,Veggie,"Mozzarella Cheese, Provolone Cheese, Smoked Gouda Cheese, Romano Cheese, Blue Cheese, Garlic",The Five Cheese Pizza
5622,2491,hawaiian_l,1,02-11-15,14:00:00,16.5,16.5,L,Classic,"Sliced Ham, Pineapple, Mozzarella Cheese",The Hawaiian Pizza
5623,2491,pep_msh_pep_m,1,02-11-15,14:00:00,14.5,14.5,M,Classic,"Pepperoni, Mushrooms, Green Peppers","The Pepperoni, Mushroom, and Peppers Pizza"
5624,2491,soppressata_s,1,02-11-15,14:00:00,12.5,12.5,S,Supreme,"Soppressata Salami, Fontina Cheese, Mozzarella Cheese, Mushrooms, Garlic",The Soppressata Pizza
5625,2491,southw_ckn_l,1,02-11-15,14:00:00,20.75,20.75,L,Chicken,"Chicken, Tomatoes, Red Peppers, Red Onions, Jalapeno Peppers, Corn, Cilantro, Chipotle Sauce",The Southwest Chicken Pizza
5626,2491,thai_ckn_l,1,02-11-15,14:00:00,20.75,20.75,L,Chicken,"Chicken, Pineapple, Tomatoes, Red Peppers, Thai Sweet Chilli Sauce",The Thai Chicken Pizza
5627,2492,bbq_ckn_s,1,02-11-15,14:20:32,12.75,12.75,S,Chicken,"Barbecued Chicken, Red Peppers, Green Peppers, Tomatoes, Red Onions, Barbecue Sauce",The Barbecue Chicken Pizza
5628,2493,big_meat_s,1,02-11-15,14:40:54,12,12,S,Classic,"Bacon, Pepperoni, Italian Sausage, Chorizo Sausage",The Big Meat Pizza
5629,2493,ckn_pesto_l,1,02-11-15,14:40:54,20.75,20.75,L,Chicken,"Chicken, Tomatoes, Red Peppers, Spinach, Garlic, Pesto Sauce",The Chicken Pesto Pizza
5630,2494,cali_ckn_l,1,02-11-15,14:41:21,20.75,20.75,L,Chicken,"Chicken, Artichoke, Spinach, Garlic, Jalapeno Peppers, Fontina Cheese, Gouda Cheese",The California Chicken Pizza
5631,2495,hawaiian_m,1,02-11-15,14:50:55,13.25,13.25,M,Classic,"Sliced Ham, Pineapple, Mozzarella Cheese",The Hawaiian Pizza
5632,2496,four_cheese_l,1,02-11-15,15:02:30,17.95,17.95,L,Veggie,"Ricotta Cheese, Gorgonzola Piccante Cheese, Mozzarella Cheese, Parmigiano Reggiano Cheese, Garlic",The Four Cheese Pizza
5633,2496,four_cheese_m,1,02-11-15,15:02:30,14.75,14.75,M,Veggie,"Ricotta Cheese, Gorgonzola Piccante Cheese, Mozzarella Cheese, Parmigiano Reggiano Cheese, Garlic",The Four Cheese Pizza
5634,2496,ital_veggie_m,1,02-11-15,15:02:30,16.75,16.75,M,Veggie,"Eggplant, Artichokes, Tomatoes, Zucchini, Red Peppers, Garlic, Pesto Sauce",The Italian Vegetables Pizza
5635,2497,calabrese_m,1,02-11-15,15:12:46,16.25,16.25,M,Supreme,"æ…›duja Salami, Pancetta, Tomatoes, Red Onions, Friggitello Peppers, Garlic",The Calabrese Pizza
5636,2497,four_cheese_l,1,02-11-15,15:12:46,17.95,17.95,L,Veggie,"Ricotta Cheese, Gorgonzola Piccante Cheese, Mozzarella Cheese, Parmigiano Reggiano Cheese, Garlic",The Four Cheese Pizza
5637,2497,mexicana_m,1,02-11-15,15:12:46,16,16,M,Veggie,"Tomatoes, Red Peppers, Jalapeno Peppers, Red Onions, Cilantro, Corn, Chipotle Sauce, Garlic",The Mexicana Pizza
5638,2497,pepperoni_l,1,02-11-15,15:12:46,15.25,15.25,L,Classic,"Mozzarella Cheese, Pepperoni",The Pepperoni Pizza
5639,2498,classic_dlx_s,1,02-11-15,15:23:21,12,12,S,Classic,"Pepperoni, Mushrooms, Red Onions, Red Peppers, Bacon",The Classic Deluxe Pizza
5640,2499,spicy_ital_l,1,02-11-15,16:34:30,20.75,20.75,L,Supreme,"Capocollo, Tomatoes, Goat Cheese, Artichokes, Peperoncini verdi, Garlic",The Spicy Italian Pizza
5641,2500,five_cheese_l,1,02-11-15,17:00:13,18.5,18.5,L,Veggie,"Mozzarella Cheese, Provolone Cheese, Smoked Gouda Cheese, Romano Cheese, Blue Cheese, Garlic",The Five Cheese Pizza
5642,2501,southw_ckn_l,1,02-11-15,17:00:41,20.75,20.75,L,Chicken,"Chicken, Tomatoes, Red Peppers, Red Onions, Jalapeno Peppers, Corn, Cilantro, Chipotle Sauce",The Southwest Chicken Pizza
5643,2502,classic_dlx_m,1,02-11-15,17:08:01,16,16,M,Classic,"Pepperoni, Mushrooms, Red Onions, Red Peppers, Bacon",The Classic Deluxe Pizza
5644,2502,five_cheese_l,1,02-11-15,17:08:01,18.5,18.5,L,Veggie,"Mozzarella Cheese, Provolone Cheese, Smoked Gouda Cheese, Romano Cheese, Blue Cheese, Garlic",The Five Cheese Pizza
5645,2502,ital_veggie_l,1,02-11-15,17:08:01,21,21,L,Veggie,"Eggplant, Artichokes, Tomatoes, Zucchini, Red Peppers, Garlic, Pesto Sauce",The Italian Vegetables Pizza
5646,2503,sicilian_s,1,02-11-15,17:08:24,12.25,12.25,S,Supreme,"Coarse Sicilian Salami, Tomatoes, Green Olives, Luganega Sausage, Onions, Garlic",The Sicilian Pizza
5647,2503,veggie_veg_m,1,02-11-15,17:08:24,16,16,M,Veggie,"Mushrooms, Tomatoes, Red Peppers, Green Peppers, Red Onions, Zucchini, Spinach, Garlic",The Vegetables + Vegetables Pizza
5648,2504,pepperoni_s,1,02-11-15,17:12:25,9.75,9.75,S,Classic,"Mozzarella Cheese, Pepperoni",The Pepperoni Pizza
5649,2504,prsc_argla_s,1,02-11-15,17:12:25,12.5,12.5,S,Supreme,"Prosciutto di San Daniele, Arugula, Mozzarella Cheese",The Prosciutto and Arugula Pizza
5650,2505,ital_supr_m,1,02-11-15,17:22:02,16.5,16.5,M,Supreme,"Calabrese Salami, Capocollo, Tomatoes, Red Onions, Green Olives, Garlic",The Italian Supreme Pizza
5651,2505,mediterraneo_m,1,02-11-15,17:22:02,16,16,M,Veggie,"Spinach, Artichokes, Kalamata Olives, Sun-dried Tomatoes, Feta Cheese, Plum Tomatoes, Red Onions",The Mediterranean Pizza
5652,2506,ckn_pesto_s,1,02-11-15,17:44:46,12.75,12.75,S,Chicken,"Chicken, Tomatoes, Red Peppers, Spinach, Garlic, Pesto Sauce",The Chicken Pesto Pizza
5653,2506,classic_dlx_s,1,02-11-15,17:44:46,12,12,S,Classic,"Pepperoni, Mushrooms, Red Onions, Red Peppers, Bacon",The Classic Deluxe Pizza
5654,2506,four_cheese_m,1,02-11-15,17:44:46,14.75,14.75,M,Veggie,"Ricotta Cheese, Gorgonzola Piccante Cheese, Mozzarella Cheese, Parmigiano Reggiano Cheese, Garlic",The Four Cheese Pizza
5655,2506,pepperoni_s,1,02-11-15,17:44:46,9.75,9.75,S,Classic,"Mozzarella Cheese, Pepperoni",The Pepperoni Pizza
5656,2507,ckn_pesto_l,1,02-11-15,17:47:02,20.75,20.75,L,Chicken,"Chicken, Tomatoes, Red Peppers, Spinach, Garlic, Pesto Sauce",The Chicken Pesto Pizza
5657,2507,green_garden_s,1,02-11-15,17:47:02,12,12,S,Veggie,"Spinach, Mushrooms, Tomatoes, Green Olives, Feta Cheese",The Green Garden Pizza
5658,2507,hawaiian_l,1,02-11-15,17:47:02,16.5,16.5,L,Classic,"Sliced Ham, Pineapple, Mozzarella Cheese",The Hawaiian Pizza
5659,2507,sicilian_s,1,02-11-15,17:47:02,12.25,12.25,S,Supreme,"Coarse Sicilian Salami, Tomatoes, Green Olives, Luganega Sausage, Onions, Garlic",The Sicilian Pizza
5660,2508,green_garden_s,1,02-11-15,17:47:30,12,12,S,Veggie,"Spinach, Mushrooms, Tomatoes, Green Olives, Feta Cheese",The Green Garden Pizza
5661,2508,hawaiian_s,1,02-11-15,17:47:30,10.5,10.5,S,Classic,"Sliced Ham, Pineapple, Mozzarella Cheese",The Hawaiian Pizza
5662,2509,ital_supr_m,1,02-11-15,17:49:56,16.5,16.5,M,Supreme,"Calabrese Salami, Capocollo, Tomatoes, Red Onions, Green Olives, Garlic",The Italian Supreme Pizza
5663,2510,calabrese_l,1,02-11-15,17:53:00,20.25,20.25,L,Supreme,"æ…›duja Salami, Pancetta, Tomatoes, Red Onions, Friggitello Peppers, Garlic",The Calabrese Pizza
5664,2511,hawaiian_l,1,02-11-15,18:00:12,16.5,16.5,L,Classic,"Sliced Ham, Pineapple, Mozzarella Cheese",The Hawaiian Pizza
5665,2511,mexicana_l,1,02-11-15,18:00:12,20.25,20.25,L,Veggie,"Tomatoes, Red Peppers, Jalapeno Peppers, Red Onions, Cilantro, Corn, Chipotle Sauce, Garlic",The Mexicana Pizza
5666,2511,pepperoni_m,1,02-11-15,18:00:12,12.5,12.5,M,Classic,"Mozzarella Cheese, Pepperoni",The Pepperoni Pizza
5667,2512,big_meat_s,1,02-11-15,18:02:54,12,12,S,Classic,"Bacon, Pepperoni, Italian Sausage, Chorizo Sausage",The Big Meat Pizza
5668,2512,hawaiian_s,1,02-11-15,18:02:54,10.5,10.5,S,Classic,"Sliced Ham, Pineapple, Mozzarella Cheese",The Hawaiian Pizza
5669,2512,mexicana_l,1,02-11-15,18:02:54,20.25,20.25,L,Veggie,"Tomatoes, Red Peppers, Jalapeno Peppers, Red Onions, Cilantro, Corn, Chipotle Sauce, Garlic",The Mexicana Pizza
5670,2512,sicilian_s,1,02-11-15,18:02:54,12.25,12.25,S,Supreme,"Coarse Sicilian Salami, Tomatoes, Green Olives, Luganega Sausage, Onions, Garlic",The Sicilian Pizza
5671,2513,sicilian_m,1,02-11-15,18:21:25,16.25,16.25,M,Supreme,"Coarse Sicilian Salami, Tomatoes, Green Olives, Luganega Sausage, Onions, Garlic",The Sicilian Pizza
5672,2514,hawaiian_s,1,02-11-15,18:25:46,10.5,10.5,S,Classic,"Sliced Ham, Pineapple, Mozzarella Cheese",The Hawaiian Pizza
5673,2514,southw_ckn_l,1,02-11-15,18:25:46,20.75,20.75,L,Chicken,"Chicken, Tomatoes, Red Peppers, Red Onions, Jalapeno Peppers, Corn, Cilantro, Chipotle Sauce",The Southwest Chicken Pizza
5674,2515,ckn_alfredo_m,1,02-11-15,18:46:12,16.75,16.75,M,Chicken,"Chicken, Red Onions, Red Peppers, Mushrooms, Asiago Cheese, Alfredo Sauce",The Chicken Alfredo Pizza
5675,2515,pep_msh_pep_l,1,02-11-15,18:46:12,17.5,17.5,L,Classic,"Pepperoni, Mushrooms, Green Peppers","The Pepperoni, Mushroom, and Peppers Pizza"
5676,2515,sicilian_l,1,02-11-15,18:46:12,20.25,20.25,L,Supreme,"Coarse Sicilian Salami, Tomatoes, Green Olives, Luganega Sausage, Onions, Garlic",The Sicilian Pizza
5677,2515,veggie_veg_l,1,02-11-15,18:46:12,20.25,20.25,L,Veggie,"Mushrooms, Tomatoes, Red Peppers, Green Peppers, Red Onions, Zucchini, Spinach, Garlic",The Vegetables + Vegetables Pizza
5678,2516,cali_ckn_s,1,02-11-15,18:50:33,12.75,12.75,S,Chicken,"Chicken, Artichoke, Spinach, Garlic, Jalapeno Peppers, Fontina Cheese, Gouda Cheese",The California Chicken Pizza
5679,2516,green_garden_m,1,02-11-15,18:50:33,16,16,M,Veggie,"Spinach, Mushrooms, Tomatoes, Green Olives, Feta Cheese",The Green Garden Pizza
5680,2517,spin_pesto_m,1,02-11-15,18:56:35,16.5,16.5,M,Veggie,"Spinach, Artichokes, Tomatoes, Sun-dried Tomatoes, Garlic, Pesto Sauce",The Spinach Pesto Pizza
5681,2518,calabrese_m,1,02-11-15,19:02:19,16.25,16.25,M,Supreme,"æ…›duja Salami, Pancetta, Tomatoes, Red Onions, Friggitello Peppers, Garlic",The Calabrese Pizza
5682,2518,peppr_salami_s,1,02-11-15,19:02:19,12.5,12.5,S,Supreme,"Genoa Salami, Capocollo, Pepperoni, Tomatoes, Asiago Cheese, Garlic",The Pepper Salami Pizza
5683,2518,spinach_fet_m,1,02-11-15,19:02:19,16,16,M,Veggie,"Spinach, Mushrooms, Red Onions, Feta Cheese, Garlic",The Spinach and Feta Pizza
5684,2518,spinach_supr_s,1,02-11-15,19:02:19,12.5,12.5,S,Supreme,"Spinach, Red Onions, Pepperoni, Tomatoes, Artichokes, Kalamata Olives, Garlic, Asiago Cheese",The Spinach Supreme Pizza
5685,2519,pepperoni_l,1,02-11-15,19:04:08,15.25,15.25,L,Classic,"Mozzarella Cheese, Pepperoni",The Pepperoni Pizza
5686,2519,spicy_ital_m,1,02-11-15,19:04:08,16.5,16.5,M,Supreme,"Capocollo, Tomatoes, Goat Cheese, Artichokes, Peperoncini verdi, Garlic",The Spicy Italian Pizza
5687,2520,ital_veggie_s,1,02-11-15,19:06:07,12.75,12.75,S,Veggie,"Eggplant, Artichokes, Tomatoes, Zucchini, Red Peppers, Garlic, Pesto Sauce",The Italian Vegetables Pizza
5688,2521,pepperoni_s,1,02-11-15,19:11:58,9.75,9.75,S,Classic,"Mozzarella Cheese, Pepperoni",The Pepperoni Pizza
5689,2521,sicilian_l,1,02-11-15,19:11:58,20.25,20.25,L,Supreme,"Coarse Sicilian Salami, Tomatoes, Green Olives, Luganega Sausage, Onions, Garlic",The Sicilian Pizza
5690,2522,four_cheese_m,1,02-11-15,19:25:46,14.75,14.75,M,Veggie,"Ricotta Cheese, Gorgonzola Piccante Cheese, Mozzarella Cheese, Parmigiano Reggiano Cheese, Garlic",The Four Cheese Pizza
5691,2522,napolitana_l,1,02-11-15,19:25:46,20.5,20.5,L,Classic,"Tomatoes, Anchovies, Green Olives, Red Onions, Garlic",The Napolitana Pizza
5692,2522,soppressata_l,1,02-11-15,19:25:46,20.75,20.75,L,Supreme,"Soppressata Salami, Fontina Cheese, Mozzarella Cheese, Mushrooms, Garlic",The Soppressata Pizza
5693,2522,thai_ckn_s,1,02-11-15,19:25:46,12.75,12.75,S,Chicken,"Chicken, Pineapple, Tomatoes, Red Peppers, Thai Sweet Chilli Sauce",The Thai Chicken Pizza
5694,2523,four_cheese_l,1,02-11-15,19:30:16,17.95,17.95,L,Veggie,"Ricotta Cheese, Gorgonzola Piccante Cheese, Mozzarella Cheese, Parmigiano Reggiano Cheese, Garlic",The Four Cheese Pizza
5695,2523,mediterraneo_m,1,02-11-15,19:30:16,16,16,M,Veggie,"Spinach, Artichokes, Kalamata Olives, Sun-dried Tomatoes, Feta Cheese, Plum Tomatoes, Red Onions",The Mediterranean Pizza
5696,2523,thai_ckn_l,1,02-11-15,19:30:16,20.75,20.75,L,Chicken,"Chicken, Pineapple, Tomatoes, Red Peppers, Thai Sweet Chilli Sauce",The Thai Chicken Pizza
5697,2523,veggie_veg_m,1,02-11-15,19:30:16,16,16,M,Veggie,"Mushrooms, Tomatoes, Red Peppers, Green Peppers, Red Onions, Zucchini, Spinach, Garlic",The Vegetables + Vegetables Pizza
5698,2524,five_cheese_l,1,02-11-15,19:31:47,18.5,18.5,L,Veggie,"Mozzarella Cheese, Provolone Cheese, Smoked Gouda Cheese, Romano Cheese, Blue Cheese, Garlic",The Five Cheese Pizza
5699,2524,four_cheese_l,1,02-11-15,19:31:47,17.95,17.95,L,Veggie,"Ricotta Cheese, Gorgonzola Piccante Cheese, Mozzarella Cheese, Parmigiano Reggiano Cheese, Garlic",The Four Cheese Pizza
5700,2524,pep_msh_pep_s,1,02-11-15,19:31:47,11,11,S,Classic,"Pepperoni, Mushrooms, Green Peppers","The Pepperoni, Mushroom, and Peppers Pizza"
5701,2524,thai_ckn_s,1,02-11-15,19:31:47,12.75,12.75,S,Chicken,"Chicken, Pineapple, Tomatoes, Red Peppers, Thai Sweet Chilli Sauce",The Thai Chicken Pizza
5702,2525,green_garden_m,1,02-11-15,19:32:54,16,16,M,Veggie,"Spinach, Mushrooms, Tomatoes, Green Olives, Feta Cheese",The Green Garden Pizza
5703,2526,big_meat_s,1,02-11-15,19:36:30,12,12,S,Classic,"Bacon, Pepperoni, Italian Sausage, Chorizo Sausage",The Big Meat Pizza
5704,2526,four_cheese_l,1,02-11-15,19:36:30,17.95,17.95,L,Veggie,"Ricotta Cheese, Gorgonzola Piccante Cheese, Mozzarella Cheese, Parmigiano Reggiano Cheese, Garlic",The Four Cheese Pizza
5705,2527,bbq_ckn_m,1,02-11-15,19:53:46,16.75,16.75,M,Chicken,"Barbecued Chicken, Red Peppers, Green Peppers, Tomatoes, Red Onions, Barbecue Sauce",The Barbecue Chicken Pizza
5706,2527,ital_veggie_s,1,02-11-15,19:53:46,12.75,12.75,S,Veggie,"Eggplant, Artichokes, Tomatoes, Zucchini, Red Peppers, Garlic, Pesto Sauce",The Italian Vegetables Pizza
5707,2527,spin_pesto_s,1,02-11-15,19:53:46,12.5,12.5,S,Veggie,"Spinach, Artichokes, Tomatoes, Sun-dried Tomatoes, Garlic, Pesto Sauce",The Spinach Pesto Pizza
5708,2528,cali_ckn_l,1,02-11-15,19:54:40,20.75,20.75,L,Chicken,"Chicken, Artichoke, Spinach, Garlic, Jalapeno Peppers, Fontina Cheese, Gouda Cheese",The California Chicken Pizza
5709,2528,pepperoni_s,1,02-11-15,19:54:40,9.75,9.75,S,Classic,"Mozzarella Cheese, Pepperoni",The Pepperoni Pizza
5710,2529,four_cheese_l,1,02-11-15,20:06:11,17.95,17.95,L,Veggie,"Ricotta Cheese, Gorgonzola Piccante Cheese, Mozzarella Cheese, Parmigiano Reggiano Cheese, Garlic",The Four Cheese Pizza
5711,2529,hawaiian_s,1,02-11-15,20:06:11,10.5,10.5,S,Classic,"Sliced Ham, Pineapple, Mozzarella Cheese",The Hawaiian Pizza
5712,2529,pepperoni_l,1,02-11-15,20:06:11,15.25,15.25,L,Classic,"Mozzarella Cheese, Pepperoni",The Pepperoni Pizza
5713,2529,veggie_veg_m,1,02-11-15,20:06:11,16,16,M,Veggie,"Mushrooms, Tomatoes, Red Peppers, Green Peppers, Red Onions, Zucchini, Spinach, Garlic",The Vegetables + Vegetables Pizza
5714,2530,pep_msh_pep_m,2,02-11-15,20:11:26,14.5,29,M,Classic,"Pepperoni, Mushrooms, Green Peppers","The Pepperoni, Mushroom, and Peppers Pizza"
5715,2530,sicilian_s,1,02-11-15,20:11:26,12.25,12.25,S,Supreme,"Coarse Sicilian Salami, Tomatoes, Green Olives, Luganega Sausage, Onions, Garlic",The Sicilian Pizza
5716,2530,the_greek_l,1,02-11-15,20:11:26,20.5,20.5,L,Classic,"Kalamata Olives, Feta Cheese, Tomatoes, Garlic, Beef Chuck Roast, Red Onions",The Greek Pizza
5717,2531,pep_msh_pep_s,1,02-11-15,20:22:03,11,11,S,Classic,"Pepperoni, Mushrooms, Green Peppers","The Pepperoni, Mushroom, and Peppers Pizza"
5718,2531,sicilian_m,1,02-11-15,20:22:03,16.25,16.25,M,Supreme,"Coarse Sicilian Salami, Tomatoes, Green Olives, Luganega Sausage, Onions, Garlic",The Sicilian Pizza
5719,2532,hawaiian_s,1,02-11-15,20:33:15,10.5,10.5,S,Classic,"Sliced Ham, Pineapple, Mozzarella Cheese",The Hawaiian Pizza
